{
  "type": "FeatureCollection",
  "name": "taipei-neihu",
  "source_crs": "TWD97 / TM2 zone 121",
  "target_crs": "EPSG:4326",
  "source_dataset": "臺北市區界圖",
  "source_dataset_url": "https://data.taipei/dataset/detail?id=1601ef3a-c253-4988-b047-943d9e786143",
  "source_resource_url": "https://data.taipei/api/frontstage/tpeod/dataset/resource.download?rid=d8b7eb29-136f-49fc-b14b-3489d3656122",
  "verified_at": "2026-09-04",
  "features": [
    {
      "type": "Feature",
      "properties": {
        "county": "臺北市",
        "district": "內湖區",
        "district_code": "6301000",
        "source_field": "TNAME=內湖區",
        "source_crs": "TWD97 / TM2 zone 121",
        "target_crs": "EPSG:4326",
        "source_snapshot_date": "2024-09-16"
      },
      "geometry": {
        "type": "Polygon",
        "coordinates": [
          [
            [
              121.5955974,
              25.1141385
            ],
            [
              121.5955886,
              25.1141368
            ],
            [
              121.595572,
              25.1141309
            ],
            [
              121.5955568,
              25.1141224
            ],
            [
              121.5955435,
              25.1141117
            ],
            [
              121.5955324,
              25.114099
            ],
            [
              121.5955239,
              25.1140848
            ],
            [
              121.5955183,
              25.1140695
            ],
            [
              121.5955156,
              25.1140534
            ],
            [
              121.5955161,
              25.1140373
            ],
            [
              121.5955192,
              25.1140227
            ],
            [
              121.5955191,
              25.1139997
            ],
            [
              121.5955145,
              25.113977
            ],
            [
              121.5955058,
              25.1139555
            ],
            [
              121.595493,
              25.1139356
            ],
            [
              121.5954908,
              25.1139329
            ],
            [
              121.5954598,
              25.1138522
            ],
            [
              121.5954536,
              25.1138274
            ],
            [
              121.5954273,
              25.1137596
            ],
            [
              121.5953886,
              25.113697
            ],
            [
              121.5953666,
              25.1136703
            ],
            [
              121.5953531,
              25.1136542
            ],
            [
              121.5953429,
              25.1136362
            ],
            [
              121.5953362,
              25.1136168
            ],
            [
              121.5953334,
              25.1135967
            ],
            [
              121.5953344,
              25.1135765
            ],
            [
              121.5953385,
              25.113559
            ],
            [
              121.5953499,
              25.1135163
            ],
            [
              121.595353,
              25.1134723
            ],
            [
              121.595352,
              25.1134555
            ],
            [
              121.5953473,
              25.1134304
            ],
            [
              121.5953475,
              25.1134049
            ],
            [
              121.5953526,
              25.1133798
            ],
            [
              121.5953624,
              25.113356
            ],
            [
              121.5953663,
              25.113349
            ],
            [
              121.5953662,
              25.1133327
            ],
            [
              121.5953693,
              25.1133167
            ],
            [
              121.5953754,
              25.1133014
            ],
            [
              121.5953844,
              25.1132872
            ],
            [
              121.5953958,
              25.1132747
            ],
            [
              121.5954095,
              25.1132643
            ],
            [
              121.595425,
              25.1132561
            ],
            [
              121.5954418,
              25.1132505
            ],
            [
              121.5954533,
              25.1132483
            ],
            [
              121.5954723,
              25.1132477
            ],
            [
              121.5954908,
              25.113244
            ],
            [
              121.5955083,
              25.1132375
            ],
            [
              121.5955244,
              25.1132284
            ],
            [
              121.5955384,
              25.1132168
            ],
            [
              121.5955501,
              25.1132032
            ],
            [
              121.5955589,
              25.1131879
            ],
            [
              121.5955597,
              25.1131861
            ],
            [
              121.5956396,
              25.1130571
            ],
            [
              121.5957428,
              25.1129428
            ],
            [
              121.5958662,
              25.1128464
            ],
            [
              121.5958686,
              25.1128449
            ],
            [
              121.5960669,
              25.1126648
            ],
            [
              121.5962071,
              25.112488
            ],
            [
              121.5962227,
              25.112477
            ],
            [
              121.5962359,
              25.1124637
            ],
            [
              121.5962463,
              25.1124486
            ],
            [
              121.5962538,
              25.112432
            ],
            [
              121.5962579,
              25.1124145
            ],
            [
              121.5962587,
              25.1123966
            ],
            [
              121.5962565,
              25.1123812
            ],
            [
              121.5962806,
              25.1122646
            ],
            [
              121.5963025,
              25.1121477
            ],
            [
              121.5963141,
              25.1120803
            ],
            [
              121.596321,
              25.1120187
            ],
            [
              121.5963291,
              25.1119572
            ],
            [
              121.5963384,
              25.1118958
            ],
            [
              121.5963489,
              25.1118346
            ],
            [
              121.5963605,
              25.1117735
            ],
            [
              121.5963715,
              25.1117211
            ],
            [
              121.5963822,
              25.1117071
            ],
            [
              121.5963901,
              25.1116916
            ],
            [
              121.596395,
              25.111675
            ],
            [
              121.5963966,
              25.111658
            ],
            [
              121.5963952,
              25.1116424
            ],
            [
              121.5964075,
              25.1115947
            ],
            [
              121.5964288,
              25.1115496
            ],
            [
              121.5964483,
              25.1115208
            ],
            [
              121.5964814,
              25.1114581
            ],
            [
              121.596502,
              25.111391
            ],
            [
              121.5965086,
              25.1113433
            ],
            [
              121.5965168,
              25.1113063
            ],
            [
              121.5965257,
              25.1112694
            ],
            [
              121.5965353,
              25.1112326
            ],
            [
              121.5965442,
              25.1112008
            ],
            [
              121.5965499,
              25.1111767
            ],
            [
              121.596556,
              25.1111527
            ],
            [
              121.5965626,
              25.1111288
            ],
            [
              121.5965697,
              25.111105
            ],
            [
              121.5965772,
              25.1110813
            ],
            [
              121.5965851,
              25.1110578
            ],
            [
              121.5965935,
              25.1110344
            ],
            [
              121.5965947,
              25.1110313
            ],
            [
              121.5966043,
              25.1110038
            ],
            [
              121.596619,
              25.1109782
            ],
            [
              121.5966384,
              25.1109554
            ],
            [
              121.5966618,
              25.110936
            ],
            [
              121.5966678,
              25.110932
            ],
            [
              121.596719,
              25.1108948
            ],
            [
              121.5967623,
              25.1108501
            ],
            [
              121.5967964,
              25.1107993
            ],
            [
              121.596811,
              25.1107689
            ],
            [
              121.5968409,
              25.1107184
            ],
            [
              121.59686,
              25.1106943
            ],
            [
              121.5969125,
              25.1105697
            ],
            [
              121.5969363,
              25.1104684
            ],
            [
              121.5970013,
              25.110235
            ],
            [
              121.5970061,
              25.1102063
            ],
            [
              121.5970292,
              25.1100863
            ],
            [
              121.5970685,
              25.1099846
            ],
            [
              121.5971396,
              25.1098314
            ],
            [
              121.5971657,
              25.1097568
            ],
            [
              121.5972057,
              25.1096874
            ],
            [
              121.5972582,
              25.1096254
            ],
            [
              121.5973218,
              25.1095727
            ],
            [
              121.5973255,
              25.1095702
            ],
            [
              121.5974364,
              25.1094962
            ],
            [
              121.5975554,
              25.1094425
            ],
            [
              121.5977225,
              25.1093711
            ],
            [
              121.5978395,
              25.1092994
            ],
            [
              121.5978888,
              25.1092751
            ],
            [
              121.5979326,
              25.1092434
            ],
            [
              121.5979697,
              25.1092052
            ],
            [
              121.5979941,
              25.1091703
            ],
            [
              121.5980111,
              25.1091404
            ],
            [
              121.5980335,
              25.1091135
            ],
            [
              121.5980607,
              25.1090906
            ],
            [
              121.5980918,
              25.1090724
            ],
            [
              121.598126,
              25.1090594
            ],
            [
              121.5981621,
              25.1090519
            ],
            [
              121.5981991,
              25.1090503
            ],
            [
              121.5982097,
              25.109051
            ],
            [
              121.5983062,
              25.109023
            ],
            [
              121.5984021,
              25.1089935
            ],
            [
              121.5984975,
              25.1089625
            ],
            [
              121.5985922,
              25.10893
            ],
            [
              121.5986116,
              25.1089231
            ],
            [
              121.5986521,
              25.108905
            ],
            [
              121.5986955,
              25.1088936
            ],
            [
              121.5987404,
              25.1088891
            ],
            [
              121.5987855,
              25.1088919
            ],
            [
              121.5988128,
              25.1088971
            ],
            [
              121.5988411,
              25.1089046
            ],
            [
              121.5991512,
              25.1089777
            ],
            [
              121.5991754,
              25.1089741
            ],
            [
              121.5991843,
              25.1089655
            ],
            [
              121.5992361,
              25.1085974
            ],
            [
              121.5993111,
              25.1084507
            ],
            [
              121.5993483,
              25.1084062
            ],
            [
              121.5993918,
              25.1083541
            ],
            [
              121.5995582,
              25.1083031
            ],
            [
              121.599661,
              25.1082936
            ],
            [
              121.5998709,
              25.1083457
            ],
            [
              121.5999178,
              25.1083808
            ],
            [
              121.6000312,
              25.1085123
            ],
            [
              121.6001177,
              25.1085025
            ],
            [
              121.6004442,
              25.1083782
            ],
            [
              121.6005988,
              25.1083456
            ],
            [
              121.6007209,
              25.108332
            ],
            [
              121.6009214,
              25.1082776
            ],
            [
              121.6010777,
              25.1083358
            ],
            [
              121.601208,
              25.1084227
            ],
            [
              121.6015379,
              25.1084683
            ],
            [
              121.6019149,
              25.1084203
            ],
            [
              121.602028,
              25.1083821
            ],
            [
              121.60224,
              25.1082738
            ],
            [
              121.6024072,
              25.1082369
            ],
            [
              121.6030258,
              25.1081074
            ],
            [
              121.6031044,
              25.108052
            ],
            [
              121.6033752,
              25.1078577
            ],
            [
              121.6034367,
              25.1078474
            ],
            [
              121.6037391,
              25.1077904
            ],
            [
              121.6039312,
              25.1077173
            ],
            [
              121.6041603,
              25.1075878
            ],
            [
              121.6044417,
              25.1074908
            ],
            [
              121.6046124,
              25.1074568
            ],
            [
              121.6055626,
              25.1074055
            ],
            [
              121.605632,
              25.1073615
            ],
            [
              121.6058031,
              25.1072267
            ],
            [
              121.6059068,
              25.1072139
            ],
            [
              121.605999,
              25.1072223
            ],
            [
              121.6061522,
              25.1071751
            ],
            [
              121.6064651,
              25.1070398
            ],
            [
              121.6065668,
              25.1070279
            ],
            [
              121.6067593,
              25.1070751
            ],
            [
              121.6071078,
              25.1072115
            ],
            [
              121.6072006,
              25.1072682
            ],
            [
              121.607311,
              25.1072819
            ],
            [
              121.6075246,
              25.1072326
            ],
            [
              121.6082842,
              25.1072289
            ],
            [
              121.6083104,
              25.1071838
            ],
            [
              121.6082347,
              25.1070305
            ],
            [
              121.6081721,
              25.1068095
            ],
            [
              121.6081604,
              25.106707
            ],
            [
              121.6081786,
              25.1066341
            ],
            [
              121.6088227,
              25.1059411
            ],
            [
              121.6089732,
              25.1057885
            ],
            [
              121.6090737,
              25.1057222
            ],
            [
              121.6091739,
              25.1056772
            ],
            [
              121.6094647,
              25.1056958
            ],
            [
              121.6095379,
              25.105701
            ],
            [
              121.6096964,
              25.1056191
            ],
            [
              121.6101216,
              25.1052856
            ],
            [
              121.6102096,
              25.1051924
            ],
            [
              121.6103118,
              25.1050784
            ],
            [
              121.610365,
              25.1050368
            ],
            [
              121.6108467,
              25.1049634
            ],
            [
              121.6110425,
              25.1049336
            ],
            [
              121.6111544,
              25.1048947
            ],
            [
              121.611294,
              25.1047857
            ],
            [
              121.6114403,
              25.1047108
            ],
            [
              121.6116508,
              25.1046372
            ],
            [
              121.6118386,
              25.1045796
            ],
            [
              121.6120042,
              25.1045331
            ],
            [
              121.6123519,
              25.1045169
            ],
            [
              121.6127733,
              25.1045243
            ],
            [
              121.6131756,
              25.1045756
            ],
            [
              121.613325,
              25.1045796
            ],
            [
              121.6134117,
              25.1045775
            ],
            [
              121.6134824,
              25.1045558
            ],
            [
              121.6135141,
              25.1045007
            ],
            [
              121.6135188,
              25.1044889
            ],
            [
              121.6135415,
              25.1044681
            ],
            [
              121.6135998,
              25.1044544
            ],
            [
              121.6136309,
              25.1044446
            ],
            [
              121.6136351,
              25.1044414
            ],
            [
              121.6136436,
              25.1044366
            ],
            [
              121.6136529,
              25.1044314
            ],
            [
              121.6136621,
              25.1044279
            ],
            [
              121.6136724,
              25.1044221
            ],
            [
              121.6136819,
              25.1044165
            ],
            [
              121.6136907,
              25.1044109
            ],
            [
              121.6137008,
              25.1044055
            ],
            [
              121.6137101,
              25.1044011
            ],
            [
              121.6137208,
              25.1043982
            ],
            [
              121.613731,
              25.104397
            ],
            [
              121.6137411,
              25.1043927
            ],
            [
              121.6137515,
              25.1043889
            ],
            [
              121.6137603,
              25.1043843
            ],
            [
              121.6137696,
              25.1043798
            ],
            [
              121.6137795,
              25.1043758
            ],
            [
              121.6137914,
              25.1043731
            ],
            [
              121.6138013,
              25.1043689
            ],
            [
              121.6138134,
              25.1043648
            ],
            [
              121.6138253,
              25.1043619
            ],
            [
              121.6138385,
              25.1043589
            ],
            [
              121.6138476,
              25.104355
            ],
            [
              121.6138586,
              25.1043534
            ],
            [
              121.6138682,
              25.1043511
            ],
            [
              121.6138774,
              25.1043475
            ],
            [
              121.6138868,
              25.1043442
            ],
            [
              121.6138984,
              25.1043402
            ],
            [
              121.6139136,
              25.104333
            ],
            [
              121.613924,
              25.1043297
            ],
            [
              121.6139341,
              25.1043254
            ],
            [
              121.6139427,
              25.1043201
            ],
            [
              121.6139537,
              25.1043138
            ],
            [
              121.6139655,
              25.1043075
            ],
            [
              121.6139748,
              25.1043016
            ],
            [
              121.613985,
              25.1042953
            ],
            [
              121.6139938,
              25.1042886
            ],
            [
              121.6140035,
              25.1042824
            ],
            [
              121.6140136,
              25.1042763
            ],
            [
              121.6140236,
              25.10427
            ],
            [
              121.6140316,
              25.104264
            ],
            [
              121.6140399,
              25.1042585
            ],
            [
              121.6140524,
              25.1042519
            ],
            [
              121.6140624,
              25.1042456
            ],
            [
              121.6140719,
              25.1042388
            ],
            [
              121.6140822,
              25.1042337
            ],
            [
              121.6140913,
              25.1042293
            ],
            [
              121.6141002,
              25.1042248
            ],
            [
              121.6141095,
              25.1042199
            ],
            [
              121.6141183,
              25.1042148
            ],
            [
              121.6141276,
              25.1042097
            ],
            [
              121.6141373,
              25.1042064
            ],
            [
              121.6141484,
              25.1042021
            ],
            [
              121.6141582,
              25.1041968
            ],
            [
              121.6141703,
              25.1041925
            ],
            [
              121.6141811,
              25.1041871
            ],
            [
              121.6141912,
              25.1041824
            ],
            [
              121.6142015,
              25.1041777
            ],
            [
              121.6142112,
              25.1041746
            ],
            [
              121.6142218,
              25.104171
            ],
            [
              121.6142311,
              25.1041663
            ],
            [
              121.6142445,
              25.1041618
            ],
            [
              121.6142563,
              25.1041573
            ],
            [
              121.6142663,
              25.1041551
            ],
            [
              121.6142782,
              25.1041531
            ],
            [
              121.6142896,
              25.1041506
            ],
            [
              121.6142996,
              25.1041489
            ],
            [
              121.6143115,
              25.104146
            ],
            [
              121.6143223,
              25.1041451
            ],
            [
              121.6143363,
              25.1041451
            ],
            [
              121.6143463,
              25.1041441
            ],
            [
              121.6143574,
              25.1041453
            ],
            [
              121.6143697,
              25.1041451
            ],
            [
              121.6143804,
              25.1041443
            ],
            [
              121.6143927,
              25.1041441
            ],
            [
              121.6144042,
              25.1041437
            ],
            [
              121.6144165,
              25.1041437
            ],
            [
              121.6144324,
              25.104145
            ],
            [
              121.6144437,
              25.1041455
            ],
            [
              121.6144544,
              25.1041442
            ],
            [
              121.6144649,
              25.1041427
            ],
            [
              121.6144759,
              25.1041416
            ],
            [
              121.6144881,
              25.104141
            ],
            [
              121.6145026,
              25.1041395
            ],
            [
              121.6145171,
              25.104139
            ],
            [
              121.6145285,
              25.1041396
            ],
            [
              121.614542,
              25.1041402
            ],
            [
              121.6145545,
              25.1041396
            ],
            [
              121.6145659,
              25.1041403
            ],
            [
              121.6145784,
              25.1041394
            ],
            [
              121.6145889,
              25.10414
            ],
            [
              121.6146,
              25.1041401
            ],
            [
              121.614613,
              25.1041398
            ],
            [
              121.6146255,
              25.1041399
            ],
            [
              121.6147317,
              25.1041366
            ],
            [
              121.6147427,
              25.1041355
            ],
            [
              121.6147549,
              25.1041335
            ],
            [
              121.6147659,
              25.1041327
            ],
            [
              121.6147776,
              25.1041307
            ],
            [
              121.6147908,
              25.1041275
            ],
            [
              121.6148012,
              25.1041257
            ],
            [
              121.6148115,
              25.1041254
            ],
            [
              121.6148212,
              25.1041228
            ],
            [
              121.6148368,
              25.1041192
            ],
            [
              121.6148501,
              25.1041174
            ],
            [
              121.6148625,
              25.1041152
            ],
            [
              121.6148749,
              25.1041124
            ],
            [
              121.6148921,
              25.1041096
            ],
            [
              121.6149031,
              25.1041078
            ],
            [
              121.6149133,
              25.1041065
            ],
            [
              121.614925,
              25.1041048
            ],
            [
              121.6149367,
              25.1041023
            ],
            [
              121.6149483,
              25.1040985
            ],
            [
              121.6149582,
              25.1040956
            ],
            [
              121.6149684,
              25.1040921
            ],
            [
              121.6149783,
              25.1040887
            ],
            [
              121.61499,
              25.1040865
            ],
            [
              121.6150004,
              25.1040857
            ],
            [
              121.6150114,
              25.1040833
            ],
            [
              121.6150242,
              25.1040811
            ],
            [
              121.6152641,
              25.1039113
            ],
            [
              121.6154296,
              25.1037802
            ],
            [
              121.6155546,
              25.1035769
            ],
            [
              121.6157253,
              25.1033085
            ],
            [
              121.6159872,
              25.1031814
            ],
            [
              121.6161506,
              25.1029901
            ],
            [
              121.6163045,
              25.1027793
            ],
            [
              121.6163362,
              25.1026207
            ],
            [
              121.6164479,
              25.1024672
            ],
            [
              121.6166331,
              25.1022778
            ],
            [
              121.6166858,
              25.1019892
            ],
            [
              121.6166554,
              25.1018212
            ],
            [
              121.6166728,
              25.1016951
            ],
            [
              121.6168092,
              25.1016233
            ],
            [
              121.6170978,
              25.1014905
            ],
            [
              121.6171968,
              25.1012938
            ],
            [
              121.6172813,
              25.1010908
            ],
            [
              121.617494,
              25.1010129
            ],
            [
              121.61778,
              25.1008752
            ],
            [
              121.6179941,
              25.1008215
            ],
            [
              121.6182167,
              25.1006091
            ],
            [
              121.6184322,
              25.1005412
            ],
            [
              121.6185862,
              25.1003207
            ],
            [
              121.6187109,
              25.1001432
            ],
            [
              121.6191124,
              25.0998795
            ],
            [
              121.6196634,
              25.0994528
            ],
            [
              121.6199417,
              25.0992535
            ],
            [
              121.6202638,
              25.0990713
            ],
            [
              121.6202832,
              25.0990558
            ],
            [
              121.6203061,
              25.0990375
            ],
            [
              121.6203171,
              25.0990312
            ],
            [
              121.6203263,
              25.0990262
            ],
            [
              121.6203344,
              25.0990207
            ],
            [
              121.620356,
              25.0989998
            ],
            [
              121.620363,
              25.0989898
            ],
            [
              121.6203682,
              25.0989796
            ],
            [
              121.6203739,
              25.0989706
            ],
            [
              121.6203764,
              25.0989645
            ],
            [
              121.620382,
              25.0989518
            ],
            [
              121.620386,
              25.0989443
            ],
            [
              121.6203915,
              25.0989317
            ],
            [
              121.6203955,
              25.0989215
            ],
            [
              121.620399,
              25.0989167
            ],
            [
              121.620402,
              25.0989075
            ],
            [
              121.620407,
              25.0988973
            ],
            [
              121.620413,
              25.0988887
            ],
            [
              121.6204176,
              25.0988802
            ],
            [
              121.6204246,
              25.0988692
            ],
            [
              121.6204321,
              25.0988587
            ],
            [
              121.6204376,
              25.0988511
            ],
            [
              121.6204478,
              25.0988397
            ],
            [
              121.6204908,
              25.0988042
            ],
            [
              121.6204983,
              25.0987969
            ],
            [
              121.6205066,
              25.0987894
            ],
            [
              121.6205183,
              25.0987797
            ],
            [
              121.6205282,
              25.098774
            ],
            [
              121.6205368,
              25.0987692
            ],
            [
              121.6205486,
              25.0987632
            ],
            [
              121.6205562,
              25.0987565
            ],
            [
              121.6205658,
              25.0987512
            ],
            [
              121.6205777,
              25.0987462
            ],
            [
              121.6205868,
              25.0987405
            ],
            [
              121.6205982,
              25.098737
            ],
            [
              121.620614,
              25.0987335
            ],
            [
              121.6206225,
              25.0987323
            ],
            [
              121.6206518,
              25.0987292
            ],
            [
              121.6206636,
              25.0987293
            ],
            [
              121.6206733,
              25.0987272
            ],
            [
              121.6206835,
              25.098727
            ],
            [
              121.6206993,
              25.0987261
            ],
            [
              121.6207101,
              25.0987258
            ],
            [
              121.6207235,
              25.0987241
            ],
            [
              121.6207383,
              25.0987241
            ],
            [
              121.6207465,
              25.0987241
            ],
            [
              121.6207566,
              25.0987237
            ],
            [
              121.6207686,
              25.0987238
            ],
            [
              121.6207819,
              25.0987246
            ],
            [
              121.6207962,
              25.0987256
            ],
            [
              121.6208075,
              25.0987251
            ],
            [
              121.620819,
              25.0987252
            ],
            [
              121.6208306,
              25.0987263
            ],
            [
              121.6208424,
              25.0987271
            ],
            [
              121.6208562,
              25.0987288
            ],
            [
              121.6208667,
              25.0987292
            ],
            [
              121.6208782,
              25.098728
            ],
            [
              121.620941,
              25.0987325
            ],
            [
              121.6210075,
              25.0987388
            ],
            [
              121.6210696,
              25.0987442
            ],
            [
              121.6210804,
              25.0987441
            ],
            [
              121.6210909,
              25.0987436
            ],
            [
              121.6211215,
              25.0987426
            ],
            [
              121.6211597,
              25.0987339
            ],
            [
              121.6211806,
              25.0987216
            ],
            [
              121.6211895,
              25.098717
            ],
            [
              121.6211966,
              25.0987102
            ],
            [
              121.6212056,
              25.0987022
            ],
            [
              121.6212124,
              25.098695
            ],
            [
              121.6212207,
              25.0986877
            ],
            [
              121.6212299,
              25.0986765
            ],
            [
              121.6212351,
              25.0986683
            ],
            [
              121.6212414,
              25.0986611
            ],
            [
              121.6212464,
              25.098653
            ],
            [
              121.6212763,
              25.0985914
            ],
            [
              121.6212816,
              25.0985831
            ],
            [
              121.6212868,
              25.0985727
            ],
            [
              121.6212925,
              25.0985634
            ],
            [
              121.6213007,
              25.0985533
            ],
            [
              121.6213062,
              25.0985452
            ],
            [
              121.6213117,
              25.0985359
            ],
            [
              121.6213177,
              25.0985271
            ],
            [
              121.6213251,
              25.0985168
            ],
            [
              121.6213309,
              25.0985082
            ],
            [
              121.6213361,
              25.0984996
            ],
            [
              121.6213421,
              25.098491
            ],
            [
              121.6213471,
              25.0984813
            ],
            [
              121.6213534,
              25.0984736
            ],
            [
              121.6213588,
              25.0984641
            ],
            [
              121.6213654,
              25.0984559
            ],
            [
              121.6213729,
              25.0984425
            ],
            [
              121.6213802,
              25.0984334
            ],
            [
              121.6213862,
              25.0984248
            ],
            [
              121.621394,
              25.0984177
            ],
            [
              121.6214005,
              25.09841
            ],
            [
              121.621407,
              25.0984028
            ],
            [
              121.6214151,
              25.0983955
            ],
            [
              121.6214227,
              25.0983891
            ],
            [
              121.62143,
              25.098383
            ],
            [
              121.6214462,
              25.0983727
            ],
            [
              121.621466,
              25.0983578
            ],
            [
              121.6214771,
              25.0983523
            ],
            [
              121.6214866,
              25.0983491
            ],
            [
              121.6214949,
              25.0983441
            ],
            [
              121.6215033,
              25.0983386
            ],
            [
              121.6215121,
              25.0983324
            ],
            [
              121.6215209,
              25.0983265
            ],
            [
              121.62153,
              25.0983198
            ],
            [
              121.6215383,
              25.0983132
            ],
            [
              121.6215481,
              25.0983063
            ],
            [
              121.6215569,
              25.0982988
            ],
            [
              121.6215652,
              25.0982926
            ],
            [
              121.621573,
              25.0982849
            ],
            [
              121.6215828,
              25.0982785
            ],
            [
              121.6215886,
              25.0982706
            ],
            [
              121.6215921,
              25.0982618
            ],
            [
              121.6215966,
              25.0982528
            ],
            [
              121.6215988,
              25.0982494
            ],
            [
              121.6216021,
              25.0982444
            ],
            [
              121.621607,
              25.0982349
            ],
            [
              121.6216128,
              25.0982258
            ],
            [
              121.6216175,
              25.0982175
            ],
            [
              121.6216228,
              25.0982085
            ],
            [
              121.621629,
              25.0981996
            ],
            [
              121.6216352,
              25.0981899
            ],
            [
              121.6216405,
              25.0981819
            ],
            [
              121.621645,
              25.0981734
            ],
            [
              121.6216513,
              25.0981657
            ],
            [
              121.6216573,
              25.098158
            ],
            [
              121.6216633,
              25.0981503
            ],
            [
              121.6216696,
              25.0981424
            ],
            [
              121.6216773,
              25.0981344
            ],
            [
              121.6216851,
              25.0981257
            ],
            [
              121.6216951,
              25.0981163
            ],
            [
              121.6217048,
              25.0981076
            ],
            [
              121.6217121,
              25.0981004
            ],
            [
              121.6217192,
              25.0980933
            ],
            [
              121.6217262,
              25.0980865
            ],
            [
              121.6217335,
              25.0980795
            ],
            [
              121.6217415,
              25.0980715
            ],
            [
              121.6217485,
              25.0980631
            ],
            [
              121.6217563,
              25.0980551
            ],
            [
              121.6217633,
              25.0980465
            ],
            [
              121.6217703,
              25.0980388
            ],
            [
              121.6217766,
              25.0980313
            ],
            [
              121.6217837,
              25.0980249
            ],
            [
              121.6217904,
              25.0980161
            ],
            [
              121.6217982,
              25.0980079
            ],
            [
              121.6218052,
              25.0980004
            ],
            [
              121.6218117,
              25.0979918
            ],
            [
              121.6218187,
              25.0979831
            ],
            [
              121.6218257,
              25.0979743
            ],
            [
              121.621832,
              25.0979673
            ],
            [
              121.6218405,
              25.0979588
            ],
            [
              121.6218478,
              25.0979513
            ],
            [
              121.6218569,
              25.0979447
            ],
            [
              121.6218658,
              25.0979353
            ],
            [
              121.6218748,
              25.0979259
            ],
            [
              121.6218816,
              25.0979184
            ],
            [
              121.6218886,
              25.097911
            ],
            [
              121.6218972,
              25.0979041
            ],
            [
              121.6219047,
              25.0978959
            ],
            [
              121.621915,
              25.0978874
            ],
            [
              121.6219223,
              25.0978808
            ],
            [
              121.6219313,
              25.0978724
            ],
            [
              121.6219396,
              25.0978658
            ],
            [
              121.6219476,
              25.0978576
            ],
            [
              121.6219544,
              25.0978508
            ],
            [
              121.6219607,
              25.0978433
            ],
            [
              121.6219675,
              25.097836
            ],
            [
              121.6219728,
              25.0978284
            ],
            [
              121.621979,
              25.0978188
            ],
            [
              121.621985,
              25.0978095
            ],
            [
              121.6219923,
              25.0977968
            ],
            [
              121.6220033,
              25.0977707
            ],
            [
              121.6220058,
              25.0977619
            ],
            [
              121.6220077,
              25.0977507
            ],
            [
              121.6220097,
              25.0977413
            ],
            [
              121.6220121,
              25.0977321
            ],
            [
              121.6220141,
              25.0977224
            ],
            [
              121.6220166,
              25.0977135
            ],
            [
              121.6220198,
              25.0977042
            ],
            [
              121.622023,
              25.0976953
            ],
            [
              121.6220252,
              25.0976847
            ],
            [
              121.6220277,
              25.0976757
            ],
            [
              121.6220306,
              25.0976647
            ],
            [
              121.6220341,
              25.0976552
            ],
            [
              121.622037,
              25.0976458
            ],
            [
              121.6220397,
              25.0976361
            ],
            [
              121.6220437,
              25.0976269
            ],
            [
              121.6220471,
              25.0976161
            ],
            [
              121.6220498,
              25.0976066
            ],
            [
              121.6220518,
              25.0975972
            ],
            [
              121.6220548,
              25.0975882
            ],
            [
              121.6220593,
              25.0975787
            ],
            [
              121.622063,
              25.09757
            ],
            [
              121.6220659,
              25.0975596
            ],
            [
              121.6220687,
              25.0975509
            ],
            [
              121.6220716,
              25.0975414
            ],
            [
              121.6220761,
              25.0975303
            ],
            [
              121.62208,
              25.0975115
            ],
            [
              121.6220807,
              25.0975017
            ],
            [
              121.6220821,
              25.0974902
            ],
            [
              121.6220833,
              25.0974811
            ],
            [
              121.6220838,
              25.0974712
            ],
            [
              121.6220852,
              25.0974623
            ],
            [
              121.6220867,
              25.0974533
            ],
            [
              121.6220891,
              25.0974423
            ],
            [
              121.622091,
              25.0974315
            ],
            [
              121.6220938,
              25.0974223
            ],
            [
              121.6220949,
              25.0974118
            ],
            [
              121.6220982,
              25.0974023
            ],
            [
              121.6221011,
              25.0973927
            ],
            [
              121.622104,
              25.0973821
            ],
            [
              121.6221068,
              25.0973731
            ],
            [
              121.62211,
              25.0973641
            ],
            [
              121.6221127,
              25.0973554
            ],
            [
              121.6221169,
              25.0973445
            ],
            [
              121.6221215,
              25.0973318
            ],
            [
              121.6221255,
              25.0973226
            ],
            [
              121.6221305,
              25.0973133
            ],
            [
              121.6221345,
              25.0973048
            ],
            [
              121.6221385,
              25.0972962
            ],
            [
              121.6221435,
              25.0972876
            ],
            [
              121.6221499,
              25.0972786
            ],
            [
              121.6221567,
              25.0972699
            ],
            [
              121.6221652,
              25.097261
            ],
            [
              121.622172,
              25.0972535
            ],
            [
              121.6221793,
              25.0972474
            ],
            [
              121.6221869,
              25.0972408
            ],
            [
              121.6221954,
              25.097234
            ],
            [
              121.622204,
              25.0972278
            ],
            [
              121.6222135,
              25.0972205
            ],
            [
              121.6222236,
              25.097215
            ],
            [
              121.622231,
              25.0972088
            ],
            [
              121.6222424,
              25.0972053
            ],
            [
              121.6222528,
              25.0972014
            ],
            [
              121.6222625,
              25.0971993
            ],
            [
              121.6222737,
              25.0971972
            ],
            [
              121.6222859,
              25.0971948
            ],
            [
              121.6222964,
              25.0971927
            ],
            [
              121.6223088,
              25.0971903
            ],
            [
              121.6223198,
              25.0971898
            ],
            [
              121.622331,
              25.0971879
            ],
            [
              121.622341,
              25.0971874
            ],
            [
              121.622355,
              25.097185
            ],
            [
              121.6223692,
              25.0971839
            ],
            [
              121.6223842,
              25.097182
            ],
            [
              121.6223974,
              25.09718
            ],
            [
              121.6224082,
              25.0971786
            ],
            [
              121.6224204,
              25.0971769
            ],
            [
              121.6224306,
              25.0971748
            ],
            [
              121.6224436,
              25.097174
            ],
            [
              121.6224548,
              25.0971728
            ],
            [
              121.6224683,
              25.0971713
            ],
            [
              121.622479,
              25.0971699
            ],
            [
              121.6224895,
              25.0971687
            ],
            [
              121.6225023,
              25.0971686
            ],
            [
              121.6225123,
              25.097169
            ],
            [
              121.6225236,
              25.0971694
            ],
            [
              121.6225338,
              25.0971682
            ],
            [
              121.6225451,
              25.0971679
            ],
            [
              121.6225586,
              25.0971671
            ],
            [
              121.6225734,
              25.0971667
            ],
            [
              121.6225839,
              25.0971671
            ],
            [
              121.6225954,
              25.097167
            ],
            [
              121.6226062,
              25.0971663
            ],
            [
              121.6226179,
              25.0971655
            ],
            [
              121.6226284,
              25.0971627
            ],
            [
              121.62264,
              25.0971583
            ],
            [
              121.6226519,
              25.0971534
            ],
            [
              121.6226655,
              25.097148
            ],
            [
              121.6226746,
              25.0971437
            ],
            [
              121.6227085,
              25.0971206
            ],
            [
              121.6227178,
              25.0971138
            ],
            [
              121.6227271,
              25.0971069
            ],
            [
              121.6227347,
              25.097101
            ],
            [
              121.622744,
              25.0970948
            ],
            [
              121.6227563,
              25.0970867
            ],
            [
              121.6227651,
              25.0970808
            ],
            [
              121.6227745,
              25.0970764
            ],
            [
              121.6227841,
              25.0970718
            ],
            [
              121.6227947,
              25.0970665
            ],
            [
              121.6228034,
              25.0970615
            ],
            [
              121.6228127,
              25.0970576
            ],
            [
              121.6228235,
              25.0970491
            ],
            [
              121.6228324,
              25.097045
            ],
            [
              121.622841,
              25.0970393
            ],
            [
              121.6228516,
              25.0970335
            ],
            [
              121.6228637,
              25.0970286
            ],
            [
              121.6228746,
              25.0970231
            ],
            [
              121.6228857,
              25.0970182
            ],
            [
              121.6228953,
              25.0970134
            ],
            [
              121.6229202,
              25.0970004
            ],
            [
              121.6229582,
              25.0969796
            ],
            [
              121.6229668,
              25.096975
            ],
            [
              121.6229754,
              25.0969682
            ],
            [
              121.6229845,
              25.0969623
            ],
            [
              121.6229926,
              25.096956
            ],
            [
              121.6230007,
              25.0969494
            ],
            [
              121.623007,
              25.0969417
            ],
            [
              121.6230163,
              25.0969353
            ],
            [
              121.6230234,
              25.096929
            ],
            [
              121.623031,
              25.0969224
            ],
            [
              121.6230393,
              25.0969166
            ],
            [
              121.6230476,
              25.0969084
            ],
            [
              121.6230542,
              25.0969014
            ],
            [
              121.6230635,
              25.0968932
            ],
            [
              121.6230698,
              25.0968857
            ],
            [
              121.6230769,
              25.0968789
            ],
            [
              121.6230897,
              25.0968636
            ],
            [
              121.6230958,
              25.0968559
            ],
            [
              121.6231033,
              25.0968496
            ],
            [
              121.6231107,
              25.096843
            ],
            [
              121.6231164,
              25.0968342
            ],
            [
              121.6231245,
              25.0968279
            ],
            [
              121.6231331,
              25.0968224
            ],
            [
              121.6231438,
              25.0968176
            ],
            [
              121.6231532,
              25.0968135
            ],
            [
              121.6231626,
              25.0968106
            ],
            [
              121.6231736,
              25.0968087
            ],
            [
              121.6231851,
              25.0968071
            ],
            [
              121.623195,
              25.0968062
            ],
            [
              121.623205,
              25.0968055
            ],
            [
              121.6232168,
              25.0968066
            ],
            [
              121.6232267,
              25.0968089
            ],
            [
              121.6232381,
              25.096813
            ],
            [
              121.6232492,
              25.0968185
            ],
            [
              121.6232599,
              25.0968235
            ],
            [
              121.6232695,
              25.0968283
            ],
            [
              121.62328,
              25.0968342
            ],
            [
              121.6232891,
              25.0968395
            ],
            [
              121.6232983,
              25.0968443
            ],
            [
              121.6233079,
              25.0968489
            ],
            [
              121.6233174,
              25.0968549
            ],
            [
              121.6233258,
              25.0968618
            ],
            [
              121.6233343,
              25.0968696
            ],
            [
              121.6233433,
              25.0968764
            ],
            [
              121.6233522,
              25.0968831
            ],
            [
              121.6233631,
              25.0968888
            ],
            [
              121.6233718,
              25.0968934
            ],
            [
              121.6233824,
              25.0968984
            ],
            [
              121.6233906,
              25.0969037
            ],
            [
              121.6233993,
              25.096909
            ],
            [
              121.6234072,
              25.0969145
            ],
            [
              121.6234158,
              25.0969198
            ],
            [
              121.6234243,
              25.0969262
            ],
            [
              121.6234337,
              25.0969318
            ],
            [
              121.6234449,
              25.0969386
            ],
            [
              121.6234533,
              25.0969439
            ],
            [
              121.6234643,
              25.0969507
            ],
            [
              121.623473,
              25.096956
            ],
            [
              121.6234829,
              25.0969638
            ],
            [
              121.6234918,
              25.0969684
            ],
            [
              121.6235017,
              25.0969736
            ],
            [
              121.623511,
              25.0969807
            ],
            [
              121.6235218,
              25.0969839
            ],
            [
              121.6235324,
              25.0969876
            ],
            [
              121.6235428,
              25.096991
            ],
            [
              121.623555,
              25.0969962
            ],
            [
              121.6235644,
              25.0970012
            ],
            [
              121.623576,
              25.0970046
            ],
            [
              121.6235876,
              25.0970076
            ],
            [
              121.6235987,
              25.0970114
            ],
            [
              121.6236093,
              25.0970135
            ],
            [
              121.6236199,
              25.097016
            ],
            [
              121.62363,
              25.0970183
            ],
            [
              121.62364,
              25.0970206
            ],
            [
              121.6236521,
              25.0970233
            ],
            [
              121.6236652,
              25.0970253
            ],
            [
              121.6236766,
              25.0970296
            ],
            [
              121.6236905,
              25.0970338
            ],
            [
              121.6237026,
              25.0970356
            ],
            [
              121.623715,
              25.0970401
            ],
            [
              121.623726,
              25.0970406
            ],
            [
              121.623737,
              25.0970403
            ],
            [
              121.6237483,
              25.0970396
            ],
            [
              121.6237592,
              25.0970378
            ],
            [
              121.6237694,
              25.097035
            ],
            [
              121.6237812,
              25.0970341
            ],
            [
              121.6237924,
              25.0970318
            ],
            [
              121.6238054,
              25.0970304
            ],
            [
              121.6238158,
              25.0970285
            ],
            [
              121.623829,
              25.0970264
            ],
            [
              121.6238432,
              25.0970231
            ],
            [
              121.6238552,
              25.0970213
            ],
            [
              121.6238656,
              25.0970192
            ],
            [
              121.6238764,
              25.0970178
            ],
            [
              121.6238871,
              25.0970155
            ],
            [
              121.6238978,
              25.0970132
            ],
            [
              121.6239087,
              25.0970102
            ],
            [
              121.6239217,
              25.0970065
            ],
            [
              121.6239625,
              25.0969887
            ],
            [
              121.6239721,
              25.0969837
            ],
            [
              121.623981,
              25.0969783
            ],
            [
              121.6239913,
              25.0969719
            ],
            [
              121.6239997,
              25.0969662
            ],
            [
              121.6240111,
              25.0969616
            ],
            [
              121.6240224,
              25.0969563
            ],
            [
              121.6240326,
              25.0969524
            ],
            [
              121.6240452,
              25.0969478
            ],
            [
              121.6240557,
              25.0969444
            ],
            [
              121.6240671,
              25.0969405
            ],
            [
              121.6240805,
              25.0969379
            ],
            [
              121.6240905,
              25.0969349
            ],
            [
              121.6241014,
              25.0969326
            ],
            [
              121.6241116,
              25.096929
            ],
            [
              121.6241218,
              25.0969258
            ],
            [
              121.6241319,
              25.0969228
            ],
            [
              121.6241521,
              25.0969192
            ],
            [
              121.6241644,
              25.0969178
            ],
            [
              121.6241766,
              25.0969161
            ],
            [
              121.6241868,
              25.0969152
            ],
            [
              121.6241968,
              25.0969138
            ],
            [
              121.6242096,
              25.0969131
            ],
            [
              121.6242206,
              25.0969124
            ],
            [
              121.6242311,
              25.0969122
            ],
            [
              121.6242411,
              25.0969113
            ],
            [
              121.6242524,
              25.0969119
            ],
            [
              121.6242659,
              25.0969121
            ],
            [
              121.6242767,
              25.0969125
            ],
            [
              121.624289,
              25.0969134
            ],
            [
              121.624299,
              25.0969136
            ],
            [
              121.624311,
              25.0969138
            ],
            [
              121.6243223,
              25.0969147
            ],
            [
              121.6243341,
              25.0969156
            ],
            [
              121.6243472,
              25.0969178
            ],
            [
              121.6243582,
              25.0969189
            ],
            [
              121.6243685,
              25.0969201
            ],
            [
              121.6243808,
              25.0969205
            ],
            [
              121.6243919,
              25.0969223
            ],
            [
              121.6244062,
              25.0969233
            ],
            [
              121.6244202,
              25.0969244
            ],
            [
              121.6244321,
              25.0969255
            ],
            [
              121.6244426,
              25.0969264
            ],
            [
              121.6244554,
              25.0969277
            ],
            [
              121.624467,
              25.0969293
            ],
            [
              121.624477,
              25.0969302
            ],
            [
              121.6244888,
              25.0969293
            ],
            [
              121.6245005,
              25.0969283
            ],
            [
              121.6245115,
              25.096929
            ],
            [
              121.6245236,
              25.0969299
            ],
            [
              121.6245364,
              25.0969316
            ],
            [
              121.6245464,
              25.0969323
            ],
            [
              121.6245591,
              25.0969359
            ],
            [
              121.6245717,
              25.0969388
            ],
            [
              121.6245823,
              25.096942
            ],
            [
              121.6245926,
              25.0969448
            ],
            [
              121.6246025,
              25.0969484
            ],
            [
              121.6246121,
              25.0969523
            ],
            [
              121.6246225,
              25.0969553
            ],
            [
              121.6246338,
              25.0969589
            ],
            [
              121.6246457,
              25.096963
            ],
            [
              121.6246549,
              25.0969687
            ],
            [
              121.624666,
              25.0969712
            ],
            [
              121.6246751,
              25.0969758
            ],
            [
              121.6246873,
              25.0969819
            ],
            [
              121.624698,
              25.0969865
            ],
            [
              121.6247066,
              25.0969922
            ],
            [
              121.6247175,
              25.0969968
            ],
            [
              121.6247267,
              25.0970028
            ],
            [
              121.6247377,
              25.0970087
            ],
            [
              121.6247481,
              25.0970142
            ],
            [
              121.624759,
              25.0970192
            ],
            [
              121.6247691,
              25.0970237
            ],
            [
              121.624782,
              25.0970285
            ],
            [
              121.6247919,
              25.0970324
            ],
            [
              121.6248043,
              25.0970376
            ],
            [
              121.6248142,
              25.0970406
            ],
            [
              121.6248233,
              25.0970454
            ],
            [
              121.6248337,
              25.0970495
            ],
            [
              121.6248451,
              25.0970536
            ],
            [
              121.6248552,
              25.0970554
            ],
            [
              121.6248648,
              25.0970591
            ],
            [
              121.6248741,
              25.0970625
            ],
            [
              121.6248841,
              25.0970678
            ],
            [
              121.6248972,
              25.0970716
            ],
            [
              121.6249081,
              25.0970757
            ],
            [
              121.6249172,
              25.0970805
            ],
            [
              121.6249299,
              25.0970864
            ],
            [
              121.6249393,
              25.097091
            ],
            [
              121.6249492,
              25.0970949
            ],
            [
              121.6249603,
              25.0970996
            ],
            [
              121.6249705,
              25.0971051
            ],
            [
              121.6249811,
              25.0971088
            ],
            [
              121.6249905,
              25.0971124
            ],
            [
              121.6250008,
              25.0971129
            ],
            [
              121.6250135,
              25.0971103
            ],
            [
              121.6250265,
              25.0971096
            ],
            [
              121.6250369,
              25.097108
            ],
            [
              121.6250489,
              25.0971066
            ],
            [
              121.6250655,
              25.0971005
            ],
            [
              121.6250751,
              25.0970948
            ],
            [
              121.6250855,
              25.0970889
            ],
            [
              121.6250956,
              25.0970832
            ],
            [
              121.6251067,
              25.0970767
            ],
            [
              121.6251178,
              25.0970708
            ],
            [
              121.6251276,
              25.0970646
            ],
            [
              121.6251365,
              25.0970594
            ],
            [
              121.6251496,
              25.0970516
            ],
            [
              121.6251582,
              25.0970457
            ],
            [
              121.6251678,
              25.0970402
            ],
            [
              121.6251789,
              25.0970347
            ],
            [
              121.6251888,
              25.0970297
            ],
            [
              121.6251994,
              25.0970256
            ],
            [
              121.6252103,
              25.0970203
            ],
            [
              121.6252222,
              25.0970146
            ],
            [
              121.6252315,
              25.0970082
            ],
            [
              121.6252528,
              25.096999
            ],
            [
              121.6252617,
              25.0969938
            ],
            [
              121.6252718,
              25.0969883
            ],
            [
              121.6252796,
              25.0969822
            ],
            [
              121.6252892,
              25.0969761
            ],
            [
              121.625298,
              25.096969
            ],
            [
              121.6253054,
              25.0969629
            ],
            [
              121.6253138,
              25.0969575
            ],
            [
              121.6253229,
              25.0969518
            ],
            [
              121.6253315,
              25.0969466
            ],
            [
              121.6253416,
              25.0969409
            ],
            [
              121.6253512,
              25.0969361
            ],
            [
              121.6253606,
              25.0969322
            ],
            [
              121.6253713,
              25.096929
            ],
            [
              121.6253824,
              25.0969242
            ],
            [
              121.6253944,
              25.0969203
            ],
            [
              121.6254043,
              25.0969169
            ],
            [
              121.6254152,
              25.0969134
            ],
            [
              121.6254259,
              25.0969109
            ],
            [
              121.6254393,
              25.0969069
            ],
            [
              121.6254522,
              25.0969021
            ],
            [
              121.6254636,
              25.0968984
            ],
            [
              121.6254731,
              25.0968952
            ],
            [
              121.6254852,
              25.0968915
            ],
            [
              121.6254994,
              25.0968878
            ],
            [
              121.6255093,
              25.0968853
            ],
            [
              121.6255223,
              25.0968825
            ],
            [
              121.6255339,
              25.0968781
            ],
            [
              121.6255439,
              25.0968756
            ],
            [
              121.6255578,
              25.0968723
            ],
            [
              121.625575,
              25.0968676
            ],
            [
              121.6255861,
              25.0968637
            ],
            [
              121.6255963,
              25.096861
            ],
            [
              121.6256067,
              25.0968568
            ],
            [
              121.6256182,
              25.0968538
            ],
            [
              121.6256286,
              25.0968493
            ],
            [
              121.625639,
              25.096847
            ],
            [
              121.6256492,
              25.0968445
            ],
            [
              121.6256616,
              25.0968417
            ],
            [
              121.6256716,
              25.096838
            ],
            [
              121.6256823,
              25.0968362
            ],
            [
              121.6256952,
              25.0968332
            ],
            [
              121.6257072,
              25.0968309
            ],
            [
              121.6257211,
              25.0968271
            ],
            [
              121.6257325,
              25.0968239
            ],
            [
              121.6257422,
              25.0968212
            ],
            [
              121.6257518,
              25.0968161
            ],
            [
              121.6257607,
              25.0968118
            ],
            [
              121.6257696,
              25.0968048
            ],
            [
              121.6257787,
              25.0967991
            ],
            [
              121.6257887,
              25.0967909
            ],
            [
              121.6257958,
              25.0967846
            ],
            [
              121.6258041,
              25.0967775
            ],
            [
              121.6258115,
              25.0967714
            ],
            [
              121.6258193,
              25.0967639
            ],
            [
              121.6258285,
              25.0967555
            ],
            [
              121.6258351,
              25.0967465
            ],
            [
              121.6258421,
              25.0967385
            ],
            [
              121.6258504,
              25.0967308
            ],
            [
              121.6258569,
              25.0967224
            ],
            [
              121.6258649,
              25.0967127
            ],
            [
              121.6258697,
              25.0967039
            ],
            [
              121.6258755,
              25.0966958
            ],
            [
              121.6258792,
              25.0966861
            ],
            [
              121.6258832,
              25.0966762
            ],
            [
              121.6258906,
              25.0966639
            ],
            [
              121.6258963,
              25.0966517
            ],
            [
              121.6258985,
              25.0966425
            ],
            [
              121.625901,
              25.0966319
            ],
            [
              121.625902,
              25.0966228
            ],
            [
              121.6259047,
              25.0966131
            ],
            [
              121.6259061,
              25.0966005
            ],
            [
              121.6259068,
              25.09659
            ],
            [
              121.625908,
              25.0965792
            ],
            [
              121.6259098,
              25.0965632
            ],
            [
              121.6259124,
              25.0965479
            ],
            [
              121.6259136,
              25.0965371
            ],
            [
              121.6259139,
              25.0965277
            ],
            [
              121.6259151,
              25.0965177
            ],
            [
              121.6259161,
              25.0965085
            ],
            [
              121.6259155,
              25.096498
            ],
            [
              121.6259153,
              25.096488
            ],
            [
              121.6259182,
              25.096458
            ],
            [
              121.6259206,
              25.0964451
            ],
            [
              121.6259218,
              25.096436
            ],
            [
              121.6259233,
              25.0964261
            ],
            [
              121.6259268,
              25.0964169
            ],
            [
              121.6259293,
              25.0964068
            ],
            [
              121.6259315,
              25.096396
            ],
            [
              121.6259352,
              25.0963859
            ],
            [
              121.6259369,
              25.0963765
            ],
            [
              121.6259403,
              25.0963622
            ],
            [
              121.6259423,
              25.0963512
            ],
            [
              121.625944,
              25.0963411
            ],
            [
              121.6259457,
              25.0963317
            ],
            [
              121.6259482,
              25.0963214
            ],
            [
              121.6259507,
              25.0963115
            ],
            [
              121.6259534,
              25.0963019
            ],
            [
              121.6259554,
              25.0962916
            ],
            [
              121.6259604,
              25.0962732
            ],
            [
              121.6259656,
              25.0962625
            ],
            [
              121.6259693,
              25.0962517
            ],
            [
              121.6259736,
              25.0962432
            ],
            [
              121.6259782,
              25.0962303
            ],
            [
              121.625984,
              25.0962217
            ],
            [
              121.6259894,
              25.0962109
            ],
            [
              121.6259987,
              25.0962029
            ],
            [
              121.6260058,
              25.0961961
            ],
            [
              121.6260173,
              25.0961874
            ],
            [
              121.6260274,
              25.0961787
            ],
            [
              121.6260365,
              25.0961733
            ],
            [
              121.6260446,
              25.0961669
            ],
            [
              121.6260536,
              25.0961592
            ],
            [
              121.6260619,
              25.0961512
            ],
            [
              121.6260717,
              25.096143
            ],
            [
              121.6260785,
              25.0961353
            ],
            [
              121.6260865,
              25.0961274
            ],
            [
              121.6260938,
              25.0961199
            ],
            [
              121.6261014,
              25.0961131
            ],
            [
              121.6261082,
              25.0961066
            ],
            [
              121.6261145,
              25.0960982
            ],
            [
              121.6261211,
              25.0960908
            ],
            [
              121.6261296,
              25.0960835
            ],
            [
              121.6261349,
              25.0960754
            ],
            [
              121.6261412,
              25.0960672
            ],
            [
              121.6261447,
              25.0960587
            ],
            [
              121.62615,
              25.0960485
            ],
            [
              121.6261542,
              25.0960389
            ],
            [
              121.6261592,
              25.0960296
            ],
            [
              121.6261624,
              25.0960186
            ],
            [
              121.6261653,
              25.0960075
            ],
            [
              121.6261705,
              25.0959962
            ],
            [
              121.626172,
              25.0959848
            ],
            [
              121.6261727,
              25.0959745
            ],
            [
              121.6261749,
              25.0959648
            ],
            [
              121.6261774,
              25.0959538
            ],
            [
              121.6261778,
              25.095944
            ],
            [
              121.626177,
              25.0959335
            ],
            [
              121.626177,
              25.0959219
            ],
            [
              121.626177,
              25.0959125
            ],
            [
              121.6261749,
              25.0959025
            ],
            [
              121.6261722,
              25.0958927
            ],
            [
              121.6261686,
              25.0958825
            ],
            [
              121.6261639,
              25.0958737
            ],
            [
              121.6261591,
              25.0958636
            ],
            [
              121.6261553,
              25.0958552
            ],
            [
              121.6261493,
              25.0958469
            ],
            [
              121.6261431,
              25.0958386
            ],
            [
              121.6260397,
              25.095666
            ],
            [
              121.6259942,
              25.0956195
            ],
            [
              121.6259519,
              25.0955814
            ],
            [
              121.6259186,
              25.0955514
            ],
            [
              121.6258792,
              25.0955187
            ],
            [
              121.625843,
              25.0954942
            ],
            [
              121.6257826,
              25.095456
            ],
            [
              121.6257253,
              25.0954124
            ],
            [
              121.6256648,
              25.0953797
            ],
            [
              121.6255893,
              25.0953252
            ],
            [
              121.6255381,
              25.0952898
            ],
            [
              121.6254927,
              25.0952625
            ],
            [
              121.6254383,
              25.0952381
            ],
            [
              121.6253779,
              25.0952137
            ],
            [
              121.6253268,
              25.0951947
            ],
            [
              121.6252513,
              25.0951465
            ],
            [
              121.6252446,
              25.0951385
            ],
            [
              121.6252385,
              25.0951295
            ],
            [
              121.6252331,
              25.0951214
            ],
            [
              121.625228,
              25.0951123
            ],
            [
              121.6252248,
              25.0951028
            ],
            [
              121.62522,
              25.0950917
            ],
            [
              121.6252152,
              25.0950829
            ],
            [
              121.6252109,
              25.0950734
            ],
            [
              121.6252072,
              25.0950637
            ],
            [
              121.6252034,
              25.095054
            ],
            [
              121.6252026,
              25.0950442
            ],
            [
              121.6252008,
              25.0950348
            ],
            [
              121.6252001,
              25.0950257
            ],
            [
              121.6251991,
              25.0950157
            ],
            [
              121.6251975,
              25.095005
            ],
            [
              121.6251964,
              25.0949934
            ],
            [
              121.6251961,
              25.0949815
            ],
            [
              121.6251963,
              25.0949696
            ],
            [
              121.6251962,
              25.0949584
            ],
            [
              121.6251981,
              25.094947
            ],
            [
              121.6251999,
              25.0949371
            ],
            [
              121.6252014,
              25.0949275
            ],
            [
              121.6252054,
              25.0949178
            ],
            [
              121.6252061,
              25.0949084
            ],
            [
              121.6252078,
              25.094899
            ],
            [
              121.6252098,
              25.0948885
            ],
            [
              121.6252118,
              25.0948795
            ],
            [
              121.6252133,
              25.0948701
            ],
            [
              121.625212,
              25.0948603
            ],
            [
              121.6252108,
              25.0948512
            ],
            [
              121.6252097,
              25.094841
            ],
            [
              121.6252112,
              25.0948297
            ],
            [
              121.6252109,
              25.0948197
            ],
            [
              121.6252106,
              25.0948078
            ],
            [
              121.6252377,
              25.0946935
            ],
            [
              121.6252409,
              25.0946843
            ],
            [
              121.6252437,
              25.0946746
            ],
            [
              121.6252474,
              25.0946652
            ],
            [
              121.6252499,
              25.0946553
            ],
            [
              121.6252538,
              25.0946417
            ],
            [
              121.6252557,
              25.0946309
            ],
            [
              121.6252562,
              25.0946197
            ],
            [
              121.6252601,
              25.0946096
            ],
            [
              121.6252613,
              25.0945993
            ],
            [
              121.6252627,
              25.0945867
            ],
            [
              121.6252653,
              25.0945704
            ],
            [
              121.6252668,
              25.0945604
            ],
            [
              121.6252672,
              25.0945503
            ],
            [
              121.6252682,
              25.0945411
            ],
            [
              121.6252692,
              25.094532
            ],
            [
              121.6252697,
              25.0945224
            ],
            [
              121.6252681,
              25.0945089
            ],
            [
              121.6252658,
              25.0944987
            ],
            [
              121.6252628,
              25.0944887
            ],
            [
              121.625258,
              25.0944799
            ],
            [
              121.6252528,
              25.0944711
            ],
            [
              121.6252485,
              25.0944625
            ],
            [
              121.6252433,
              25.0944535
            ],
            [
              121.6252372,
              25.0944429
            ],
            [
              121.6252322,
              25.0944341
            ],
            [
              121.6252258,
              25.0944215
            ],
            [
              121.6252213,
              25.0944124
            ],
            [
              121.625216,
              25.0944007
            ],
            [
              121.6252107,
              25.0943908
            ],
            [
              121.6252043,
              25.0943783
            ],
            [
              121.6251993,
              25.0943668
            ],
            [
              121.6251945,
              25.0943562
            ],
            [
              121.6251888,
              25.0943426
            ],
            [
              121.6251873,
              25.0943333
            ],
            [
              121.625182,
              25.0943208
            ],
            [
              121.6251786,
              25.0943095
            ],
            [
              121.6251766,
              25.0942992
            ],
            [
              121.6251746,
              25.0942899
            ],
            [
              121.6251715,
              25.0942765
            ],
            [
              121.6251714,
              25.0942653
            ],
            [
              121.6251681,
              25.0942535
            ],
            [
              121.6251668,
              25.0942444
            ],
            [
              121.6251645,
              25.0942344
            ],
            [
              121.6251611,
              25.0942192
            ],
            [
              121.625159,
              25.094208
            ],
            [
              121.6251568,
              25.0941985
            ],
            [
              121.6251546,
              25.094183
            ],
            [
              121.6251523,
              25.0941723
            ],
            [
              121.6251506,
              25.0941587
            ],
            [
              121.6251485,
              25.0941462
            ],
            [
              121.6251455,
              25.0941353
            ],
            [
              121.625145,
              25.0941259
            ],
            [
              121.6251442,
              25.0941166
            ],
            [
              121.6251441,
              25.0941054
            ],
            [
              121.6251439,
              25.0940958
            ],
            [
              121.6251451,
              25.0940853
            ],
            [
              121.6251438,
              25.0940732
            ],
            [
              121.6251427,
              25.0940641
            ],
            [
              121.6251442,
              25.0940542
            ],
            [
              121.6251417,
              25.0940444
            ],
            [
              121.6251399,
              25.0940335
            ],
            [
              121.6251359,
              25.0940242
            ],
            [
              121.6251311,
              25.0940139
            ],
            [
              121.6251271,
              25.0940055
            ],
            [
              121.6251218,
              25.0939965
            ],
            [
              121.6251171,
              25.0939884
            ],
            [
              121.6251111,
              25.09398
            ],
            [
              121.6251047,
              25.0939669
            ],
            [
              121.6250997,
              25.0939584
            ],
            [
              121.6250967,
              25.0939495
            ],
            [
              121.6250925,
              25.0939405
            ],
            [
              121.6250875,
              25.0939324
            ],
            [
              121.6250828,
              25.0939243
            ],
            [
              121.6250793,
              25.0939156
            ],
            [
              121.6250792,
              25.0939061
            ],
            [
              121.6250784,
              25.0938935
            ],
            [
              121.6250784,
              25.0938844
            ],
            [
              121.6250768,
              25.0938739
            ],
            [
              121.625075,
              25.093863
            ],
            [
              121.6250732,
              25.0938518
            ],
            [
              121.6250699,
              25.0938412
            ],
            [
              121.6250682,
              25.0938319
            ],
            [
              121.6250676,
              25.09382
            ],
            [
              121.6250648,
              25.0938095
            ],
            [
              121.6250642,
              25.0937979
            ],
            [
              121.6250627,
              25.0937877
            ],
            [
              121.6250624,
              25.0937776
            ],
            [
              121.6250624,
              25.0937678
            ],
            [
              121.6250621,
              25.093758
            ],
            [
              121.625062,
              25.0937441
            ],
            [
              121.6250621,
              25.093731
            ],
            [
              121.625064,
              25.0937193
            ],
            [
              121.6250677,
              25.0937069
            ],
            [
              121.6250721,
              25.0936943
            ],
            [
              121.6250755,
              25.0936803
            ],
            [
              121.6250787,
              25.093671
            ],
            [
              121.6250834,
              25.0936582
            ],
            [
              121.6250894,
              25.0936411
            ],
            [
              121.6250976,
              25.0936189
            ],
            [
              121.625121,
              25.0935512
            ],
            [
              121.6251995,
              25.0933951
            ],
            [
              121.625203,
              25.0933939
            ],
            [
              121.625256,
              25.0933706
            ],
            [
              121.6253038,
              25.0933393
            ],
            [
              121.6253448,
              25.0933009
            ],
            [
              121.625378,
              25.0932565
            ],
            [
              121.6254022,
              25.0932076
            ],
            [
              121.625419,
              25.0931751
            ],
            [
              121.6254423,
              25.0931281
            ],
            [
              121.6254647,
              25.0930807
            ],
            [
              121.6254863,
              25.0930329
            ],
            [
              121.6255069,
              25.0929848
            ],
            [
              121.6255265,
              25.0929364
            ],
            [
              121.6255334,
              25.0927765
            ],
            [
              121.6255725,
              25.0926076
            ],
            [
              121.6256431,
              25.0924475
            ],
            [
              121.6256696,
              25.0923911
            ],
            [
              121.6256774,
              25.0923745
            ],
            [
              121.6257284,
              25.0923021
            ],
            [
              121.6257925,
              25.092239
            ],
            [
              121.6258677,
              25.0921869
            ],
            [
              121.6260369,
              25.0919316
            ],
            [
              121.6262212,
              25.0916428
            ],
            [
              121.6262104,
              25.0915852
            ],
            [
              121.6262095,
              25.0915126
            ],
            [
              121.6262224,
              25.091441
            ],
            [
              121.6262236,
              25.0914387
            ],
            [
              121.6262358,
              25.0914089
            ],
            [
              121.6262421,
              25.0913775
            ],
            [
              121.6262423,
              25.0913457
            ],
            [
              121.6262365,
              25.0913143
            ],
            [
              121.6262247,
              25.0912843
            ],
            [
              121.6262136,
              25.0912733
            ],
            [
              121.6261616,
              25.0912231
            ],
            [
              121.6261087,
              25.0911738
            ],
            [
              121.6260548,
              25.0911252
            ],
            [
              121.626,
              25.0910776
            ],
            [
              121.6259443,
              25.0910308
            ],
            [
              121.6258877,
              25.0909849
            ],
            [
              121.6258586,
              25.0909632
            ],
            [
              121.6258192,
              25.090924
            ],
            [
              121.6257879,
              25.0908792
            ],
            [
              121.6257655,
              25.0908301
            ],
            [
              121.6257529,
              25.0907782
            ],
            [
              121.6257504,
              25.0907251
            ],
            [
              121.6257581,
              25.0906724
            ],
            [
              121.6257666,
              25.0906477
            ],
            [
              121.6257756,
              25.0906217
            ],
            [
              121.6258026,
              25.0905746
            ],
            [
              121.6258381,
              25.0905325
            ],
            [
              121.6260198,
              25.0904519
            ],
            [
              121.6262385,
              25.0903138
            ],
            [
              121.6264275,
              25.0901431
            ],
            [
              121.6265811,
              25.0899452
            ],
            [
              121.6266946,
              25.0897259
            ],
            [
              121.6267125,
              25.0896827
            ],
            [
              121.6268607,
              25.0894105
            ],
            [
              121.6270585,
              25.0891659
            ],
            [
              121.6270618,
              25.0891618
            ],
            [
              121.6271008,
              25.0891216
            ],
            [
              121.6271469,
              25.0890882
            ],
            [
              121.6271987,
              25.0890626
            ],
            [
              121.6272072,
              25.0890465
            ],
            [
              121.6272673,
              25.0889573
            ],
            [
              121.6273435,
              25.0888789
            ],
            [
              121.6274334,
              25.0888138
            ],
            [
              121.6275344,
              25.0887639
            ],
            [
              121.6276434,
              25.0887307
            ],
            [
              121.6276805,
              25.0887254
            ],
            [
              121.6277657,
              25.0887031
            ],
            [
              121.6278454,
              25.0886676
            ],
            [
              121.6279171,
              25.08862
            ],
            [
              121.6279786,
              25.0885619
            ],
            [
              121.6280281,
              25.0884949
            ],
            [
              121.6281019,
              25.0884557
            ],
            [
              121.6281335,
              25.088447
            ],
            [
              121.6281463,
              25.0884403
            ],
            [
              121.6281629,
              25.0884353
            ],
            [
              121.6281928,
              25.0884132
            ],
            [
              121.6282018,
              25.0883877
            ],
            [
              121.6282055,
              25.088376
            ],
            [
              121.6282107,
              25.0883406
            ],
            [
              121.628205,
              25.0882731
            ],
            [
              121.6281748,
              25.0881891
            ],
            [
              121.6281768,
              25.0880721
            ],
            [
              121.628172,
              25.0880166
            ],
            [
              121.6281667,
              25.087962
            ],
            [
              121.6281568,
              25.0879077
            ],
            [
              121.6281474,
              25.0878534
            ],
            [
              121.628138,
              25.0877994
            ],
            [
              121.6281274,
              25.0877448
            ],
            [
              121.6281132,
              25.0876911
            ],
            [
              121.6280975,
              25.0876355
            ],
            [
              121.6280826,
              25.0875828
            ],
            [
              121.6280638,
              25.0875298
            ],
            [
              121.6280476,
              25.0874753
            ],
            [
              121.6280292,
              25.087421
            ],
            [
              121.6280048,
              25.0873714
            ],
            [
              121.627975,
              25.0873245
            ],
            [
              121.627944,
              25.0872756
            ],
            [
              121.627916,
              25.0872276
            ],
            [
              121.6278962,
              25.0871752
            ],
            [
              121.6278863,
              25.0871207
            ],
            [
              121.6278851,
              25.0870649
            ],
            [
              121.6279078,
              25.0870138
            ],
            [
              121.627944,
              25.0869706
            ],
            [
              121.6279931,
              25.0869382
            ],
            [
              121.6280427,
              25.0869047
            ],
            [
              121.6280847,
              25.0868631
            ],
            [
              121.6281223,
              25.0868164
            ],
            [
              121.6281618,
              25.0867676
            ],
            [
              121.6281953,
              25.0867216
            ],
            [
              121.628221,
              25.0866713
            ],
            [
              121.6282551,
              25.086624
            ],
            [
              121.6282865,
              25.0865749
            ],
            [
              121.6283209,
              25.0865283
            ],
            [
              121.6283336,
              25.086475
            ],
            [
              121.628332,
              25.0864203
            ],
            [
              121.6283292,
              25.086366
            ],
            [
              121.6283227,
              25.0863082
            ],
            [
              121.6283052,
              25.0862546
            ],
            [
              121.6282759,
              25.086203
            ],
            [
              121.6282423,
              25.0861566
            ],
            [
              121.6282118,
              25.0861076
            ],
            [
              121.6281883,
              25.0860544
            ],
            [
              121.6281713,
              25.0860019
            ],
            [
              121.6281537,
              25.0859499
            ],
            [
              121.6281333,
              25.0858953
            ],
            [
              121.6281158,
              25.0858416
            ],
            [
              121.6281024,
              25.0857884
            ],
            [
              121.6280874,
              25.085735
            ],
            [
              121.6280646,
              25.0856846
            ],
            [
              121.6280367,
              25.0856323
            ],
            [
              121.6280091,
              25.085581
            ],
            [
              121.6279881,
              25.0855282
            ],
            [
              121.6279687,
              25.085472
            ],
            [
              121.6279544,
              25.0854161
            ],
            [
              121.6279405,
              25.085361
            ],
            [
              121.6279212,
              25.085308
            ],
            [
              121.6278987,
              25.0852503
            ],
            [
              121.6278762,
              25.0851965
            ],
            [
              121.6278332,
              25.0851573
            ],
            [
              121.6277819,
              25.0851202
            ],
            [
              121.6277363,
              25.0850848
            ],
            [
              121.6276917,
              25.0850472
            ],
            [
              121.6276474,
              25.0850098
            ],
            [
              121.6276046,
              25.0849685
            ],
            [
              121.6275599,
              25.0849284
            ],
            [
              121.6275252,
              25.0848995
            ],
            [
              121.6275139,
              25.08489
            ],
            [
              121.6274722,
              25.0848504
            ],
            [
              121.6274214,
              25.0848185
            ],
            [
              121.627386,
              25.0847725
            ],
            [
              121.627383,
              25.0847166
            ],
            [
              121.6273915,
              25.0846609
            ],
            [
              121.6274138,
              25.0846084
            ],
            [
              121.6274389,
              25.0845587
            ],
            [
              121.6274636,
              25.0845081
            ],
            [
              121.6274899,
              25.0844571
            ],
            [
              121.6275017,
              25.0844008
            ],
            [
              121.6274901,
              25.0843441
            ],
            [
              121.6274719,
              25.0842896
            ],
            [
              121.6274654,
              25.0842342
            ],
            [
              121.6274678,
              25.0841751
            ],
            [
              121.6274705,
              25.0841203
            ],
            [
              121.6274895,
              25.0840665
            ],
            [
              121.6275199,
              25.0840179
            ],
            [
              121.6275536,
              25.0839692
            ],
            [
              121.6275888,
              25.0839251
            ],
            [
              121.6276287,
              25.0838835
            ],
            [
              121.6276701,
              25.0838426
            ],
            [
              121.6277104,
              25.0837985
            ],
            [
              121.6277548,
              25.0837593
            ],
            [
              121.6277974,
              25.0837179
            ],
            [
              121.6278424,
              25.0836755
            ],
            [
              121.6278871,
              25.083635
            ],
            [
              121.6279272,
              25.083589
            ],
            [
              121.6279673,
              25.0835439
            ],
            [
              121.6280044,
              25.0834958
            ],
            [
              121.6280036,
              25.0834899
            ],
            [
              121.6279968,
              25.0834414
            ],
            [
              121.6279786,
              25.0833866
            ],
            [
              121.6279605,
              25.0833322
            ],
            [
              121.6279429,
              25.0832749
            ],
            [
              121.6279247,
              25.083221
            ],
            [
              121.6279031,
              25.0831702
            ],
            [
              121.6278759,
              25.0831211
            ],
            [
              121.6278452,
              25.0830706
            ],
            [
              121.6278183,
              25.0830146
            ],
            [
              121.6277904,
              25.0829622
            ],
            [
              121.6277628,
              25.0829117
            ],
            [
              121.6277333,
              25.082864
            ],
            [
              121.6277064,
              25.0828133
            ],
            [
              121.6276998,
              25.0827741
            ],
            [
              121.6275145,
              25.0825809
            ],
            [
              121.6273908,
              25.0824733
            ],
            [
              121.6272594,
              25.0823843
            ],
            [
              121.6271141,
              25.082308
            ],
            [
              121.6270234,
              25.082283
            ],
            [
              121.6269135,
              25.08226
            ],
            [
              121.626823,
              25.0822584
            ],
            [
              121.626746,
              25.0822566
            ],
            [
              121.6266413,
              25.0822633
            ],
            [
              121.6265016,
              25.082266
            ],
            [
              121.6263944,
              25.0822643
            ],
            [
              121.6263081,
              25.0822541
            ],
            [
              121.6262288,
              25.0822183
            ],
            [
              121.6260725,
              25.0821765
            ],
            [
              121.6259025,
              25.0821539
            ],
            [
              121.6258044,
              25.0821268
            ],
            [
              121.6256294,
              25.0820723
            ],
            [
              121.6255991,
              25.0820534
            ],
            [
              121.6255639,
              25.0820048
            ],
            [
              121.6255354,
              25.0819284
            ],
            [
              121.6255026,
              25.0818585
            ],
            [
              121.6254788,
              25.0817504
            ],
            [
              121.625441,
              25.08167
            ],
            [
              121.625359,
              25.0815791
            ],
            [
              121.6252932,
              25.0814777
            ],
            [
              121.6252791,
              25.0814331
            ],
            [
              121.6252721,
              25.081395
            ],
            [
              121.6252764,
              25.081325
            ],
            [
              121.6252384,
              25.0811998
            ],
            [
              121.6252124,
              25.0811427
            ],
            [
              121.6251282,
              25.0810412
            ],
            [
              121.6250719,
              25.0809715
            ],
            [
              121.6249992,
              25.0808807
            ],
            [
              121.6249127,
              25.080828
            ],
            [
              121.6248755,
              25.0808028
            ],
            [
              121.6248497,
              25.0807942
            ],
            [
              121.6247867,
              25.0808052
            ],
            [
              121.62471,
              25.0807907
            ],
            [
              121.624619,
              25.0807571
            ],
            [
              121.6245719,
              25.0807191
            ],
            [
              121.6244971,
              25.0806644
            ],
            [
              121.624378,
              25.0805758
            ],
            [
              121.6242564,
              25.0804957
            ],
            [
              121.624212,
              25.0804556
            ],
            [
              121.6241697,
              25.0804048
            ],
            [
              121.624137,
              25.080352
            ],
            [
              121.6240756,
              25.080191
            ],
            [
              121.6240422,
              25.0800639
            ],
            [
              121.6240327,
              25.0800024
            ],
            [
              121.624037,
              25.0799346
            ],
            [
              121.6240599,
              25.0798347
            ],
            [
              121.6240848,
              25.0797542
            ],
            [
              121.6241311,
              25.0796628
            ],
            [
              121.624205,
              25.0795563
            ],
            [
              121.6242838,
              25.0794394
            ],
            [
              121.6243577,
              25.0793246
            ],
            [
              121.6243876,
              25.0792585
            ],
            [
              121.6243942,
              25.0792034
            ],
            [
              121.6243939,
              25.0791549
            ],
            [
              121.624375,
              25.0790787
            ],
            [
              121.624349,
              25.0790107
            ],
            [
              121.6243184,
              25.0789558
            ],
            [
              121.6242504,
              25.0788861
            ],
            [
              121.6241967,
              25.0788523
            ],
            [
              121.6241383,
              25.0788335
            ],
            [
              121.6240334,
              25.0788086
            ],
            [
              121.6239331,
              25.0787793
            ],
            [
              121.623842,
              25.0787224
            ],
            [
              121.623779,
              25.0786674
            ],
            [
              121.6237438,
              25.0786147
            ],
            [
              121.6237295,
              25.0785553
            ],
            [
              121.623731,
              25.0784155
            ],
            [
              121.62374,
              25.0783455
            ],
            [
              121.6237677,
              25.0782753
            ],
            [
              121.6238136,
              25.0781883
            ],
            [
              121.6238625,
              25.0781306
            ],
            [
              121.6239249,
              25.0780668
            ],
            [
              121.6240016,
              25.0780177
            ],
            [
              121.6240574,
              25.077992
            ],
            [
              121.6241804,
              25.0779469
            ],
            [
              121.6243036,
              25.0779062
            ],
            [
              121.6244451,
              25.0778425
            ],
            [
              121.6244924,
              25.077835
            ],
            [
              121.6245305,
              25.0778286
            ],
            [
              121.6245455,
              25.0778217
            ],
            [
              121.6245407,
              25.0777251
            ],
            [
              121.6245423,
              25.0776279
            ],
            [
              121.6245277,
              25.0775973
            ],
            [
              121.62451,
              25.077575
            ],
            [
              121.6244811,
              25.0775518
            ],
            [
              121.6244279,
              25.0775406
            ],
            [
              121.6243013,
              25.0775033
            ],
            [
              121.6242034,
              25.0774669
            ],
            [
              121.6241196,
              25.0774379
            ],
            [
              121.6240866,
              25.0774297
            ],
            [
              121.6239345,
              25.0773986
            ],
            [
              121.6238113,
              25.077374
            ],
            [
              121.6235239,
              25.0773045
            ],
            [
              121.6233092,
              25.0772341
            ],
            [
              121.6231526,
              25.077161
            ],
            [
              121.6230875,
              25.0771137
            ],
            [
              121.6230676,
              25.0770339
            ],
            [
              121.6230673,
              25.0770319
            ],
            [
              121.6230609,
              25.0769866
            ],
            [
              121.6230737,
              25.0769452
            ],
            [
              121.6231646,
              25.0767948
            ],
            [
              121.623203,
              25.0767095
            ],
            [
              121.6232362,
              25.0765684
            ],
            [
              121.6232826,
              25.0762317
            ],
            [
              121.6233419,
              25.0758856
            ],
            [
              121.6233379,
              25.0758666
            ],
            [
              121.6233264,
              25.0758536
            ],
            [
              121.6233184,
              25.0758466
            ],
            [
              121.6233222,
              25.0758311
            ],
            [
              121.6233963,
              25.0755122
            ],
            [
              121.6234057,
              25.0754671
            ],
            [
              121.6235187,
              25.0750424
            ],
            [
              121.6234733,
              25.074535
            ],
            [
              121.6233419,
              25.0740086
            ],
            [
              121.6229979,
              25.0738343
            ],
            [
              121.6228036,
              25.0739642
            ],
            [
              121.6227628,
              25.0739915
            ],
            [
              121.6222934,
              25.0744619
            ],
            [
              121.6222383,
              25.0745478
            ],
            [
              121.6222059,
              25.0745764
            ],
            [
              121.6221305,
              25.0746427
            ],
            [
              121.6220417,
              25.0746911
            ],
            [
              121.6219958,
              25.0747093
            ],
            [
              121.6219331,
              25.0747156
            ],
            [
              121.6218968,
              25.0747097
            ],
            [
              121.6218538,
              25.0746889
            ],
            [
              121.6218402,
              25.0746107
            ],
            [
              121.6218301,
              25.0745418
            ],
            [
              121.6217903,
              25.0744849
            ],
            [
              121.6217901,
              25.0744434
            ],
            [
              121.6217901,
              25.0744401
            ],
            [
              121.6217729,
              25.0743138
            ],
            [
              121.6217428,
              25.07423
            ],
            [
              121.6216962,
              25.074185
            ],
            [
              121.6215806,
              25.0741107
            ],
            [
              121.6214619,
              25.074075
            ],
            [
              121.6213292,
              25.0739736
            ],
            [
              121.6212232,
              25.073878
            ],
            [
              121.6210876,
              25.0737675
            ],
            [
              121.6210255,
              25.0737089
            ],
            [
              121.6210147,
              25.0736988
            ],
            [
              121.6209056,
              25.0736241
            ],
            [
              121.6208131,
              25.0735915
            ],
            [
              121.6207106,
              25.0735139
            ],
            [
              121.6206541,
              25.0734061
            ],
            [
              121.620609,
              25.0732525
            ],
            [
              121.6206004,
              25.0732232
            ],
            [
              121.6205832,
              25.0730941
            ],
            [
              121.620586,
              25.072992
            ],
            [
              121.6207198,
              25.0727604
            ],
            [
              121.620866,
              25.0723185
            ],
            [
              121.6209282,
              25.0722641
            ],
            [
              121.6210467,
              25.0722006
            ],
            [
              121.6211093,
              25.0722064
            ],
            [
              121.6211556,
              25.0722062
            ],
            [
              121.6211982,
              25.0721879
            ],
            [
              121.6212506,
              25.0721276
            ],
            [
              121.621313,
              25.0720885
            ],
            [
              121.6213523,
              25.0720642
            ],
            [
              121.6213687,
              25.0720371
            ],
            [
              121.6213704,
              25.0719675
            ],
            [
              121.6213819,
              25.0717481
            ],
            [
              121.6213868,
              25.0716044
            ],
            [
              121.6213963,
              25.0715074
            ],
            [
              121.621417,
              25.0712954
            ],
            [
              121.6214293,
              25.0711702
            ],
            [
              121.6214324,
              25.0711387
            ],
            [
              121.6215059,
              25.0705411
            ],
            [
              121.6215322,
              25.0703278
            ],
            [
              121.6215399,
              25.0702654
            ],
            [
              121.6215436,
              25.0702102
            ],
            [
              121.6215487,
              25.0701362
            ],
            [
              121.6216286,
              25.0701397
            ],
            [
              121.6216301,
              25.0700922
            ],
            [
              121.6216282,
              25.070014
            ],
            [
              121.6216225,
              25.0699498
            ],
            [
              121.6216126,
              25.0698834
            ],
            [
              121.6215872,
              25.0697739
            ],
            [
              121.6215501,
              25.069665
            ],
            [
              121.6215076,
              25.0695709
            ],
            [
              121.6214588,
              25.0694837
            ],
            [
              121.6214006,
              25.0693979
            ],
            [
              121.6213391,
              25.0693215
            ],
            [
              121.6212613,
              25.0692402
            ],
            [
              121.6211846,
              25.0691723
            ],
            [
              121.6210833,
              25.0690975
            ],
            [
              121.6197913,
              25.0682347
            ],
            [
              121.6193412,
              25.0679341
            ],
            [
              121.6192749,
              25.0678925
            ],
            [
              121.6191978,
              25.06785
            ],
            [
              121.6191051,
              25.0678066
            ],
            [
              121.6189985,
              25.067766
            ],
            [
              121.6189107,
              25.0677393
            ],
            [
              121.6188386,
              25.0677216
            ],
            [
              121.6187496,
              25.0677048
            ],
            [
              121.6186529,
              25.0676927
            ],
            [
              121.6180258,
              25.067634
            ],
            [
              121.6179876,
              25.0676284
            ],
            [
              121.6179636,
              25.0676224
            ],
            [
              121.6177092,
              25.0676189
            ],
            [
              121.6176783,
              25.0676114
            ],
            [
              121.6176122,
              25.0675819
            ],
            [
              121.6175561,
              25.0675203
            ],
            [
              121.617522,
              25.0674845
            ],
            [
              121.6175158,
              25.0674762
            ],
            [
              121.6175054,
              25.0671493
            ],
            [
              121.6175136,
              25.0670296
            ],
            [
              121.6175309,
              25.0669817
            ],
            [
              121.6176532,
              25.0669333
            ],
            [
              121.6177842,
              25.066869
            ],
            [
              121.6178452,
              25.0667969
            ],
            [
              121.6179145,
              25.0666451
            ],
            [
              121.6179918,
              25.0663577
            ],
            [
              121.6180084,
              25.0661822
            ],
            [
              121.6180074,
              25.0659748
            ],
            [
              121.617989,
              25.0657994
            ],
            [
              121.6179443,
              25.0656162
            ],
            [
              121.6178645,
              25.0654171
            ],
            [
              121.6177761,
              25.065242
            ],
            [
              121.6176704,
              25.0651308
            ],
            [
              121.6175295,
              25.0649639
            ],
            [
              121.6172483,
              25.0647577
            ],
            [
              121.6168087,
              25.0644007
            ],
            [
              121.6162831,
              25.0639262
            ],
            [
              121.6162722,
              25.06393
            ],
            [
              121.615715,
              25.0641197
            ],
            [
              121.6154157,
              25.0642229
            ],
            [
              121.6148261,
              25.0644261
            ],
            [
              121.614683,
              25.064452
            ],
            [
              121.6144283,
              25.0644981
            ],
            [
              121.6138397,
              25.0645438
            ],
            [
              121.6133935,
              25.0645132
            ],
            [
              121.6129825,
              25.064385
            ],
            [
              121.6125886,
              25.0640997
            ],
            [
              121.612235,
              25.0635598
            ],
            [
              121.6121059,
              25.0633203
            ],
            [
              121.6120429,
              25.0632033
            ],
            [
              121.6119305,
              25.0629822
            ],
            [
              121.6118507,
              25.0628252
            ],
            [
              121.6116292,
              25.0625338
            ],
            [
              121.6112408,
              25.062151
            ],
            [
              121.610657,
              25.0616
            ],
            [
              121.6102136,
              25.0611815
            ],
            [
              121.6102123,
              25.0611803
            ],
            [
              121.6097429,
              25.0607569
            ],
            [
              121.6090411,
              25.0604254
            ],
            [
              121.6085903,
              25.0602382
            ],
            [
              121.6085703,
              25.0602308
            ],
            [
              121.6078675,
              25.0599722
            ],
            [
              121.606875,
              25.0597767
            ],
            [
              121.6068738,
              25.0597765
            ],
            [
              121.6067775,
              25.0597663
            ],
            [
              121.6050772,
              25.0595285
            ],
            [
              121.6048885,
              25.0595081
            ],
            [
              121.6039005,
              25.0594015
            ],
            [
              121.6030189,
              25.0593029
            ],
            [
              121.6029484,
              25.059295
            ],
            [
              121.6019164,
              25.0591432
            ],
            [
              121.6010083,
              25.0589559
            ],
            [
              121.6003366,
              25.058773
            ],
            [
              121.5998978,
              25.0587985
            ],
            [
              121.5996495,
              25.0588128
            ],
            [
              121.5994553,
              25.0588093
            ],
            [
              121.598999,
              25.058801
            ],
            [
              121.5989401,
              25.0587999
            ],
            [
              121.5989208,
              25.0587996
            ],
            [
              121.5985751,
              25.0588504
            ],
            [
              121.5983702,
              25.0588829
            ],
            [
              121.5977778,
              25.0590711
            ],
            [
              121.5977491,
              25.0590802
            ],
            [
              121.5968799,
              25.0594245
            ],
            [
              121.5967394,
              25.05947
            ],
            [
              121.5963306,
              25.0596025
            ],
            [
              121.5961701,
              25.0596545
            ],
            [
              121.5956197,
              25.0598293
            ],
            [
              121.5953326,
              25.0598952
            ],
            [
              121.5948744,
              25.0600005
            ],
            [
              121.5943591,
              25.0600188
            ],
            [
              121.5938042,
              25.0598915
            ],
            [
              121.593594,
              25.0598433
            ],
            [
              121.5929968,
              25.0595301
            ],
            [
              121.5922757,
              25.0591995
            ],
            [
              121.59211,
              25.0590586
            ],
            [
              121.5915251,
              25.0585611
            ],
            [
              121.5910144,
              25.0580863
            ],
            [
              121.5910076,
              25.0580814
            ],
            [
              121.5909453,
              25.0580368
            ],
            [
              121.5907129,
              25.0578704
            ],
            [
              121.5906644,
              25.057818
            ],
            [
              121.5903916,
              25.0575233
            ],
            [
              121.5903486,
              25.0574768
            ],
            [
              121.5898407,
              25.0569883
            ],
            [
              121.5896047,
              25.0567566
            ],
            [
              121.5893831,
              25.0565389
            ],
            [
              121.589352,
              25.0565084
            ],
            [
              121.58861,
              25.0559166
            ],
            [
              121.5885362,
              25.0558632
            ],
            [
              121.5885194,
              25.0558511
            ],
            [
              121.5879639,
              25.0554491
            ],
            [
              121.5877086,
              25.0552643
            ],
            [
              121.5874372,
              25.0551161
            ],
            [
              121.5870675,
              25.0549143
            ],
            [
              121.5866805,
              25.054703
            ],
            [
              121.5862095,
              25.0544489
            ],
            [
              121.5861498,
              25.0544167
            ],
            [
              121.5857116,
              25.0542659
            ],
            [
              121.5851686,
              25.0540791
            ],
            [
              121.5844571,
              25.0538547
            ],
            [
              121.5844146,
              25.0538413
            ],
            [
              121.5843128,
              25.0538092
            ],
            [
              121.5830689,
              25.0534768
            ],
            [
              121.5830569,
              25.0534736
            ],
            [
              121.5830506,
              25.0534719
            ],
            [
              121.5828823,
              25.053441
            ],
            [
              121.5820032,
              25.0532797
            ],
            [
              121.5817318,
              25.0532299
            ],
            [
              121.5809488,
              25.0531188
            ],
            [
              121.5809183,
              25.0531145
            ],
            [
              121.5805647,
              25.0530643
            ],
            [
              121.5804994,
              25.0530537
            ],
            [
              121.5798552,
              25.0529497
            ],
            [
              121.5797859,
              25.0529385
            ],
            [
              121.5795846,
              25.052906
            ],
            [
              121.578887,
              25.0527752
            ],
            [
              121.5787614,
              25.0527516
            ],
            [
              121.5780608,
              25.0526202
            ],
            [
              121.5780303,
              25.0526123
            ],
            [
              121.577955,
              25.052593
            ],
            [
              121.5775067,
              25.0524776
            ],
            [
              121.5773066,
              25.052426
            ],
            [
              121.5771599,
              25.0523883
            ],
            [
              121.5770348,
              25.0523561
            ],
            [
              121.5769288,
              25.0523288
            ],
            [
              121.5764101,
              25.0521801
            ],
            [
              121.576064,
              25.0520809
            ],
            [
              121.575557,
              25.0519438
            ],
            [
              121.5751205,
              25.0518258
            ],
            [
              121.5751144,
              25.0518242
            ],
            [
              121.5744908,
              25.051773
            ],
            [
              121.5742037,
              25.0517762
            ],
            [
              121.5738723,
              25.0517798
            ],
            [
              121.5734357,
              25.0518307
            ],
            [
              121.5730206,
              25.0519984
            ],
            [
              121.5727547,
              25.0521059
            ],
            [
              121.5725552,
              25.0522508
            ],
            [
              121.5723687,
              25.0523864
            ],
            [
              121.5721921,
              25.0525147
            ],
            [
              121.5718652,
              25.0529583
            ],
            [
              121.5717195,
              25.0532985
            ],
            [
              121.5716383,
              25.0537814
            ],
            [
              121.5716139,
              25.0541266
            ],
            [
              121.5715969,
              25.0543669
            ],
            [
              121.5716145,
              25.0549791
            ],
            [
              121.5715775,
              25.0559153
            ],
            [
              121.5715774,
              25.0559172
            ],
            [
              121.5715183,
              25.0568131
            ],
            [
              121.5714439,
              25.0574908
            ],
            [
              121.5714113,
              25.057788
            ],
            [
              121.5713493,
              25.0580792
            ],
            [
              121.5712404,
              25.0586615
            ],
            [
              121.5711903,
              25.0589032
            ],
            [
              121.5708909,
              25.0600133
            ],
            [
              121.5706435,
              25.0606428
            ],
            [
              121.5703593,
              25.0613303
            ],
            [
              121.5703552,
              25.0613387
            ],
            [
              121.5702341,
              25.0615864
            ],
            [
              121.5699386,
              25.0621979
            ],
            [
              121.5696132,
              25.0631897
            ],
            [
              121.569394,
              25.0636155
            ],
            [
              121.5693566,
              25.0638904
            ],
            [
              121.5693369,
              25.0641813
            ],
            [
              121.5694053,
              25.0645421
            ],
            [
              121.5695296,
              25.0648451
            ],
            [
              121.5701412,
              25.065779
            ],
            [
              121.5706978,
              25.0667542
            ],
            [
              121.5707407,
              25.0668294
            ],
            [
              121.571179,
              25.0678546
            ],
            [
              121.5713695,
              25.0683002
            ],
            [
              121.5716571,
              25.0688058
            ],
            [
              121.5717893,
              25.069165
            ],
            [
              121.571941,
              25.070009
            ],
            [
              121.5719617,
              25.0707752
            ],
            [
              121.5719548,
              25.0709083
            ],
            [
              121.5719239,
              25.071501
            ],
            [
              121.5718132,
              25.0721669
            ],
            [
              121.5713962,
              25.0734378
            ],
            [
              121.5710982,
              25.0740693
            ],
            [
              121.5718488,
              25.0743345
            ],
            [
              121.572269,
              25.0745686
            ],
            [
              121.5717691,
              25.0753306
            ],
            [
              121.5713327,
              25.0759732
            ],
            [
              121.5710403,
              25.0763001
            ],
            [
              121.5707477,
              25.0765979
            ],
            [
              121.5705099,
              25.076755
            ],
            [
              121.5699639,
              25.0769981
            ],
            [
              121.5694264,
              25.0771803
            ],
            [
              121.5687812,
              25.0773549
            ],
            [
              121.5685854,
              25.0774136
            ],
            [
              121.567969,
              25.0775983
            ],
            [
              121.5679578,
              25.0776016
            ],
            [
              121.5673138,
              25.0777739
            ],
            [
              121.5673115,
              25.0777745
            ],
            [
              121.566828,
              25.0778969
            ],
            [
              121.5665175,
              25.0779834
            ],
            [
              121.5659715,
              25.0781355
            ],
            [
              121.5653401,
              25.0783313
            ],
            [
              121.5649465,
              25.0784609
            ],
            [
              121.5644968,
              25.078656
            ],
            [
              121.5643697,
              25.0787444
            ],
            [
              121.5639508,
              25.0790355
            ],
            [
              121.563334,
              25.079646
            ],
            [
              121.5631966,
              25.0798142
            ],
            [
              121.5629547,
              25.0800971
            ],
            [
              121.5626311,
              25.0804361
            ],
            [
              121.5623822,
              25.0808564
            ],
            [
              121.5621715,
              25.0812416
            ],
            [
              121.5619916,
              25.0816663
            ],
            [
              121.5617613,
              25.0822334
            ],
            [
              121.5615458,
              25.0827071
            ],
            [
              121.5613745,
              25.0830406
            ],
            [
              121.5611788,
              25.0834628
            ],
            [
              121.5611144,
              25.0835889
            ],
            [
              121.5610082,
              25.0838231
            ],
            [
              121.5608544,
              25.0841398
            ],
            [
              121.5608461,
              25.084186
            ],
            [
              121.5608496,
              25.0843428
            ],
            [
              121.5608613,
              25.0843814
            ],
            [
              121.5608984,
              25.0845045
            ],
            [
              121.5605968,
              25.0846135
            ],
            [
              121.5602839,
              25.0847252
            ],
            [
              121.5600386,
              25.0848161
            ],
            [
              121.5596744,
              25.0848982
            ],
            [
              121.5594123,
              25.0849574
            ],
            [
              121.5593448,
              25.0849675
            ],
            [
              121.5592073,
              25.0850024
            ],
            [
              121.5590805,
              25.085025
            ],
            [
              121.5590434,
              25.0850251
            ],
            [
              121.5590049,
              25.0850252
            ],
            [
              121.5588969,
              25.0850257
            ],
            [
              121.5587888,
              25.0850064
            ],
            [
              121.5586564,
              25.0849651
            ],
            [
              121.5584994,
              25.0848822
            ],
            [
              121.5584061,
              25.0848385
            ],
            [
              121.5583641,
              25.0848188
            ],
            [
              121.5582234,
              25.0847432
            ],
            [
              121.5580908,
              25.0846798
            ],
            [
              121.5580707,
              25.0846715
            ],
            [
              121.5578838,
              25.084537
            ],
            [
              121.557868,
              25.0845324
            ],
            [
              121.5578521,
              25.084569
            ],
            [
              121.5578206,
              25.0846417
            ],
            [
              121.557772,
              25.0846565
            ],
            [
              121.5577059,
              25.0848476
            ],
            [
              121.5577153,
              25.0849546
            ],
            [
              121.5577098,
              25.0850354
            ],
            [
              121.5576638,
              25.0852139
            ],
            [
              121.5576707,
              25.0852645
            ],
            [
              121.5576556,
              25.0852826
            ],
            [
              121.557591,
              25.0853026
            ],
            [
              121.5572426,
              25.0856158
            ],
            [
              121.5570197,
              25.0858369
            ],
            [
              121.5568376,
              25.0862764
            ],
            [
              121.5567362,
              25.0866121
            ],
            [
              121.556759,
              25.0872177
            ],
            [
              121.556842,
              25.0871708
            ],
            [
              121.5568821,
              25.087247
            ],
            [
              121.557121,
              25.0875311
            ],
            [
              121.5573787,
              25.0877955
            ],
            [
              121.557244,
              25.0878673
            ],
            [
              121.5568503,
              25.0879695
            ],
            [
              121.5566453,
              25.0880268
            ],
            [
              121.5564784,
              25.0881232
            ],
            [
              121.5562382,
              25.0881389
            ],
            [
              121.5559307,
              25.0882064
            ],
            [
              121.5555585,
              25.0882962
            ],
            [
              121.5552781,
              25.0883759
            ],
            [
              121.5550321,
              25.0884808
            ],
            [
              121.5550155,
              25.0884879
            ],
            [
              121.5548516,
              25.0886191
            ],
            [
              121.5547056,
              25.0887339
            ],
            [
              121.5541095,
              25.0891579
            ],
            [
              121.5540896,
              25.0893812
            ],
            [
              121.5540511,
              25.0894738
            ],
            [
              121.5539354,
              25.089662
            ],
            [
              121.5535176,
              25.0898486
            ],
            [
              121.5532519,
              25.089953
            ],
            [
              121.5532135,
              25.0900295
            ],
            [
              121.5529763,
              25.090501
            ],
            [
              121.5529145,
              25.090727
            ],
            [
              121.5527904,
              25.0910377
            ],
            [
              121.5526419,
              25.0912723
            ],
            [
              121.552112,
              25.0917513
            ],
            [
              121.5519904,
              25.0920067
            ],
            [
              121.5520663,
              25.0922531
            ],
            [
              121.5521725,
              25.0924053
            ],
            [
              121.5524465,
              25.0923723
            ],
            [
              121.5527425,
              25.0923658
            ],
            [
              121.5529518,
              25.0923732
            ],
            [
              121.5531522,
              25.0923833
            ],
            [
              121.5534125,
              25.0924123
            ],
            [
              121.553629,
              25.0923083
            ],
            [
              121.553912,
              25.0923596
            ],
            [
              121.5542021,
              25.0924474
            ],
            [
              121.5543787,
              25.0925012
            ],
            [
              121.5544268,
              25.0925581
            ],
            [
              121.5544908,
              25.0928246
            ],
            [
              121.5544563,
              25.0931322
            ],
            [
              121.5544374,
              25.0935758
            ],
            [
              121.5544413,
              25.0936307
            ],
            [
              121.554447,
              25.0937091
            ],
            [
              121.5545674,
              25.0938964
            ],
            [
              121.5545683,
              25.0938993
            ],
            [
              121.5545806,
              25.0939377
            ],
            [
              121.554796,
              25.0940535
            ],
            [
              121.5551946,
              25.0940678
            ],
            [
              121.5554095,
              25.0940765
            ],
            [
              121.5555587,
              25.0941264
            ],
            [
              121.5557777,
              25.0942769
            ],
            [
              121.556341,
              25.0946848
            ],
            [
              121.5564174,
              25.0947129
            ],
            [
              121.5564314,
              25.0947444
            ],
            [
              121.5565389,
              25.0947692
            ],
            [
              121.5565952,
              25.094955
            ],
            [
              121.5566309,
              25.0951851
            ],
            [
              121.5567011,
              25.0953741
            ],
            [
              121.5567711,
              25.0955378
            ],
            [
              121.5567891,
              25.0956765
            ],
            [
              121.5568036,
              25.0958341
            ],
            [
              121.5568389,
              25.0959696
            ],
            [
              121.5568948,
              25.0960577
            ],
            [
              121.5570163,
              25.0961109
            ],
            [
              121.557162,
              25.0961387
            ],
            [
              121.5573421,
              25.0961254
            ],
            [
              121.5575257,
              25.0961121
            ],
            [
              121.5577129,
              25.096124
            ],
            [
              121.5578759,
              25.0961486
            ],
            [
              121.5578381,
              25.0962245
            ],
            [
              121.5578109,
              25.0963255
            ],
            [
              121.5578291,
              25.0965272
            ],
            [
              121.5578471,
              25.0966754
            ],
            [
              121.5578619,
              25.0968835
            ],
            [
              121.5578066,
              25.0969184
            ],
            [
              121.5577968,
              25.0970319
            ],
            [
              121.5578459,
              25.0971768
            ],
            [
              121.5578848,
              25.0973407
            ],
            [
              121.5579406,
              25.0974256
            ],
            [
              121.5580667,
              25.0975399
            ],
            [
              121.5581535,
              25.0976617
            ],
            [
              121.5582693,
              25.0978313
            ],
            [
              121.5583416,
              25.0979697
            ],
            [
              121.5583664,
              25.0980736
            ],
            [
              121.5584016,
              25.0981871
            ],
            [
              121.5585833,
              25.0983666
            ],
            [
              121.558694,
              25.0984708
            ],
            [
              121.5587994,
              25.0984617
            ],
            [
              121.558919,
              25.0984153
            ],
            [
              121.559268,
              25.0982201
            ],
            [
              121.5594403,
              25.0981627
            ],
            [
              121.5594739,
              25.0981568
            ],
            [
              121.5595601,
              25.0981418
            ],
            [
              121.559617,
              25.0981674
            ],
            [
              121.559715,
              25.0981482
            ],
            [
              121.5598619,
              25.0981007
            ],
            [
              121.5599547,
              25.0980816
            ],
            [
              121.5600219,
              25.0980837
            ],
            [
              121.5601872,
              25.0981159
            ],
            [
              121.5603968,
              25.0982302
            ],
            [
              121.5604434,
              25.0982512
            ],
            [
              121.5605307,
              25.0981475
            ],
            [
              121.5606981,
              25.0980811
            ],
            [
              121.5610746,
              25.0979998
            ],
            [
              121.5611777,
              25.0979665
            ],
            [
              121.5612549,
              25.0979122
            ],
            [
              121.5613012,
              25.0978862
            ],
            [
              121.5613838,
              25.0978836
            ],
            [
              121.5614588,
              25.0978997
            ],
            [
              121.561518,
              25.0978783
            ],
            [
              121.5615722,
              25.0978758
            ],
            [
              121.5616755,
              25.0978778
            ],
            [
              121.5617297,
              25.0978728
            ],
            [
              121.5618122,
              25.0978537
            ],
            [
              121.5619566,
              25.097825
            ],
            [
              121.5620806,
              25.0978386
            ],
            [
              121.5621633,
              25.0978783
            ],
            [
              121.562285,
              25.09796
            ],
            [
              121.5623343,
              25.0980044
            ],
            [
              121.5624871,
              25.0981166
            ],
            [
              121.5626402,
              25.0982875
            ],
            [
              121.5627389,
              25.098421
            ],
            [
              121.5628217,
              25.0984724
            ],
            [
              121.5629203,
              25.0985847
            ],
            [
              121.5630955,
              25.098523
            ],
            [
              121.5632554,
              25.0984919
            ],
            [
              121.5634464,
              25.0984794
            ],
            [
              121.563604,
              25.0985117
            ],
            [
              121.5636131,
              25.0985148
            ],
            [
              121.5637488,
              25.0985604
            ],
            [
              121.5638725,
              25.0985341
            ],
            [
              121.5638756,
              25.0985338
            ],
            [
              121.5642438,
              25.0984918
            ],
            [
              121.5642776,
              25.098488
            ],
            [
              121.5643783,
              25.0985064
            ],
            [
              121.5644432,
              25.0985836
            ],
            [
              121.5645289,
              25.0986843
            ],
            [
              121.5646065,
              25.0987193
            ],
            [
              121.5646789,
              25.0987542
            ],
            [
              121.5647747,
              25.098829
            ],
            [
              121.5648292,
              25.0988922
            ],
            [
              121.5649093,
              25.098906
            ],
            [
              121.5650953,
              25.0989382
            ],
            [
              121.5652321,
              25.0989424
            ],
            [
              121.5654543,
              25.098972
            ],
            [
              121.5657538,
              25.0990061
            ],
            [
              121.5657663,
              25.0990082
            ],
            [
              121.5658623,
              25.0990245
            ],
            [
              121.5659966,
              25.099024
            ],
            [
              121.5660894,
              25.0990119
            ],
            [
              121.5661771,
              25.0989881
            ],
            [
              121.5662184,
              25.098995
            ],
            [
              121.5663011,
              25.0990158
            ],
            [
              121.5663891,
              25.0990577
            ],
            [
              121.5664331,
              25.0990811
            ],
            [
              121.5665493,
              25.0990924
            ],
            [
              121.566588,
              25.0990946
            ],
            [
              121.5666472,
              25.0990591
            ],
            [
              121.5666885,
              25.0990542
            ],
            [
              121.5667505,
              25.0990681
            ],
            [
              121.5668771,
              25.0991028
            ],
            [
              121.5669159,
              25.0991262
            ],
            [
              121.5669562,
              25.0991511
            ],
            [
              121.5669574,
              25.0991519
            ],
            [
              121.5670891,
              25.0991678
            ],
            [
              121.5671149,
              25.0991677
            ],
            [
              121.5671358,
              25.0992263
            ],
            [
              121.5671462,
              25.0992589
            ],
            [
              121.5671506,
              25.0992685
            ],
            [
              121.5672048,
              25.0993879
            ],
            [
              121.5671869,
              25.099624
            ],
            [
              121.567143,
              25.099722
            ],
            [
              121.5672478,
              25.0998051
            ],
            [
              121.5673242,
              25.0998941
            ],
            [
              121.5673561,
              25.0999688
            ],
            [
              121.5673724,
              25.1000551
            ],
            [
              121.567398,
              25.1001212
            ],
            [
              121.5674139,
              25.1001413
            ],
            [
              121.5674146,
              25.1001426
            ],
            [
              121.5674969,
              25.1002812
            ],
            [
              121.5675078,
              25.1003365
            ],
            [
              121.5675105,
              25.1003677
            ],
            [
              121.5675136,
              25.1004519
            ],
            [
              121.5675756,
              25.1007139
            ],
            [
              121.5675947,
              25.1008365
            ],
            [
              121.5676169,
              25.1010625
            ],
            [
              121.5676893,
              25.1013028
            ],
            [
              121.5678876,
              25.1012997
            ],
            [
              121.5680811,
              25.1014024
            ],
            [
              121.5682938,
              25.1016686
            ],
            [
              121.5686972,
              25.1020038
            ],
            [
              121.5687664,
              25.1021022
            ],
            [
              121.5687774,
              25.102196
            ],
            [
              121.5687334,
              25.1023982
            ],
            [
              121.5686765,
              25.1026775
            ],
            [
              121.5686481,
              25.1028339
            ],
            [
              121.5686405,
              25.1028893
            ],
            [
              121.5687576,
              25.1030669
            ],
            [
              121.5688987,
              25.1032756
            ],
            [
              121.5689575,
              25.1034173
            ],
            [
              121.5692287,
              25.1037507
            ],
            [
              121.5693138,
              25.1038441
            ],
            [
              121.569362,
              25.1039883
            ],
            [
              121.5693701,
              25.104034
            ],
            [
              121.5694381,
              25.1041473
            ],
            [
              121.5694767,
              25.1042116
            ],
            [
              121.5695779,
              25.10437
            ],
            [
              121.5695914,
              25.1044301
            ],
            [
              121.5696156,
              25.1045093
            ],
            [
              121.5696293,
              25.1046296
            ],
            [
              121.5697142,
              25.1046749
            ],
            [
              121.5698417,
              25.104789
            ],
            [
              121.5700884,
              25.1049992
            ],
            [
              121.5702665,
              25.1051302
            ],
            [
              121.5704367,
              25.1053283
            ],
            [
              121.5707378,
              25.1054861
            ],
            [
              121.5709812,
              25.1055771
            ],
            [
              121.5712438,
              25.1056805
            ],
            [
              121.5713778,
              25.1057172
            ],
            [
              121.5717144,
              25.1058699
            ],
            [
              121.5720694,
              25.105886
            ],
            [
              121.57237,
              25.105932
            ],
            [
              121.5725284,
              25.1059513
            ],
            [
              121.5727827,
              25.1060348
            ],
            [
              121.5730181,
              25.1061457
            ],
            [
              121.5731716,
              25.1062718
            ],
            [
              121.5731718,
              25.1063289
            ],
            [
              121.5733778,
              25.1065741
            ],
            [
              121.5735365,
              25.1066455
            ],
            [
              121.5736567,
              25.1066699
            ],
            [
              121.573807,
              25.1066991
            ],
            [
              121.5738339,
              25.1065972
            ],
            [
              121.5739641,
              25.1065643
            ],
            [
              121.5741339,
              25.1065215
            ],
            [
              121.5745549,
              25.1066391
            ],
            [
              121.5750088,
              25.106769
            ],
            [
              121.5751754,
              25.1067833
            ],
            [
              121.5753174,
              25.1067976
            ],
            [
              121.5753774,
              25.106791
            ],
            [
              121.5755794,
              25.106754
            ],
            [
              121.5757686,
              25.1067067
            ],
            [
              121.5760756,
              25.1066799
            ],
            [
              121.5764262,
              25.1066622
            ],
            [
              121.5766028,
              25.1066616
            ],
            [
              121.5766488,
              25.1066544
            ],
            [
              121.5766718,
              25.1066427
            ],
            [
              121.5766992,
              25.1064888
            ],
            [
              121.5767447,
              25.1063606
            ],
            [
              121.5768441,
              25.1062717
            ],
            [
              121.5770285,
              25.1057423
            ],
            [
              121.5776497,
              25.1055861
            ],
            [
              121.5778486,
              25.1054247
            ],
            [
              121.5780549,
              25.1052049
            ],
            [
              121.578144,
              25.1051138
            ],
            [
              121.5786425,
              25.1049814
            ],
            [
              121.5788216,
              25.1049714
            ],
            [
              121.5789676,
              25.1049871
            ],
            [
              121.5790088,
              25.1050335
            ],
            [
              121.5791138,
              25.1050564
            ],
            [
              121.5791523,
              25.1050726
            ],
            [
              121.5791833,
              25.1051423
            ],
            [
              121.5792637,
              25.1053609
            ],
            [
              121.5793723,
              25.1055911
            ],
            [
              121.5797499,
              25.1058784
            ],
            [
              121.579848,
              25.1060503
            ],
            [
              121.5798919,
              25.106134
            ],
            [
              121.5799311,
              25.1062992
            ],
            [
              121.5798555,
              25.1065534
            ],
            [
              121.5801072,
              25.1067341
            ],
            [
              121.5800006,
              25.1069208
            ],
            [
              121.5802599,
              25.1070968
            ],
            [
              121.5804185,
              25.1070729
            ],
            [
              121.5805753,
              25.1072167
            ],
            [
              121.5808555,
              25.1069221
            ],
            [
              121.5811368,
              25.1068721
            ],
            [
              121.5813387,
              25.1068131
            ],
            [
              121.5817151,
              25.1068372
            ],
            [
              121.5821231,
              25.1065212
            ],
            [
              121.5821824,
              25.1066025
            ],
            [
              121.5824977,
              25.1067061
            ],
            [
              121.5825239,
              25.1068387
            ],
            [
              121.5828879,
              25.1069537
            ],
            [
              121.5829475,
              25.1071119
            ],
            [
              121.5829637,
              25.1072795
            ],
            [
              121.5831096,
              25.1072766
            ],
            [
              121.5832376,
              25.1072761
            ],
            [
              121.5833119,
              25.1073014
            ],
            [
              121.5834379,
              25.1073413
            ],
            [
              121.5836396,
              25.1075958
            ],
            [
              121.5836987,
              25.1076938
            ],
            [
              121.5838009,
              25.1077916
            ],
            [
              121.5840124,
              25.1081724
            ],
            [
              121.5842594,
              25.108222
            ],
            [
              121.5843459,
              25.1082525
            ],
            [
              121.58471,
              25.1082932
            ],
            [
              121.5849135,
              25.1082895
            ],
            [
              121.5850551,
              25.1082385
            ],
            [
              121.5851508,
              25.1082549
            ],
            [
              121.585222,
              25.108308
            ],
            [
              121.5853177,
              25.108316
            ],
            [
              121.585303,
              25.1084648
            ],
            [
              121.5853072,
              25.1087145
            ],
            [
              121.5853046,
              25.1088043
            ],
            [
              121.5854321,
              25.1090227
            ],
            [
              121.585516,
              25.1091627
            ],
            [
              121.5856245,
              25.1092773
            ],
            [
              121.5856433,
              25.1093502
            ],
            [
              121.5857239,
              25.1094397
            ],
            [
              121.5858046,
              25.1095376
            ],
            [
              121.5859162,
              25.1096494
            ],
            [
              121.5859719,
              25.1096885
            ],
            [
              121.5860313,
              25.1098706
            ],
            [
              121.5860876,
              25.1100248
            ],
            [
              121.5860898,
              25.1100284
            ],
            [
              121.5862847,
              25.1103444
            ],
            [
              121.5863663,
              25.1105055
            ],
            [
              121.5864436,
              25.1106229
            ],
            [
              121.5865644,
              25.1108274
            ],
            [
              121.5866224,
              25.1109275
            ],
            [
              121.58668,
              25.1109535
            ],
            [
              121.586762,
              25.1110622
            ],
            [
              121.5867412,
              25.1112299
            ],
            [
              121.5867887,
              25.1113177
            ],
            [
              121.5868601,
              25.1114863
            ],
            [
              121.5868737,
              25.1116147
            ],
            [
              121.5868847,
              25.111724
            ],
            [
              121.5869577,
              25.1118813
            ],
            [
              121.5870385,
              25.112002
            ],
            [
              121.5871616,
              25.1121716
            ],
            [
              121.5873329,
              25.1125072
            ],
            [
              121.587389,
              25.1126987
            ],
            [
              121.5874124,
              25.1127968
            ],
            [
              121.5874707,
              25.1128991
            ],
            [
              121.5874711,
              25.1129842
            ],
            [
              121.5874931,
              25.1130561
            ],
            [
              121.5875943,
              25.1131734
            ],
            [
              121.5877172,
              25.1133168
            ],
            [
              121.5878469,
              25.11347
            ],
            [
              121.5879359,
              25.1136242
            ],
            [
              121.5879766,
              25.1139392
            ],
            [
              121.5879705,
              25.1140166
            ],
            [
              121.5883607,
              25.1140601
            ],
            [
              121.5886915,
              25.1140849
            ],
            [
              121.5888463,
              25.1140309
            ],
            [
              121.5890224,
              25.1139559
            ],
            [
              121.5892278,
              25.113854
            ],
            [
              121.589329,
              25.1138358
            ],
            [
              121.5894437,
              25.1139007
            ],
            [
              121.5895096,
              25.1140075
            ],
            [
              121.5896481,
              25.1141465
            ],
            [
              121.5898145,
              25.1142144
            ],
            [
              121.589988,
              25.114288
            ],
            [
              121.5900437,
              25.1143086
            ],
            [
              121.5900727,
              25.1142253
            ],
            [
              121.5900785,
              25.1140766
            ],
            [
              121.5900612,
              25.1138745
            ],
            [
              121.590057,
              25.1136812
            ],
            [
              121.5900531,
              25.1135504
            ],
            [
              121.5900659,
              25.1134909
            ],
            [
              121.5900755,
              25.1134582
            ],
            [
              121.5901179,
              25.1134461
            ],
            [
              121.5902096,
              25.1134755
            ],
            [
              121.5903766,
              25.1135491
            ],
            [
              121.590534,
              25.1136585
            ],
            [
              121.5907567,
              25.1137647
            ],
            [
              121.5908877,
              25.1138206
            ],
            [
              121.5910355,
              25.1138849
            ],
            [
              121.5910932,
              25.11391
            ],
            [
              121.5912716,
              25.1140278
            ],
            [
              121.5912764,
              25.114031
            ],
            [
              121.5914137,
              25.1141603
            ],
            [
              121.5915976,
              25.1143019
            ],
            [
              121.5918864,
              25.1143767
            ],
            [
              121.5919648,
              25.1143778
            ],
            [
              121.5919753,
              25.1143787
            ],
            [
              121.5921709,
              25.1143851
            ],
            [
              121.5922317,
              25.1143847
            ],
            [
              121.5923349,
              25.1143892
            ],
            [
              121.5924099,
              25.1144267
            ],
            [
              121.5924603,
              25.1145349
            ],
            [
              121.5925197,
              25.1146502
            ],
            [
              121.5926734,
              25.114715
            ],
            [
              121.593062,
              25.1147919
            ],
            [
              121.5932637,
              25.1148609
            ],
            [
              121.5933658,
              25.1149092
            ],
            [
              121.5933882,
              25.1149194
            ],
            [
              121.5934652,
              25.1149635
            ],
            [
              121.5934862,
              25.1149698
            ],
            [
              121.5935349,
              25.1149315
            ],
            [
              121.5936946,
              25.1147593
            ],
            [
              121.5938336,
              25.1146317
            ],
            [
              121.5939795,
              25.1144787
            ],
            [
              121.5940839,
              25.1144148
            ],
            [
              121.5941534,
              25.1143825
            ],
            [
              121.594227,
              25.1143438
            ],
            [
              121.5943516,
              25.1143256
            ],
            [
              121.5944963,
              25.1144461
            ],
            [
              121.5946657,
              25.1145387
            ],
            [
              121.5947102,
              25.1145788
            ],
            [
              121.5948148,
              25.1144297
            ],
            [
              121.5949417,
              25.1143132
            ],
            [
              121.5950357,
              25.1142775
            ],
            [
              121.5952905,
              25.1142488
            ],
            [
              121.5954924,
              25.1141799
            ],
            [
              121.5955974,
              25.1141385
            ]
          ]
        ]
      }
    }
  ]
}
