{"type":"FeatureCollection","metadata":{"map:locale":"zh-Hant","administrative_source":"Taiwan Ministry of Interior-derived town boundaries","administrative_source_url":"https://cdn.jsdelivr.net/npm/taiwan-atlas/towns-10t.json","administrative_source_license":"MIT redistribution; source attribution retained in repository documentation"},"features":[
{"type":"Feature","properties":{"name":"嘉義市","label_type":"city","admin_level":"county","min_zoom":6.5,"max_zoom":8.5,"next_zoom":8.6,"source_level":"county"},"geometry":{"type":"Point","coordinates":[120.53,23.42]}},
{"type":"Feature","properties":{"name":"高雄市","label_type":"city","admin_level":"county","min_zoom":6.5,"max_zoom":8.5,"next_zoom":8.6,"source_level":"county"},"geometry":{"type":"Point","coordinates":[120.389975,22.783525]}},
{"type":"Feature","properties":{"name":"花蓮縣","label_type":"city","admin_level":"county","min_zoom":6.5,"max_zoom":8.5,"next_zoom":8.6,"source_level":"county"},"geometry":{"type":"Point","coordinates":[121.44358,23.704046]}},
{"type":"Feature","properties":{"name":"連江縣","label_type":"city","admin_level":"county","min_zoom":6.5,"max_zoom":8.5,"next_zoom":8.6,"source_level":"county","display_name":"馬祖"},"geometry":{"type":"Point","coordinates":[120.096975,26.176584]}},
{"type":"Feature","properties":{"name":"苗栗縣","label_type":"city","admin_level":"county","min_zoom":6.5,"max_zoom":8.5,"next_zoom":8.6,"source_level":"county"},"geometry":{"type":"Point","coordinates":[120.855477,24.521928]}},
{"type":"Feature","properties":{"name":"臺南市","label_type":"city","admin_level":"county","min_zoom":6.5,"max_zoom":8.5,"next_zoom":8.6,"source_level":"county"},"geometry":{"type":"Point","coordinates":[120.292001,23.126762]}},
{"type":"Feature","properties":{"name":"新竹縣","label_type":"city","admin_level":"county","min_zoom":6.5,"max_zoom":8.5,"next_zoom":8.6,"source_level":"county"},"geometry":{"type":"Point","coordinates":[121.087961,24.747977]}},
{"type":"Feature","properties":{"name":"屏東縣","label_type":"city","admin_level":"county","min_zoom":6.5,"max_zoom":8.5,"next_zoom":8.6,"source_level":"county"},"geometry":{"type":"Point","coordinates":[120.601119,22.504466]}},
{"type":"Feature","properties":{"name":"臺東縣","label_type":"city","admin_level":"county","min_zoom":6.5,"max_zoom":8.5,"next_zoom":8.6,"source_level":"county"},"geometry":{"type":"Point","coordinates":[121.144309,22.794097]}},
{"type":"Feature","properties":{"name":"新北市","label_type":"city","admin_level":"county","min_zoom":6.5,"max_zoom":8.5,"next_zoom":8.6,"source_level":"county"},"geometry":{"type":"Point","coordinates":[121.457699,25.011708]}},
{"type":"Feature","properties":{"name":"臺北市","label_type":"city","admin_level":"county","min_zoom":6.5,"max_zoom":8.5,"next_zoom":8.6,"source_level":"county"},"geometry":{"type":"Point","coordinates":[121.548858,25.05795]}},
{"type":"Feature","properties":{"name":"彰化縣","label_type":"city","admin_level":"county","min_zoom":6.5,"max_zoom":8.5,"next_zoom":8.6,"source_level":"county"},"geometry":{"type":"Point","coordinates":[120.501149,23.96483]}},
{"type":"Feature","properties":{"name":"金門縣","label_type":"city","admin_level":"county","min_zoom":6.5,"max_zoom":8.5,"next_zoom":8.6,"source_level":"county","display_name":"金門"},"geometry":{"type":"Point","coordinates":[118.528533,24.537762]}},
{"type":"Feature","properties":{"name":"宜蘭縣","label_type":"city","admin_level":"county","min_zoom":6.5,"max_zoom":8.5,"next_zoom":8.6,"source_level":"county"},"geometry":{"type":"Point","coordinates":[121.734683,24.6816]}},
{"type":"Feature","properties":{"name":"基隆市","label_type":"city","admin_level":"county","min_zoom":6.5,"max_zoom":8.5,"next_zoom":8.6,"source_level":"county"},"geometry":{"type":"Point","coordinates":[121.737382,25.124537]}},
{"type":"Feature","properties":{"name":"雲林縣","label_type":"city","admin_level":"county","min_zoom":6.5,"max_zoom":8.5,"next_zoom":8.6,"source_level":"county"},"geometry":{"type":"Point","coordinates":[120.371757,23.693497]}},
{"type":"Feature","properties":{"name":"澎湖縣","label_type":"city","admin_level":"county","min_zoom":6.5,"max_zoom":8.5,"next_zoom":8.6,"source_level":"county","display_name":"澎湖"},"geometry":{"type":"Point","coordinates":[119.543862,23.494454]}},
{"type":"Feature","properties":{"name":"嘉義縣","label_type":"city","admin_level":"county","min_zoom":6.5,"max_zoom":8.5,"next_zoom":8.6,"source_level":"county"},"geometry":{"type":"Point","coordinates":[120.2,23.55]}},
{"type":"Feature","properties":{"name":"新竹市","label_type":"city","admin_level":"county","min_zoom":6.5,"max_zoom":8.5,"next_zoom":8.6,"source_level":"county"},"geometry":{"type":"Point","coordinates":[120.953777,24.795867]}},
{"type":"Feature","properties":{"name":"臺中市","label_type":"city","admin_level":"county","min_zoom":6.5,"max_zoom":8.5,"next_zoom":8.6,"source_level":"county"},"geometry":{"type":"Point","coordinates":[120.686835,24.206425]}},
{"type":"Feature","properties":{"name":"南投縣","label_type":"city","admin_level":"county","min_zoom":6.5,"max_zoom":8.5,"next_zoom":8.6,"source_level":"county"},"geometry":{"type":"Point","coordinates":[120.841171,23.869427]}},
{"type":"Feature","properties":{"name":"桃園市","label_type":"city","admin_level":"county","min_zoom":6.5,"max_zoom":8.5,"next_zoom":8.6,"source_level":"county"},"geometry":{"type":"Point","coordinates":[121.235692,24.951456]}},
{"type":"Feature","properties":{"name":"成功鎮","label_type":"town","admin_level":"subdivision","parent":"臺東縣","town_code":"10014020","min_zoom":8.5,"max_zoom":11.5,"next_zoom":11.6,"source_level":"township"},"geometry":{"type":"Point","coordinates":[121.354104,23.126418]}},
{"type":"Feature","properties":{"name":"佳冬鄉","label_type":"town","admin_level":"subdivision","parent":"屏東縣","town_code":"10013210","min_zoom":8.5,"max_zoom":11.5,"next_zoom":11.6,"source_level":"township"},"geometry":{"type":"Point","coordinates":[120.546917,22.429076]}},
{"type":"Feature","properties":{"name":"麥寮鄉","label_type":"town","admin_level":"subdivision","parent":"雲林縣","town_code":"10009130","min_zoom":8.5,"max_zoom":11.5,"next_zoom":11.6,"source_level":"township"},"geometry":{"type":"Point","coordinates":[120.237989,23.791409]}},
{"type":"Feature","properties":{"name":"綠島鄉","label_type":"town","admin_level":"subdivision","parent":"臺東縣","town_code":"10014110","min_zoom":8.5,"max_zoom":11.5,"next_zoom":11.6,"source_level":"township"},"geometry":{"type":"Point","coordinates":[121.490362,22.659714]}},
{"type":"Feature","properties":{"name":"蘭嶼鄉","label_type":"town","admin_level":"subdivision","parent":"臺東縣","town_code":"10014160","min_zoom":8.5,"max_zoom":11.5,"next_zoom":11.6,"source_level":"township"},"geometry":{"type":"Point","coordinates":[121.550352,22.047173]}},
{"type":"Feature","properties":{"name":"田中鎮","label_type":"town","admin_level":"subdivision","parent":"彰化縣","town_code":"10007120","min_zoom":8.5,"max_zoom":11.5,"next_zoom":11.6,"source_level":"township"},"geometry":{"type":"Point","coordinates":[120.590331,23.857361]}},
{"type":"Feature","properties":{"name":"社頭鄉","label_type":"town","admin_level":"subdivision","parent":"彰化縣","town_code":"10007170","min_zoom":8.5,"max_zoom":11.5,"next_zoom":11.6,"source_level":"township"},"geometry":{"type":"Point","coordinates":[120.602233,23.905476]}},
{"type":"Feature","properties":{"name":"竹田鄉","label_type":"town","admin_level":"subdivision","parent":"屏東縣","town_code":"10013140","min_zoom":8.5,"max_zoom":11.5,"next_zoom":11.6,"source_level":"township"},"geometry":{"type":"Point","coordinates":[120.527866,22.589705]}},
{"type":"Feature","properties":{"name":"萬丹鄉","label_type":"town","admin_level":"subdivision","parent":"屏東縣","town_code":"10013050","min_zoom":8.5,"max_zoom":11.5,"next_zoom":11.6,"source_level":"township"},"geometry":{"type":"Point","coordinates":[120.476956,22.588193]}},
{"type":"Feature","properties":{"name":"三灣鄉","label_type":"town","admin_level":"subdivision","parent":"苗栗縣","town_code":"10005160","min_zoom":8.5,"max_zoom":11.5,"next_zoom":11.6,"source_level":"township"},"geometry":{"type":"Point","coordinates":[120.952566,24.636088]}},
{"type":"Feature","properties":{"name":"峨眉鄉","label_type":"town","admin_level":"subdivision","parent":"新竹縣","town_code":"10004110","min_zoom":8.5,"max_zoom":11.5,"next_zoom":11.6,"source_level":"township"},"geometry":{"type":"Point","coordinates":[121.01107,24.678217]}},
{"type":"Feature","properties":{"name":"南庄鄉","label_type":"town","admin_level":"subdivision","parent":"苗栗縣","town_code":"10005110","min_zoom":8.5,"max_zoom":11.5,"next_zoom":11.6,"source_level":"township"},"geometry":{"type":"Point","coordinates":[121.017489,24.566205]}},
{"type":"Feature","properties":{"name":"太保市","label_type":"town","admin_level":"subdivision","parent":"嘉義縣","town_code":"10010010","min_zoom":8.5,"max_zoom":11.5,"next_zoom":11.6,"source_level":"township"},"geometry":{"type":"Point","coordinates":[120.343924,23.473]}},
{"type":"Feature","properties":{"name":"中埔鄉","label_type":"town","admin_level":"subdivision","parent":"嘉義縣","town_code":"10010130","min_zoom":8.5,"max_zoom":11.5,"next_zoom":11.6,"source_level":"township"},"geometry":{"type":"Point","coordinates":[120.536527,23.404178]}},
{"type":"Feature","properties":{"name":"番路鄉","label_type":"town","admin_level":"subdivision","parent":"嘉義縣","town_code":"10010160","min_zoom":8.5,"max_zoom":11.5,"next_zoom":11.6,"source_level":"township"},"geometry":{"type":"Point","coordinates":[120.607508,23.427763]}},
{"type":"Feature","properties":{"name":"水上鄉","label_type":"town","admin_level":"subdivision","parent":"嘉義縣","town_code":"10010120","min_zoom":8.5,"max_zoom":11.5,"next_zoom":11.6,"source_level":"township"},"geometry":{"type":"Point","coordinates":[120.414702,23.429216]}},
{"type":"Feature","properties":{"name":"員林市","label_type":"town","admin_level":"subdivision","parent":"彰化縣","town_code":"10007100","min_zoom":8.5,"max_zoom":11.5,"next_zoom":11.6,"source_level":"township"},"geometry":{"type":"Point","coordinates":[120.593107,23.95661]}},
{"type":"Feature","properties":{"name":"小港區","label_type":"district","admin_level":"subdivision","parent":"高雄市","town_code":"64000110","min_zoom":8.5,"max_zoom":11.5,"next_zoom":11.6,"source_level":"township"},"geometry":{"type":"Point","coordinates":[120.352582,22.548215]}},
{"type":"Feature","properties":{"name":"蘇澳鎮","label_type":"town","admin_level":"subdivision","parent":"宜蘭縣","town_code":"10002030","min_zoom":8.5,"max_zoom":11.5,"next_zoom":11.6,"source_level":"township"},"geometry":{"type":"Point","coordinates":[121.836303,24.556502]}},
{"type":"Feature","properties":{"name":"五結鄉","label_type":"town","admin_level":"subdivision","parent":"宜蘭縣","town_code":"10002090","min_zoom":8.5,"max_zoom":11.5,"next_zoom":11.6,"source_level":"township"},"geometry":{"type":"Point","coordinates":[121.806106,24.689115]}},
{"type":"Feature","properties":{"name":"宜蘭市","label_type":"town","admin_level":"subdivision","parent":"宜蘭縣","town_code":"10002010","min_zoom":8.5,"max_zoom":11.5,"next_zoom":11.6,"source_level":"township"},"geometry":{"type":"Point","coordinates":[121.756955,24.750286]}},
{"type":"Feature","properties":{"name":"壯圍鄉","label_type":"town","admin_level":"subdivision","parent":"宜蘭縣","town_code":"10002060","min_zoom":8.5,"max_zoom":11.5,"next_zoom":11.6,"source_level":"township"},"geometry":{"type":"Point","coordinates":[121.801775,24.751893]}},
{"type":"Feature","properties":{"name":"南竿鄉","label_type":"town","admin_level":"subdivision","parent":"連江縣","town_code":"09007010","min_zoom":8.5,"max_zoom":11.5,"next_zoom":11.6,"source_level":"township"},"geometry":{"type":"Point","coordinates":[119.934396,26.155449]}},
{"type":"Feature","properties":{"name":"莒光鄉","label_type":"town","admin_level":"subdivision","parent":"連江縣","town_code":"09007030","min_zoom":8.5,"max_zoom":11.5,"next_zoom":11.6,"source_level":"township"},"geometry":{"type":"Point","coordinates":[119.974965,25.960756]}},
{"type":"Feature","properties":{"name":"金寧鄉","label_type":"town","admin_level":"subdivision","parent":"金門縣","town_code":"09020040","min_zoom":8.5,"max_zoom":11.5,"next_zoom":11.6,"source_level":"township"},"geometry":{"type":"Point","coordinates":[118.328035,24.457151]}},
{"type":"Feature","properties":{"name":"烏坵鄉","label_type":"town","admin_level":"subdivision","parent":"金門縣","town_code":"09020060","min_zoom":8.5,"max_zoom":11.5,"next_zoom":11.6,"source_level":"township"},"geometry":{"type":"Point","coordinates":[119.451198,24.992206]}},
{"type":"Feature","properties":{"name":"羅東鎮","label_type":"town","admin_level":"subdivision","parent":"宜蘭縣","town_code":"10002020","min_zoom":8.5,"max_zoom":11.5,"next_zoom":11.6,"source_level":"township"},"geometry":{"type":"Point","coordinates":[121.770171,24.678945]}},
{"type":"Feature","properties":{"name":"員山鄉","label_type":"town","admin_level":"subdivision","parent":"宜蘭縣","town_code":"10002070","min_zoom":8.5,"max_zoom":11.5,"next_zoom":11.6,"source_level":"township"},"geometry":{"type":"Point","coordinates":[121.661226,24.742082]}},
{"type":"Feature","properties":{"name":"冬山鄉","label_type":"town","admin_level":"subdivision","parent":"宜蘭縣","town_code":"10002080","min_zoom":8.5,"max_zoom":11.5,"next_zoom":11.6,"source_level":"township"},"geometry":{"type":"Point","coordinates":[121.760275,24.642238]}},
{"type":"Feature","properties":{"name":"三星鄉","label_type":"town","admin_level":"subdivision","parent":"宜蘭縣","town_code":"10002100","min_zoom":8.5,"max_zoom":11.5,"next_zoom":11.6,"source_level":"township"},"geometry":{"type":"Point","coordinates":[121.664287,24.667813]}},
{"type":"Feature","properties":{"name":"大同鄉","label_type":"town","admin_level":"subdivision","parent":"宜蘭縣","town_code":"10002110","min_zoom":8.5,"max_zoom":11.5,"next_zoom":11.6,"source_level":"township"},"geometry":{"type":"Point","coordinates":[121.515328,24.544894]}},
{"type":"Feature","properties":{"name":"竹東鎮","label_type":"town","admin_level":"subdivision","parent":"新竹縣","town_code":"10004020","min_zoom":8.5,"max_zoom":11.5,"next_zoom":11.6,"source_level":"township"},"geometry":{"type":"Point","coordinates":[121.075314,24.730915]}},
{"type":"Feature","properties":{"name":"新埔鎮","label_type":"town","admin_level":"subdivision","parent":"新竹縣","town_code":"10004030","min_zoom":8.5,"max_zoom":11.5,"next_zoom":11.6,"source_level":"township"},"geometry":{"type":"Point","coordinates":[121.093984,24.841432]}},
{"type":"Feature","properties":{"name":"關西鎮","label_type":"town","admin_level":"subdivision","parent":"新竹縣","town_code":"10004040","min_zoom":8.5,"max_zoom":11.5,"next_zoom":11.6,"source_level":"township"},"geometry":{"type":"Point","coordinates":[121.18663,24.785229]}},
{"type":"Feature","properties":{"name":"湖口鄉","label_type":"town","admin_level":"subdivision","parent":"新竹縣","town_code":"10004050","min_zoom":8.5,"max_zoom":11.5,"next_zoom":11.6,"source_level":"township"},"geometry":{"type":"Point","coordinates":[121.051734,24.885766]}},
{"type":"Feature","properties":{"name":"芎林鄉","label_type":"town","admin_level":"subdivision","parent":"新竹縣","town_code":"10004070","min_zoom":8.5,"max_zoom":11.5,"next_zoom":11.6,"source_level":"township"},"geometry":{"type":"Point","coordinates":[121.104614,24.765817]}},
{"type":"Feature","properties":{"name":"橫山鄉","label_type":"town","admin_level":"subdivision","parent":"新竹縣","town_code":"10004080","min_zoom":8.5,"max_zoom":11.5,"next_zoom":11.6,"source_level":"township"},"geometry":{"type":"Point","coordinates":[121.146971,24.707918]}},
{"type":"Feature","properties":{"name":"北埔鄉","label_type":"town","admin_level":"subdivision","parent":"新竹縣","town_code":"10004090","min_zoom":8.5,"max_zoom":11.5,"next_zoom":11.6,"source_level":"township"},"geometry":{"type":"Point","coordinates":[121.064263,24.672178]}},
{"type":"Feature","properties":{"name":"尖石鄉","label_type":"town","admin_level":"subdivision","parent":"新竹縣","town_code":"10004120","min_zoom":8.5,"max_zoom":11.5,"next_zoom":11.6,"source_level":"township"},"geometry":{"type":"Point","coordinates":[121.281949,24.595033]}},
{"type":"Feature","properties":{"name":"五峰鄉","label_type":"town","admin_level":"subdivision","parent":"新竹縣","town_code":"10004130","min_zoom":8.5,"max_zoom":11.5,"next_zoom":11.6,"source_level":"township"},"geometry":{"type":"Point","coordinates":[121.138964,24.578172]}},
{"type":"Feature","properties":{"name":"龍井區","label_type":"district","admin_level":"subdivision","parent":"臺中市","town_code":"66000250","min_zoom":8.5,"max_zoom":11.5,"next_zoom":11.6,"source_level":"township"},"geometry":{"type":"Point","coordinates":[120.524319,24.201883]}},
{"type":"Feature","properties":{"name":"大雅區","label_type":"district","admin_level":"subdivision","parent":"臺中市","town_code":"66000180","min_zoom":8.5,"max_zoom":11.5,"next_zoom":11.6,"source_level":"township"},"geometry":{"type":"Point","coordinates":[120.641155,24.227034]}},
{"type":"Feature","properties":{"name":"沙鹿區","label_type":"district","admin_level":"subdivision","parent":"臺中市","town_code":"66000130","min_zoom":8.5,"max_zoom":11.5,"next_zoom":11.6,"source_level":"township"},"geometry":{"type":"Point","coordinates":[120.583767,24.234349]}},
{"type":"Feature","properties":{"name":"梧棲區","label_type":"district","admin_level":"subdivision","parent":"臺中市","town_code":"66000140","min_zoom":8.5,"max_zoom":11.5,"next_zoom":11.6,"source_level":"township"},"geometry":{"type":"Point","coordinates":[120.523534,24.249947]}},
{"type":"Feature","properties":{"name":"湖西鄉","label_type":"town","admin_level":"subdivision","parent":"澎湖縣","town_code":"10016020","min_zoom":8.5,"max_zoom":11.5,"next_zoom":11.6,"source_level":"township"},"geometry":{"type":"Point","coordinates":[119.644907,23.577985]}},
{"type":"Feature","properties":{"name":"苗栗市","label_type":"town","admin_level":"subdivision","parent":"苗栗縣","town_code":"10005010","min_zoom":8.5,"max_zoom":11.5,"next_zoom":11.6,"source_level":"township"},"geometry":{"type":"Point","coordinates":[120.811219,24.563921]}},
{"type":"Feature","properties":{"name":"卓蘭鎮","label_type":"town","admin_level":"subdivision","parent":"苗栗縣","town_code":"10005070","min_zoom":8.5,"max_zoom":11.5,"next_zoom":11.6,"source_level":"township"},"geometry":{"type":"Point","coordinates":[120.856052,24.325384]}},
{"type":"Feature","properties":{"name":"大湖鄉","label_type":"town","admin_level":"subdivision","parent":"苗栗縣","town_code":"10005080","min_zoom":8.5,"max_zoom":11.5,"next_zoom":11.6,"source_level":"township"},"geometry":{"type":"Point","coordinates":[120.863138,24.393801]}},
{"type":"Feature","properties":{"name":"公館鄉","label_type":"town","admin_level":"subdivision","parent":"苗栗縣","town_code":"10005090","min_zoom":8.5,"max_zoom":11.5,"next_zoom":11.6,"source_level":"township"},"geometry":{"type":"Point","coordinates":[120.85059,24.502613]}},
{"type":"Feature","properties":{"name":"銅鑼鄉","label_type":"town","admin_level":"subdivision","parent":"苗栗縣","town_code":"10005100","min_zoom":8.5,"max_zoom":11.5,"next_zoom":11.6,"source_level":"township"},"geometry":{"type":"Point","coordinates":[120.799189,24.45604]}},
{"type":"Feature","properties":{"name":"頭屋鄉","label_type":"town","admin_level":"subdivision","parent":"苗栗縣","town_code":"10005120","min_zoom":8.5,"max_zoom":11.5,"next_zoom":11.6,"source_level":"township"},"geometry":{"type":"Point","coordinates":[120.882687,24.573569]}},
{"type":"Feature","properties":{"name":"三義鄉","label_type":"town","admin_level":"subdivision","parent":"苗栗縣","town_code":"10005130","min_zoom":8.5,"max_zoom":11.5,"next_zoom":11.6,"source_level":"township"},"geometry":{"type":"Point","coordinates":[120.770198,24.380932]}},
{"type":"Feature","properties":{"name":"西湖鄉","label_type":"town","admin_level":"subdivision","parent":"苗栗縣","town_code":"10005140","min_zoom":8.5,"max_zoom":11.5,"next_zoom":11.6,"source_level":"township"},"geometry":{"type":"Point","coordinates":[120.76139,24.541622]}},
{"type":"Feature","properties":{"name":"造橋鄉","label_type":"town","admin_level":"subdivision","parent":"苗栗縣","town_code":"10005150","min_zoom":8.5,"max_zoom":11.5,"next_zoom":11.6,"source_level":"township"},"geometry":{"type":"Point","coordinates":[120.869528,24.624915]}},
{"type":"Feature","properties":{"name":"獅潭鄉","label_type":"town","admin_level":"subdivision","parent":"苗栗縣","town_code":"10005170","min_zoom":8.5,"max_zoom":11.5,"next_zoom":11.6,"source_level":"township"},"geometry":{"type":"Point","coordinates":[120.920702,24.519914]}},
{"type":"Feature","properties":{"name":"泰安鄉","label_type":"town","admin_level":"subdivision","parent":"苗栗縣","town_code":"10005180","min_zoom":8.5,"max_zoom":11.5,"next_zoom":11.6,"source_level":"township"},"geometry":{"type":"Point","coordinates":[121.06828,24.419279]}},
{"type":"Feature","properties":{"name":"彰化市","label_type":"town","admin_level":"subdivision","parent":"彰化縣","town_code":"10007010","min_zoom":8.5,"max_zoom":11.5,"next_zoom":11.6,"source_level":"township"},"geometry":{"type":"Point","coordinates":[120.569396,24.07544]}},
{"type":"Feature","properties":{"name":"和美鎮","label_type":"town","admin_level":"subdivision","parent":"彰化縣","town_code":"10007030","min_zoom":8.5,"max_zoom":11.5,"next_zoom":11.6,"source_level":"township"},"geometry":{"type":"Point","coordinates":[120.511186,24.113841]}},
{"type":"Feature","properties":{"name":"線西鄉","label_type":"town","admin_level":"subdivision","parent":"彰化縣","town_code":"10007040","min_zoom":8.5,"max_zoom":11.5,"next_zoom":11.6,"source_level":"township"},"geometry":{"type":"Point","coordinates":[120.441955,24.137723]}},
{"type":"Feature","properties":{"name":"伸港鄉","label_type":"town","admin_level":"subdivision","parent":"彰化縣","town_code":"10007050","min_zoom":8.5,"max_zoom":11.5,"next_zoom":11.6,"source_level":"township"},"geometry":{"type":"Point","coordinates":[120.473966,24.170629]}},
{"type":"Feature","properties":{"name":"秀水鄉","label_type":"town","admin_level":"subdivision","parent":"彰化縣","town_code":"10007070","min_zoom":8.5,"max_zoom":11.5,"next_zoom":11.6,"source_level":"township"},"geometry":{"type":"Point","coordinates":[120.504121,24.032579]}},
{"type":"Feature","properties":{"name":"花壇鄉","label_type":"town","admin_level":"subdivision","parent":"彰化縣","town_code":"10007080","min_zoom":8.5,"max_zoom":11.5,"next_zoom":11.6,"source_level":"township"},"geometry":{"type":"Point","coordinates":[120.559763,24.030171]}},
{"type":"Feature","properties":{"name":"芬園鄉","label_type":"town","admin_level":"subdivision","parent":"彰化縣","town_code":"10007090","min_zoom":8.5,"max_zoom":11.5,"next_zoom":11.6,"source_level":"township"},"geometry":{"type":"Point","coordinates":[120.62945,24.006354]}},
{"type":"Feature","properties":{"name":"溪湖鎮","label_type":"town","admin_level":"subdivision","parent":"彰化縣","town_code":"10007110","min_zoom":8.5,"max_zoom":11.5,"next_zoom":11.6,"source_level":"township"},"geometry":{"type":"Point","coordinates":[120.483181,23.951788]}},
{"type":"Feature","properties":{"name":"東石鄉","label_type":"town","admin_level":"subdivision","parent":"嘉義縣","town_code":"10010090","min_zoom":8.5,"max_zoom":11.5,"next_zoom":11.6,"source_level":"township"},"geometry":{"type":"Point","coordinates":[120.174003,23.469015]}},
{"type":"Feature","properties":{"name":"大村鄉","label_type":"town","admin_level":"subdivision","parent":"彰化縣","town_code":"10007130","min_zoom":8.5,"max_zoom":11.5,"next_zoom":11.6,"source_level":"township"},"geometry":{"type":"Point","coordinates":[120.558647,23.992179]}},
{"type":"Feature","properties":{"name":"埔鹽鄉","label_type":"town","admin_level":"subdivision","parent":"彰化縣","town_code":"10007140","min_zoom":8.5,"max_zoom":11.5,"next_zoom":11.6,"source_level":"township"},"geometry":{"type":"Point","coordinates":[120.459437,23.992134]}},
{"type":"Feature","properties":{"name":"埔心鄉","label_type":"town","admin_level":"subdivision","parent":"彰化縣","town_code":"10007150","min_zoom":8.5,"max_zoom":11.5,"next_zoom":11.6,"source_level":"township"},"geometry":{"type":"Point","coordinates":[120.534295,23.95286]}},
{"type":"Feature","properties":{"name":"永靖鄉","label_type":"town","admin_level":"subdivision","parent":"彰化縣","town_code":"10007160","min_zoom":8.5,"max_zoom":11.5,"next_zoom":11.6,"source_level":"township"},"geometry":{"type":"Point","coordinates":[120.541583,23.921487]}},
{"type":"Feature","properties":{"name":"二水鄉","label_type":"town","admin_level":"subdivision","parent":"彰化縣","town_code":"10007180","min_zoom":8.5,"max_zoom":11.5,"next_zoom":11.6,"source_level":"township"},"geometry":{"type":"Point","coordinates":[120.628603,23.809303]}},
{"type":"Feature","properties":{"name":"二林鎮","label_type":"town","admin_level":"subdivision","parent":"彰化縣","town_code":"10007200","min_zoom":8.5,"max_zoom":11.5,"next_zoom":11.6,"source_level":"township"},"geometry":{"type":"Point","coordinates":[120.404215,23.916323]}},
{"type":"Feature","properties":{"name":"埤頭鄉","label_type":"town","admin_level":"subdivision","parent":"彰化縣","town_code":"10007220","min_zoom":8.5,"max_zoom":11.5,"next_zoom":11.6,"source_level":"township"},"geometry":{"type":"Point","coordinates":[120.467552,23.882426]}},
{"type":"Feature","properties":{"name":"芳苑鄉","label_type":"town","admin_level":"subdivision","parent":"彰化縣","town_code":"10007230","min_zoom":8.5,"max_zoom":11.5,"next_zoom":11.6,"source_level":"township"},"geometry":{"type":"Point","coordinates":[120.340827,23.957941]}},
{"type":"Feature","properties":{"name":"大城鄉","label_type":"town","admin_level":"subdivision","parent":"彰化縣","town_code":"10007240","min_zoom":8.5,"max_zoom":11.5,"next_zoom":11.6,"source_level":"township"},"geometry":{"type":"Point","coordinates":[120.295251,23.859438]}},
{"type":"Feature","properties":{"name":"竹塘鄉","label_type":"town","admin_level":"subdivision","parent":"彰化縣","town_code":"10007250","min_zoom":8.5,"max_zoom":11.5,"next_zoom":11.6,"source_level":"township"},"geometry":{"type":"Point","coordinates":[120.413656,23.850684]}},
{"type":"Feature","properties":{"name":"溪州鄉","label_type":"town","admin_level":"subdivision","parent":"彰化縣","town_code":"10007260","min_zoom":8.5,"max_zoom":11.5,"next_zoom":11.6,"source_level":"township"},"geometry":{"type":"Point","coordinates":[120.522495,23.827334]}},
{"type":"Feature","properties":{"name":"南投市","label_type":"town","admin_level":"subdivision","parent":"南投縣","town_code":"10008010","min_zoom":8.5,"max_zoom":11.5,"next_zoom":11.6,"source_level":"township"},"geometry":{"type":"Point","coordinates":[120.678837,23.921801]}},
{"type":"Feature","properties":{"name":"埔里鎮","label_type":"town","admin_level":"subdivision","parent":"南投縣","town_code":"10008020","min_zoom":8.5,"max_zoom":11.5,"next_zoom":11.6,"source_level":"township"},"geometry":{"type":"Point","coordinates":[120.962573,23.979043]}},
{"type":"Feature","properties":{"name":"草屯鎮","label_type":"town","admin_level":"subdivision","parent":"南投縣","town_code":"10008030","min_zoom":8.5,"max_zoom":11.5,"next_zoom":11.6,"source_level":"township"},"geometry":{"type":"Point","coordinates":[120.732125,23.983365]}},
{"type":"Feature","properties":{"name":"竹山鎮","label_type":"town","admin_level":"subdivision","parent":"南投縣","town_code":"10008040","min_zoom":8.5,"max_zoom":11.5,"next_zoom":11.6,"source_level":"township"},"geometry":{"type":"Point","coordinates":[120.710098,23.698175]}},
{"type":"Feature","properties":{"name":"集集鎮","label_type":"town","admin_level":"subdivision","parent":"南投縣","town_code":"10008050","min_zoom":8.5,"max_zoom":11.5,"next_zoom":11.6,"source_level":"township"},"geometry":{"type":"Point","coordinates":[120.78527,23.837084]}},
{"type":"Feature","properties":{"name":"名間鄉","label_type":"town","admin_level":"subdivision","parent":"南投縣","town_code":"10008060","min_zoom":8.5,"max_zoom":11.5,"next_zoom":11.6,"source_level":"township"},"geometry":{"type":"Point","coordinates":[120.67744,23.85117]}},
{"type":"Feature","properties":{"name":"鹿谷鄉","label_type":"town","admin_level":"subdivision","parent":"南投縣","town_code":"10008070","min_zoom":8.5,"max_zoom":11.5,"next_zoom":11.6,"source_level":"township"},"geometry":{"type":"Point","coordinates":[120.781525,23.737869]}},
{"type":"Feature","properties":{"name":"中寮鄉","label_type":"town","admin_level":"subdivision","parent":"南投縣","town_code":"10008080","min_zoom":8.5,"max_zoom":11.5,"next_zoom":11.6,"source_level":"township"},"geometry":{"type":"Point","coordinates":[120.786018,23.906046]}},
{"type":"Feature","properties":{"name":"魚池鄉","label_type":"town","admin_level":"subdivision","parent":"南投縣","town_code":"10008090","min_zoom":8.5,"max_zoom":11.5,"next_zoom":11.6,"source_level":"township"},"geometry":{"type":"Point","coordinates":[120.925723,23.876091]}},
{"type":"Feature","properties":{"name":"國姓鄉","label_type":"town","admin_level":"subdivision","parent":"南投縣","town_code":"10008100","min_zoom":8.5,"max_zoom":11.5,"next_zoom":11.6,"source_level":"township"},"geometry":{"type":"Point","coordinates":[120.867536,24.031319]}},
{"type":"Feature","properties":{"name":"水里鄉","label_type":"town","admin_level":"subdivision","parent":"南投縣","town_code":"10008110","min_zoom":8.5,"max_zoom":11.5,"next_zoom":11.6,"source_level":"township"},"geometry":{"type":"Point","coordinates":[120.862275,23.796277]}},
{"type":"Feature","properties":{"name":"信義鄉","label_type":"town","admin_level":"subdivision","parent":"南投縣","town_code":"10008120","min_zoom":8.5,"max_zoom":11.5,"next_zoom":11.6,"source_level":"township"},"geometry":{"type":"Point","coordinates":[121.021352,23.65561]}},
{"type":"Feature","properties":{"name":"仁愛鄉","label_type":"town","admin_level":"subdivision","parent":"南投縣","town_code":"10008130","min_zoom":8.5,"max_zoom":11.5,"next_zoom":11.6,"source_level":"township"},"geometry":{"type":"Point","coordinates":[121.144455,24.028696]}},
{"type":"Feature","properties":{"name":"斗六市","label_type":"town","admin_level":"subdivision","parent":"雲林縣","town_code":"10009010","min_zoom":8.5,"max_zoom":11.5,"next_zoom":11.6,"source_level":"township"},"geometry":{"type":"Point","coordinates":[120.560064,23.706615]}},
{"type":"Feature","properties":{"name":"斗南鎮","label_type":"town","admin_level":"subdivision","parent":"雲林縣","town_code":"10009020","min_zoom":8.5,"max_zoom":11.5,"next_zoom":11.6,"source_level":"township"},"geometry":{"type":"Point","coordinates":[120.482635,23.67075]}},
{"type":"Feature","properties":{"name":"虎尾鎮","label_type":"town","admin_level":"subdivision","parent":"雲林縣","town_code":"10009030","min_zoom":8.5,"max_zoom":11.5,"next_zoom":11.6,"source_level":"township"},"geometry":{"type":"Point","coordinates":[120.429308,23.716705]}},
{"type":"Feature","properties":{"name":"西螺鎮","label_type":"town","admin_level":"subdivision","parent":"雲林縣","town_code":"10009040","min_zoom":8.5,"max_zoom":11.5,"next_zoom":11.6,"source_level":"township"},"geometry":{"type":"Point","coordinates":[120.458062,23.779497]}},
{"type":"Feature","properties":{"name":"土庫鎮","label_type":"town","admin_level":"subdivision","parent":"雲林縣","town_code":"10009050","min_zoom":8.5,"max_zoom":11.5,"next_zoom":11.6,"source_level":"township"},"geometry":{"type":"Point","coordinates":[120.364722,23.691193]}},
{"type":"Feature","properties":{"name":"北港鎮","label_type":"town","admin_level":"subdivision","parent":"雲林縣","town_code":"10009060","min_zoom":8.5,"max_zoom":11.5,"next_zoom":11.6,"source_level":"township"},"geometry":{"type":"Point","coordinates":[120.293999,23.59227]}},
{"type":"Feature","properties":{"name":"古坑鄉","label_type":"town","admin_level":"subdivision","parent":"雲林縣","town_code":"10009070","min_zoom":8.5,"max_zoom":11.5,"next_zoom":11.6,"source_level":"township"},"geometry":{"type":"Point","coordinates":[120.611696,23.62558]}},
{"type":"Feature","properties":{"name":"大埤鄉","label_type":"town","admin_level":"subdivision","parent":"雲林縣","town_code":"10009080","min_zoom":8.5,"max_zoom":11.5,"next_zoom":11.6,"source_level":"township"},"geometry":{"type":"Point","coordinates":[120.425562,23.645683]}},
{"type":"Feature","properties":{"name":"莿桐鄉","label_type":"town","admin_level":"subdivision","parent":"雲林縣","town_code":"10009090","min_zoom":8.5,"max_zoom":11.5,"next_zoom":11.6,"source_level":"township"},"geometry":{"type":"Point","coordinates":[120.529039,23.769841]}},
{"type":"Feature","properties":{"name":"林內鄉","label_type":"town","admin_level":"subdivision","parent":"雲林縣","town_code":"10009100","min_zoom":8.5,"max_zoom":11.5,"next_zoom":11.6,"source_level":"township"},"geometry":{"type":"Point","coordinates":[120.615487,23.755874]}},
{"type":"Feature","properties":{"name":"二崙鄉","label_type":"town","admin_level":"subdivision","parent":"雲林縣","town_code":"10009110","min_zoom":8.5,"max_zoom":11.5,"next_zoom":11.6,"source_level":"township"},"geometry":{"type":"Point","coordinates":[120.396452,23.792659]}},
{"type":"Feature","properties":{"name":"崙背鄉","label_type":"town","admin_level":"subdivision","parent":"雲林縣","town_code":"10009120","min_zoom":8.5,"max_zoom":11.5,"next_zoom":11.6,"source_level":"township"},"geometry":{"type":"Point","coordinates":[120.333972,23.778591]}},
{"type":"Feature","properties":{"name":"東勢鄉","label_type":"town","admin_level":"subdivision","parent":"雲林縣","town_code":"10009140","min_zoom":8.5,"max_zoom":11.5,"next_zoom":11.6,"source_level":"township"},"geometry":{"type":"Point","coordinates":[120.256415,23.696226]}},
{"type":"Feature","properties":{"name":"褒忠鄉","label_type":"town","admin_level":"subdivision","parent":"雲林縣","town_code":"10009150","min_zoom":8.5,"max_zoom":11.5,"next_zoom":11.6,"source_level":"township"},"geometry":{"type":"Point","coordinates":[120.311631,23.716237]}},
{"type":"Feature","properties":{"name":"元長鄉","label_type":"town","admin_level":"subdivision","parent":"雲林縣","town_code":"10009170","min_zoom":8.5,"max_zoom":11.5,"next_zoom":11.6,"source_level":"township"},"geometry":{"type":"Point","coordinates":[120.327936,23.642528]}},
{"type":"Feature","properties":{"name":"水林鄉","label_type":"town","admin_level":"subdivision","parent":"雲林縣","town_code":"10009200","min_zoom":8.5,"max_zoom":11.5,"next_zoom":11.6,"source_level":"township"},"geometry":{"type":"Point","coordinates":[120.23526,23.561734]}},
{"type":"Feature","properties":{"name":"朴子市","label_type":"town","admin_level":"subdivision","parent":"嘉義縣","town_code":"10010020","min_zoom":8.5,"max_zoom":11.5,"next_zoom":11.6,"source_level":"township"},"geometry":{"type":"Point","coordinates":[120.253823,23.446145]}},
{"type":"Feature","properties":{"name":"大林鎮","label_type":"town","admin_level":"subdivision","parent":"嘉義縣","town_code":"10010040","min_zoom":8.5,"max_zoom":11.5,"next_zoom":11.6,"source_level":"township"},"geometry":{"type":"Point","coordinates":[120.480803,23.59899]}},
{"type":"Feature","properties":{"name":"民雄鄉","label_type":"town","admin_level":"subdivision","parent":"嘉義縣","town_code":"10010050","min_zoom":8.5,"max_zoom":11.5,"next_zoom":11.6,"source_level":"township"},"geometry":{"type":"Point","coordinates":[120.444272,23.542658]}},
{"type":"Feature","properties":{"name":"溪口鄉","label_type":"town","admin_level":"subdivision","parent":"嘉義縣","town_code":"10010060","min_zoom":8.5,"max_zoom":11.5,"next_zoom":11.6,"source_level":"township"},"geometry":{"type":"Point","coordinates":[120.401027,23.593637]}},
{"type":"Feature","properties":{"name":"新港鄉","label_type":"town","admin_level":"subdivision","parent":"嘉義縣","town_code":"10010070","min_zoom":8.5,"max_zoom":11.5,"next_zoom":11.6,"source_level":"township"},"geometry":{"type":"Point","coordinates":[120.348285,23.545919]}},
{"type":"Feature","properties":{"name":"六腳鄉","label_type":"town","admin_level":"subdivision","parent":"嘉義縣","town_code":"10010080","min_zoom":8.5,"max_zoom":11.5,"next_zoom":11.6,"source_level":"township"},"geometry":{"type":"Point","coordinates":[120.271493,23.510253]}},
{"type":"Feature","properties":{"name":"義竹鄉","label_type":"town","admin_level":"subdivision","parent":"嘉義縣","town_code":"10010100","min_zoom":8.5,"max_zoom":11.5,"next_zoom":11.6,"source_level":"township"},"geometry":{"type":"Point","coordinates":[120.223939,23.345848]}},
{"type":"Feature","properties":{"name":"鹿草鄉","label_type":"town","admin_level":"subdivision","parent":"嘉義縣","town_code":"10010110","min_zoom":8.5,"max_zoom":11.5,"next_zoom":11.6,"source_level":"township"},"geometry":{"type":"Point","coordinates":[120.304551,23.408223]}},
{"type":"Feature","properties":{"name":"竹崎鄉","label_type":"town","admin_level":"subdivision","parent":"嘉義縣","town_code":"10010140","min_zoom":8.5,"max_zoom":11.5,"next_zoom":11.6,"source_level":"township"},"geometry":{"type":"Point","coordinates":[120.59657,23.503841]}},
{"type":"Feature","properties":{"name":"梅山鄉","label_type":"town","admin_level":"subdivision","parent":"嘉義縣","town_code":"10010150","min_zoom":8.5,"max_zoom":11.5,"next_zoom":11.6,"source_level":"township"},"geometry":{"type":"Point","coordinates":[120.638788,23.555448]}},
{"type":"Feature","properties":{"name":"大埔鄉","label_type":"town","admin_level":"subdivision","parent":"嘉義縣","town_code":"10010170","min_zoom":8.5,"max_zoom":11.5,"next_zoom":11.6,"source_level":"township"},"geometry":{"type":"Point","coordinates":[120.589662,23.288587]}},
{"type":"Feature","properties":{"name":"阿里山鄉","label_type":"town","admin_level":"subdivision","parent":"嘉義縣","town_code":"10010180","min_zoom":8.5,"max_zoom":11.5,"next_zoom":11.6,"source_level":"township"},"geometry":{"type":"Point","coordinates":[120.759634,23.440902]}},
{"type":"Feature","properties":{"name":"屏東市","label_type":"town","admin_level":"subdivision","parent":"屏東縣","town_code":"10013010","min_zoom":8.5,"max_zoom":11.5,"next_zoom":11.6,"source_level":"township"},"geometry":{"type":"Point","coordinates":[120.479992,22.664843]}},
{"type":"Feature","properties":{"name":"潮州鎮","label_type":"town","admin_level":"subdivision","parent":"屏東縣","town_code":"10013020","min_zoom":8.5,"max_zoom":11.5,"next_zoom":11.6,"source_level":"township"},"geometry":{"type":"Point","coordinates":[120.556794,22.536533]}},
{"type":"Feature","properties":{"name":"長治鄉","label_type":"town","admin_level":"subdivision","parent":"屏東縣","town_code":"10013060","min_zoom":8.5,"max_zoom":11.5,"next_zoom":11.6,"source_level":"township"},"geometry":{"type":"Point","coordinates":[120.555975,22.694656]}},
{"type":"Feature","properties":{"name":"麟洛鄉","label_type":"town","admin_level":"subdivision","parent":"屏東縣","town_code":"10013070","min_zoom":8.5,"max_zoom":11.5,"next_zoom":11.6,"source_level":"township"},"geometry":{"type":"Point","coordinates":[120.529984,22.64887]}},
{"type":"Feature","properties":{"name":"九如鄉","label_type":"town","admin_level":"subdivision","parent":"屏東縣","town_code":"10013080","min_zoom":8.5,"max_zoom":11.5,"next_zoom":11.6,"source_level":"township"},"geometry":{"type":"Point","coordinates":[120.484505,22.731772]}},
{"type":"Feature","properties":{"name":"里港鄉","label_type":"town","admin_level":"subdivision","parent":"屏東縣","town_code":"10013090","min_zoom":8.5,"max_zoom":11.5,"next_zoom":11.6,"source_level":"township"},"geometry":{"type":"Point","coordinates":[120.506138,22.798641]}},
{"type":"Feature","properties":{"name":"鹽埔鄉","label_type":"town","admin_level":"subdivision","parent":"屏東縣","town_code":"10013100","min_zoom":8.5,"max_zoom":11.5,"next_zoom":11.6,"source_level":"township"},"geometry":{"type":"Point","coordinates":[120.569392,22.742636]}},
{"type":"Feature","properties":{"name":"高樹鄉","label_type":"town","admin_level":"subdivision","parent":"屏東縣","town_code":"10013110","min_zoom":8.5,"max_zoom":11.5,"next_zoom":11.6,"source_level":"township"},"geometry":{"type":"Point","coordinates":[120.601758,22.80999]}},
{"type":"Feature","properties":{"name":"萬巒鄉","label_type":"town","admin_level":"subdivision","parent":"屏東縣","town_code":"10013120","min_zoom":8.5,"max_zoom":11.5,"next_zoom":11.6,"source_level":"township"},"geometry":{"type":"Point","coordinates":[120.601851,22.582456]}},
{"type":"Feature","properties":{"name":"內埔鄉","label_type":"town","admin_level":"subdivision","parent":"屏東縣","town_code":"10013130","min_zoom":8.5,"max_zoom":11.5,"next_zoom":11.6,"source_level":"township"},"geometry":{"type":"Point","coordinates":[120.588842,22.65129]}},
{"type":"Feature","properties":{"name":"新埤鄉","label_type":"town","admin_level":"subdivision","parent":"屏東縣","town_code":"10013150","min_zoom":8.5,"max_zoom":11.5,"next_zoom":11.6,"source_level":"township"},"geometry":{"type":"Point","coordinates":[120.584642,22.486858]}},
{"type":"Feature","properties":{"name":"崁頂鄉","label_type":"town","admin_level":"subdivision","parent":"屏東縣","town_code":"10013180","min_zoom":8.5,"max_zoom":11.5,"next_zoom":11.6,"source_level":"township"},"geometry":{"type":"Point","coordinates":[120.500667,22.515391]}},
{"type":"Feature","properties":{"name":"南州鄉","label_type":"town","admin_level":"subdivision","parent":"屏東縣","town_code":"10013200","min_zoom":8.5,"max_zoom":11.5,"next_zoom":11.6,"source_level":"township"},"geometry":{"type":"Point","coordinates":[120.518033,22.479897]}},
{"type":"Feature","properties":{"name":"琉球鄉","label_type":"town","admin_level":"subdivision","parent":"屏東縣","town_code":"10013220","min_zoom":8.5,"max_zoom":11.5,"next_zoom":11.6,"source_level":"township"},"geometry":{"type":"Point","coordinates":[120.371141,22.340235]}},
{"type":"Feature","properties":{"name":"三地門鄉","label_type":"town","admin_level":"subdivision","parent":"屏東縣","town_code":"10013260","min_zoom":8.5,"max_zoom":11.5,"next_zoom":11.6,"source_level":"township"},"geometry":{"type":"Point","coordinates":[120.686522,22.797979]}},
{"type":"Feature","properties":{"name":"霧臺鄉","label_type":"town","admin_level":"subdivision","parent":"屏東縣","town_code":"10013270","min_zoom":8.5,"max_zoom":11.5,"next_zoom":11.6,"source_level":"township"},"geometry":{"type":"Point","coordinates":[120.800822,22.760008]}},
{"type":"Feature","properties":{"name":"瑪家鄉","label_type":"town","admin_level":"subdivision","parent":"屏東縣","town_code":"10013280","min_zoom":8.5,"max_zoom":11.5,"next_zoom":11.6,"source_level":"township"},"geometry":{"type":"Point","coordinates":[120.679933,22.671177]}},
{"type":"Feature","properties":{"name":"泰武鄉","label_type":"town","admin_level":"subdivision","parent":"屏東縣","town_code":"10013290","min_zoom":8.5,"max_zoom":11.5,"next_zoom":11.6,"source_level":"township"},"geometry":{"type":"Point","coordinates":[120.691843,22.604198]}},
{"type":"Feature","properties":{"name":"來義鄉","label_type":"town","admin_level":"subdivision","parent":"屏東縣","town_code":"10013300","min_zoom":8.5,"max_zoom":11.5,"next_zoom":11.6,"source_level":"township"},"geometry":{"type":"Point","coordinates":[120.685722,22.501679]}},
{"type":"Feature","properties":{"name":"春日鄉","label_type":"town","admin_level":"subdivision","parent":"屏東縣","town_code":"10013310","min_zoom":8.5,"max_zoom":11.5,"next_zoom":11.6,"source_level":"township"},"geometry":{"type":"Point","coordinates":[120.69759,22.404126]}},
{"type":"Feature","properties":{"name":"獅子鄉","label_type":"town","admin_level":"subdivision","parent":"屏東縣","town_code":"10013320","min_zoom":8.5,"max_zoom":11.5,"next_zoom":11.6,"source_level":"township"},"geometry":{"type":"Point","coordinates":[120.735719,22.260886]}},
{"type":"Feature","properties":{"name":"鹿野鄉","label_type":"town","admin_level":"subdivision","parent":"臺東縣","town_code":"10014050","min_zoom":8.5,"max_zoom":11.5,"next_zoom":11.6,"source_level":"township"},"geometry":{"type":"Point","coordinates":[121.157102,22.951882]}},
{"type":"Feature","properties":{"name":"池上鄉","label_type":"town","admin_level":"subdivision","parent":"臺東縣","town_code":"10014060","min_zoom":8.5,"max_zoom":11.5,"next_zoom":11.6,"source_level":"township"},"geometry":{"type":"Point","coordinates":[121.218466,23.092572]}},
{"type":"Feature","properties":{"name":"延平鄉","label_type":"town","admin_level":"subdivision","parent":"臺東縣","town_code":"10014130","min_zoom":8.5,"max_zoom":11.5,"next_zoom":11.6,"source_level":"township"},"geometry":{"type":"Point","coordinates":[120.983484,22.903496]}},
{"type":"Feature","properties":{"name":"光復鄉","label_type":"town","admin_level":"subdivision","parent":"花蓮縣","town_code":"10015070","min_zoom":8.5,"max_zoom":11.5,"next_zoom":11.6,"source_level":"township"},"geometry":{"type":"Point","coordinates":[121.435291,23.646526]}},
{"type":"Feature","properties":{"name":"瑞穗鄉","label_type":"town","admin_level":"subdivision","parent":"花蓮縣","town_code":"10015090","min_zoom":8.5,"max_zoom":11.5,"next_zoom":11.6,"source_level":"township"},"geometry":{"type":"Point","coordinates":[121.407375,23.515711]}},
{"type":"Feature","properties":{"name":"富里鄉","label_type":"town","admin_level":"subdivision","parent":"花蓮縣","town_code":"10015100","min_zoom":8.5,"max_zoom":11.5,"next_zoom":11.6,"source_level":"township"},"geometry":{"type":"Point","coordinates":[121.298117,23.196837]}},
{"type":"Feature","properties":{"name":"馬公市","label_type":"town","admin_level":"subdivision","parent":"澎湖縣","town_code":"10016010","min_zoom":8.5,"max_zoom":11.5,"next_zoom":11.6,"source_level":"township"},"geometry":{"type":"Point","coordinates":[119.590421,23.549428]}},
{"type":"Feature","properties":{"name":"白沙鄉","label_type":"town","admin_level":"subdivision","parent":"澎湖縣","town_code":"10016030","min_zoom":8.5,"max_zoom":11.5,"next_zoom":11.6,"source_level":"township"},"geometry":{"type":"Point","coordinates":[119.588254,23.652737]}},
{"type":"Feature","properties":{"name":"西嶼鄉","label_type":"town","admin_level":"subdivision","parent":"澎湖縣","town_code":"10016040","min_zoom":8.5,"max_zoom":11.5,"next_zoom":11.6,"source_level":"township"},"geometry":{"type":"Point","coordinates":[119.509223,23.6059]}},
{"type":"Feature","properties":{"name":"望安鄉","label_type":"town","admin_level":"subdivision","parent":"澎湖縣","town_code":"10016050","min_zoom":8.5,"max_zoom":11.5,"next_zoom":11.6,"source_level":"township"},"geometry":{"type":"Point","coordinates":[119.500913,23.372339]}},
{"type":"Feature","properties":{"name":"七美鄉","label_type":"town","admin_level":"subdivision","parent":"澎湖縣","town_code":"10016060","min_zoom":8.5,"max_zoom":11.5,"next_zoom":11.6,"source_level":"township"},"geometry":{"type":"Point","coordinates":[119.429454,23.208336]}},
{"type":"Feature","properties":{"name":"暖暖區","label_type":"district","admin_level":"subdivision","parent":"基隆市","town_code":"10017030","min_zoom":8.5,"max_zoom":11.5,"next_zoom":11.6,"source_level":"township"},"geometry":{"type":"Point","coordinates":[121.744745,25.081012]}},
{"type":"Feature","properties":{"name":"大安區","label_type":"district","admin_level":"subdivision","parent":"臺北市","town_code":"63000030","min_zoom":8.5,"max_zoom":11.5,"next_zoom":11.6,"source_level":"township"},"geometry":{"type":"Point","coordinates":[121.543431,25.026879]}},
{"type":"Feature","properties":{"name":"文山區","label_type":"district","admin_level":"subdivision","parent":"臺北市","town_code":"63000080","min_zoom":8.5,"max_zoom":11.5,"next_zoom":11.6,"source_level":"township"},"geometry":{"type":"Point","coordinates":[121.573963,24.988655]}},
{"type":"Feature","properties":{"name":"鹽埕區","label_type":"district","admin_level":"subdivision","parent":"高雄市","town_code":"64000010","min_zoom":8.5,"max_zoom":11.5,"next_zoom":11.6,"source_level":"township"},"geometry":{"type":"Point","coordinates":[120.284436,22.623945]}},
{"type":"Feature","properties":{"name":"新興區","label_type":"district","admin_level":"subdivision","parent":"高雄市","town_code":"64000060","min_zoom":8.5,"max_zoom":11.5,"next_zoom":11.6,"source_level":"township"},"geometry":{"type":"Point","coordinates":[120.306711,22.629961]}},
{"type":"Feature","properties":{"name":"前金區","label_type":"district","admin_level":"subdivision","parent":"高雄市","town_code":"64000070","min_zoom":8.5,"max_zoom":11.5,"next_zoom":11.6,"source_level":"township"},"geometry":{"type":"Point","coordinates":[120.294498,22.627095]}},
{"type":"Feature","properties":{"name":"前鎮區","label_type":"district","admin_level":"subdivision","parent":"高雄市","town_code":"64000090","min_zoom":8.5,"max_zoom":11.5,"next_zoom":11.6,"source_level":"township"},"geometry":{"type":"Point","coordinates":[120.312458,22.592393]}},
{"type":"Feature","properties":{"name":"頭城鎮","label_type":"town","admin_level":"subdivision","parent":"宜蘭縣","town_code":"10002040","min_zoom":8.5,"max_zoom":11.5,"next_zoom":11.6,"source_level":"township"},"geometry":{"type":"Point","coordinates":[121.843071,24.902622]}},
{"type":"Feature","properties":{"name":"南澳鄉","label_type":"town","admin_level":"subdivision","parent":"宜蘭縣","town_code":"10002120","min_zoom":8.5,"max_zoom":11.5,"next_zoom":11.6,"source_level":"township"},"geometry":{"type":"Point","coordinates":[121.666028,24.441272]}},
{"type":"Feature","properties":{"name":"竹北市","label_type":"town","admin_level":"subdivision","parent":"新竹縣","town_code":"10004010","min_zoom":8.5,"max_zoom":11.5,"next_zoom":11.6,"source_level":"township"},"geometry":{"type":"Point","coordinates":[120.994108,24.838517]}},
{"type":"Feature","properties":{"name":"新豐鄉","label_type":"town","admin_level":"subdivision","parent":"新竹縣","town_code":"10004060","min_zoom":8.5,"max_zoom":11.5,"next_zoom":11.6,"source_level":"township"},"geometry":{"type":"Point","coordinates":[120.994737,24.907466]}},
{"type":"Feature","properties":{"name":"苑裡鎮","label_type":"town","admin_level":"subdivision","parent":"苗栗縣","town_code":"10005020","min_zoom":8.5,"max_zoom":11.5,"next_zoom":11.6,"source_level":"township"},"geometry":{"type":"Point","coordinates":[120.687894,24.41147]}},
{"type":"Feature","properties":{"name":"通霄鎮","label_type":"town","admin_level":"subdivision","parent":"苗栗縣","town_code":"10005030","min_zoom":8.5,"max_zoom":11.5,"next_zoom":11.6,"source_level":"township"},"geometry":{"type":"Point","coordinates":[120.713739,24.486099]}},
{"type":"Feature","properties":{"name":"竹南鎮","label_type":"town","admin_level":"subdivision","parent":"苗栗縣","town_code":"10005040","min_zoom":8.5,"max_zoom":11.5,"next_zoom":11.6,"source_level":"township"},"geometry":{"type":"Point","coordinates":[120.875999,24.699242]}},
{"type":"Feature","properties":{"name":"後龍鎮","label_type":"town","admin_level":"subdivision","parent":"苗栗縣","town_code":"10005060","min_zoom":8.5,"max_zoom":11.5,"next_zoom":11.6,"source_level":"township"},"geometry":{"type":"Point","coordinates":[120.778976,24.61722]}},
{"type":"Feature","properties":{"name":"鹿港鎮","label_type":"town","admin_level":"subdivision","parent":"彰化縣","town_code":"10007020","min_zoom":8.5,"max_zoom":11.5,"next_zoom":11.6,"source_level":"township"},"geometry":{"type":"Point","coordinates":[120.426387,24.084121]}},
{"type":"Feature","properties":{"name":"福興鄉","label_type":"town","admin_level":"subdivision","parent":"彰化縣","town_code":"10007060","min_zoom":8.5,"max_zoom":11.5,"next_zoom":11.6,"source_level":"township"},"geometry":{"type":"Point","coordinates":[120.422786,24.033036]}},
{"type":"Feature","properties":{"name":"臺西鄉","label_type":"town","admin_level":"subdivision","parent":"雲林縣","town_code":"10009160","min_zoom":8.5,"max_zoom":11.5,"next_zoom":11.6,"source_level":"township"},"geometry":{"type":"Point","coordinates":[120.199776,23.716746]}},
{"type":"Feature","properties":{"name":"四湖鄉","label_type":"town","admin_level":"subdivision","parent":"雲林縣","town_code":"10009180","min_zoom":8.5,"max_zoom":11.5,"next_zoom":11.6,"source_level":"township"},"geometry":{"type":"Point","coordinates":[120.193829,23.64634]}},
{"type":"Feature","properties":{"name":"口湖鄉","label_type":"town","admin_level":"subdivision","parent":"雲林縣","town_code":"10009190","min_zoom":8.5,"max_zoom":11.5,"next_zoom":11.6,"source_level":"township"},"geometry":{"type":"Point","coordinates":[120.171316,23.573468]}},
{"type":"Feature","properties":{"name":"布袋鎮","label_type":"town","admin_level":"subdivision","parent":"嘉義縣","town_code":"10010030","min_zoom":8.5,"max_zoom":11.5,"next_zoom":11.6,"source_level":"township"},"geometry":{"type":"Point","coordinates":[120.176315,23.375093]}},
{"type":"Feature","properties":{"name":"東港鎮","label_type":"town","admin_level":"subdivision","parent":"屏東縣","town_code":"10013030","min_zoom":8.5,"max_zoom":11.5,"next_zoom":11.6,"source_level":"township"},"geometry":{"type":"Point","coordinates":[120.473745,22.461417]}},
{"type":"Feature","properties":{"name":"枋寮鄉","label_type":"town","admin_level":"subdivision","parent":"屏東縣","town_code":"10013160","min_zoom":8.5,"max_zoom":11.5,"next_zoom":11.6,"source_level":"township"},"geometry":{"type":"Point","coordinates":[120.596815,22.402835]}},
{"type":"Feature","properties":{"name":"新園鄉","label_type":"town","admin_level":"subdivision","parent":"屏東縣","town_code":"10013170","min_zoom":8.5,"max_zoom":11.5,"next_zoom":11.6,"source_level":"township"},"geometry":{"type":"Point","coordinates":[120.449699,22.516141]}},
{"type":"Feature","properties":{"name":"林邊鄉","label_type":"town","admin_level":"subdivision","parent":"屏東縣","town_code":"10013190","min_zoom":8.5,"max_zoom":11.5,"next_zoom":11.6,"source_level":"township"},"geometry":{"type":"Point","coordinates":[120.511347,22.44007]}},
{"type":"Feature","properties":{"name":"車城鄉","label_type":"town","admin_level":"subdivision","parent":"屏東縣","town_code":"10013230","min_zoom":8.5,"max_zoom":11.5,"next_zoom":11.6,"source_level":"township"},"geometry":{"type":"Point","coordinates":[120.742595,22.079374]}},
{"type":"Feature","properties":{"name":"滿州鄉","label_type":"town","admin_level":"subdivision","parent":"屏東縣","town_code":"10013240","min_zoom":8.5,"max_zoom":11.5,"next_zoom":11.6,"source_level":"township"},"geometry":{"type":"Point","coordinates":[120.844009,22.049326]}},
{"type":"Feature","properties":{"name":"枋山鄉","label_type":"town","admin_level":"subdivision","parent":"屏東縣","town_code":"10013250","min_zoom":8.5,"max_zoom":11.5,"next_zoom":11.6,"source_level":"township"},"geometry":{"type":"Point","coordinates":[120.657937,22.26699]}},
{"type":"Feature","properties":{"name":"牡丹鄉","label_type":"town","admin_level":"subdivision","parent":"屏東縣","town_code":"10013330","min_zoom":8.5,"max_zoom":11.5,"next_zoom":11.6,"source_level":"township"},"geometry":{"type":"Point","coordinates":[120.817481,22.155545]}},
{"type":"Feature","properties":{"name":"臺東市","label_type":"town","admin_level":"subdivision","parent":"臺東縣","town_code":"10014010","min_zoom":8.5,"max_zoom":11.5,"next_zoom":11.6,"source_level":"township"},"geometry":{"type":"Point","coordinates":[121.110543,22.751683]}},
{"type":"Feature","properties":{"name":"卑南鄉","label_type":"town","admin_level":"subdivision","parent":"臺東縣","town_code":"10014040","min_zoom":8.5,"max_zoom":11.5,"next_zoom":11.6,"source_level":"township"},"geometry":{"type":"Point","coordinates":[121.001647,22.765015]}},
{"type":"Feature","properties":{"name":"東河鄉","label_type":"town","admin_level":"subdivision","parent":"臺東縣","town_code":"10014070","min_zoom":8.5,"max_zoom":11.5,"next_zoom":11.6,"source_level":"township"},"geometry":{"type":"Point","coordinates":[121.251764,22.979762]}},
{"type":"Feature","properties":{"name":"吉安鄉","label_type":"town","admin_level":"subdivision","parent":"花蓮縣","town_code":"10015050","min_zoom":8.5,"max_zoom":11.5,"next_zoom":11.6,"source_level":"township"},"geometry":{"type":"Point","coordinates":[121.564819,23.955533]}},
{"type":"Feature","properties":{"name":"壽豐鄉","label_type":"town","admin_level":"subdivision","parent":"花蓮縣","town_code":"10015060","min_zoom":8.5,"max_zoom":11.5,"next_zoom":11.6,"source_level":"township"},"geometry":{"type":"Point","coordinates":[121.534543,23.844902]}},
{"type":"Feature","properties":{"name":"秀林鄉","label_type":"town","admin_level":"subdivision","parent":"花蓮縣","town_code":"10015110","min_zoom":8.5,"max_zoom":11.5,"next_zoom":11.6,"source_level":"township"},"geometry":{"type":"Point","coordinates":[121.480963,24.123801]}},
{"type":"Feature","properties":{"name":"楠梓區","label_type":"district","admin_level":"subdivision","parent":"高雄市","town_code":"64000040","min_zoom":8.5,"max_zoom":11.5,"next_zoom":11.6,"source_level":"township"},"geometry":{"type":"Point","coordinates":[120.300331,22.720786]}},
{"type":"Feature","properties":{"name":"鳳山區","label_type":"district","admin_level":"subdivision","parent":"高雄市","town_code":"64000120","min_zoom":8.5,"max_zoom":11.5,"next_zoom":11.6,"source_level":"township"},"geometry":{"type":"Point","coordinates":[120.355453,22.613876]}},
{"type":"Feature","properties":{"name":"大寮區","label_type":"district","admin_level":"subdivision","parent":"高雄市","town_code":"64000140","min_zoom":8.5,"max_zoom":11.5,"next_zoom":11.6,"source_level":"township"},"geometry":{"type":"Point","coordinates":[120.411143,22.592902]}},
{"type":"Feature","properties":{"name":"大樹區","label_type":"district","admin_level":"subdivision","parent":"高雄市","town_code":"64000150","min_zoom":8.5,"max_zoom":11.5,"next_zoom":11.6,"source_level":"township"},"geometry":{"type":"Point","coordinates":[120.425406,22.711072]}},
{"type":"Feature","properties":{"name":"大社區","label_type":"district","admin_level":"subdivision","parent":"高雄市","town_code":"64000160","min_zoom":8.5,"max_zoom":11.5,"next_zoom":11.6,"source_level":"township"},"geometry":{"type":"Point","coordinates":[120.370785,22.739909]}},
{"type":"Feature","properties":{"name":"仁武區","label_type":"district","admin_level":"subdivision","parent":"高雄市","town_code":"64000170","min_zoom":8.5,"max_zoom":11.5,"next_zoom":11.6,"source_level":"township"},"geometry":{"type":"Point","coordinates":[120.360493,22.701274]}},
{"type":"Feature","properties":{"name":"鳥松區","label_type":"district","admin_level":"subdivision","parent":"高雄市","town_code":"64000180","min_zoom":8.5,"max_zoom":11.5,"next_zoom":11.6,"source_level":"township"},"geometry":{"type":"Point","coordinates":[120.372776,22.662589]}},
{"type":"Feature","properties":{"name":"岡山區","label_type":"district","admin_level":"subdivision","parent":"高雄市","town_code":"64000190","min_zoom":8.5,"max_zoom":11.5,"next_zoom":11.6,"source_level":"township"},"geometry":{"type":"Point","coordinates":[120.297896,22.805166]}},
{"type":"Feature","properties":{"name":"橋頭區","label_type":"district","admin_level":"subdivision","parent":"高雄市","town_code":"64000200","min_zoom":8.5,"max_zoom":11.5,"next_zoom":11.6,"source_level":"township"},"geometry":{"type":"Point","coordinates":[120.300638,22.75262]}},
{"type":"Feature","properties":{"name":"燕巢區","label_type":"district","admin_level":"subdivision","parent":"高雄市","town_code":"64000210","min_zoom":8.5,"max_zoom":11.5,"next_zoom":11.6,"source_level":"township"},"geometry":{"type":"Point","coordinates":[120.370783,22.787768]}},
{"type":"Feature","properties":{"name":"田寮區","label_type":"district","admin_level":"subdivision","parent":"高雄市","town_code":"64000220","min_zoom":8.5,"max_zoom":11.5,"next_zoom":11.6,"source_level":"township"},"geometry":{"type":"Point","coordinates":[120.395877,22.863956]}},
{"type":"Feature","properties":{"name":"阿蓮區","label_type":"district","admin_level":"subdivision","parent":"高雄市","town_code":"64000230","min_zoom":8.5,"max_zoom":11.5,"next_zoom":11.6,"source_level":"township"},"geometry":{"type":"Point","coordinates":[120.321082,22.870322]}},
{"type":"Feature","properties":{"name":"路竹區","label_type":"district","admin_level":"subdivision","parent":"高雄市","town_code":"64000240","min_zoom":8.5,"max_zoom":11.5,"next_zoom":11.6,"source_level":"township"},"geometry":{"type":"Point","coordinates":[120.265976,22.857344]}},
{"type":"Feature","properties":{"name":"湖內區","label_type":"district","admin_level":"subdivision","parent":"高雄市","town_code":"64000250","min_zoom":8.5,"max_zoom":11.5,"next_zoom":11.6,"source_level":"township"},"geometry":{"type":"Point","coordinates":[120.225933,22.893336]}},
{"type":"Feature","properties":{"name":"旗山區","label_type":"district","admin_level":"subdivision","parent":"高雄市","town_code":"64000300","min_zoom":8.5,"max_zoom":11.5,"next_zoom":11.6,"source_level":"township"},"geometry":{"type":"Point","coordinates":[120.475449,22.865068]}},
{"type":"Feature","properties":{"name":"美濃區","label_type":"district","admin_level":"subdivision","parent":"高雄市","town_code":"64000310","min_zoom":8.5,"max_zoom":11.5,"next_zoom":11.6,"source_level":"township"},"geometry":{"type":"Point","coordinates":[120.563476,22.900162]}},
{"type":"Feature","properties":{"name":"六龜區","label_type":"district","admin_level":"subdivision","parent":"高雄市","town_code":"64000320","min_zoom":8.5,"max_zoom":11.5,"next_zoom":11.6,"source_level":"township"},"geometry":{"type":"Point","coordinates":[120.657855,23.008851]}},
{"type":"Feature","properties":{"name":"甲仙區","label_type":"district","admin_level":"subdivision","parent":"高雄市","town_code":"64000330","min_zoom":8.5,"max_zoom":11.5,"next_zoom":11.6,"source_level":"township"},"geometry":{"type":"Point","coordinates":[120.623313,23.116656]}},
{"type":"Feature","properties":{"name":"杉林區","label_type":"district","admin_level":"subdivision","parent":"高雄市","town_code":"64000340","min_zoom":8.5,"max_zoom":11.5,"next_zoom":11.6,"source_level":"township"},"geometry":{"type":"Point","coordinates":[120.562195,22.997055]}},
{"type":"Feature","properties":{"name":"內門區","label_type":"district","admin_level":"subdivision","parent":"高雄市","town_code":"64000350","min_zoom":8.5,"max_zoom":11.5,"next_zoom":11.6,"source_level":"township"},"geometry":{"type":"Point","coordinates":[120.471842,22.95664]}},
{"type":"Feature","properties":{"name":"茂林區","label_type":"district","admin_level":"subdivision","parent":"高雄市","town_code":"64000360","min_zoom":8.5,"max_zoom":11.5,"next_zoom":11.6,"source_level":"township"},"geometry":{"type":"Point","coordinates":[120.752374,22.920045]}},
{"type":"Feature","properties":{"name":"桃源區","label_type":"district","admin_level":"subdivision","parent":"高雄市","town_code":"64000370","min_zoom":8.5,"max_zoom":11.5,"next_zoom":11.6,"source_level":"township"},"geometry":{"type":"Point","coordinates":[120.852459,23.225171]}},
{"type":"Feature","properties":{"name":"那瑪夏區","label_type":"district","admin_level":"subdivision","parent":"高雄市","town_code":"64000380","min_zoom":8.5,"max_zoom":11.5,"next_zoom":11.6,"source_level":"township"},"geometry":{"type":"Point","coordinates":[120.721072,23.263403]}},
{"type":"Feature","properties":{"name":"永和區","label_type":"district","admin_level":"subdivision","parent":"新北市","town_code":"65000040","min_zoom":8.5,"max_zoom":11.5,"next_zoom":11.6,"source_level":"township"},"geometry":{"type":"Point","coordinates":[121.516753,25.008231]}},
{"type":"Feature","properties":{"name":"新店區","label_type":"district","admin_level":"subdivision","parent":"新北市","town_code":"65000060","min_zoom":8.5,"max_zoom":11.5,"next_zoom":11.6,"source_level":"township"},"geometry":{"type":"Point","coordinates":[121.531646,24.930481]}},
{"type":"Feature","properties":{"name":"土城區","label_type":"district","admin_level":"subdivision","parent":"新北市","town_code":"65000130","min_zoom":8.5,"max_zoom":11.5,"next_zoom":11.6,"source_level":"township"},"geometry":{"type":"Point","coordinates":[121.445726,24.964376]}},
{"type":"Feature","properties":{"name":"蘆洲區","label_type":"district","admin_level":"subdivision","parent":"新北市","town_code":"65000140","min_zoom":8.5,"max_zoom":11.5,"next_zoom":11.6,"source_level":"township"},"geometry":{"type":"Point","coordinates":[121.471259,25.089369]}},
{"type":"Feature","properties":{"name":"五股區","label_type":"district","admin_level":"subdivision","parent":"新北市","town_code":"65000150","min_zoom":8.5,"max_zoom":11.5,"next_zoom":11.6,"source_level":"township"},"geometry":{"type":"Point","coordinates":[121.433211,25.096256]}},
{"type":"Feature","properties":{"name":"坪林區","label_type":"district","admin_level":"subdivision","parent":"新北市","town_code":"65000200","min_zoom":8.5,"max_zoom":11.5,"next_zoom":11.6,"source_level":"township"},"geometry":{"type":"Point","coordinates":[121.724229,24.911079]}},
{"type":"Feature","properties":{"name":"平溪區","label_type":"district","admin_level":"subdivision","parent":"新北市","town_code":"65000240","min_zoom":8.5,"max_zoom":11.5,"next_zoom":11.6,"source_level":"township"},"geometry":{"type":"Point","coordinates":[121.757891,25.026159]}},
{"type":"Feature","properties":{"name":"烏來區","label_type":"district","admin_level":"subdivision","parent":"新北市","town_code":"65000290","min_zoom":8.5,"max_zoom":11.5,"next_zoom":11.6,"source_level":"township"},"geometry":{"type":"Point","coordinates":[121.541499,24.788341]}},
{"type":"Feature","properties":{"name":"豐原區","label_type":"district","admin_level":"subdivision","parent":"臺中市","town_code":"66000090","min_zoom":8.5,"max_zoom":11.5,"next_zoom":11.6,"source_level":"township"},"geometry":{"type":"Point","coordinates":[120.737553,24.250077]}},
{"type":"Feature","properties":{"name":"東勢區","label_type":"district","admin_level":"subdivision","parent":"臺中市","town_code":"66000100","min_zoom":8.5,"max_zoom":11.5,"next_zoom":11.6,"source_level":"township"},"geometry":{"type":"Point","coordinates":[120.840106,24.249657]}},
{"type":"Feature","properties":{"name":"后里區","label_type":"district","admin_level":"subdivision","parent":"臺中市","town_code":"66000150","min_zoom":8.5,"max_zoom":11.5,"next_zoom":11.6,"source_level":"township"},"geometry":{"type":"Point","coordinates":[120.714586,24.309744]}},
{"type":"Feature","properties":{"name":"神岡區","label_type":"district","admin_level":"subdivision","parent":"臺中市","town_code":"66000160","min_zoom":8.5,"max_zoom":11.5,"next_zoom":11.6,"source_level":"township"},"geometry":{"type":"Point","coordinates":[120.673421,24.265754]}},
{"type":"Feature","properties":{"name":"新社區","label_type":"district","admin_level":"subdivision","parent":"臺中市","town_code":"66000190","min_zoom":8.5,"max_zoom":11.5,"next_zoom":11.6,"source_level":"township"},"geometry":{"type":"Point","coordinates":[120.831301,24.177806]}},
{"type":"Feature","properties":{"name":"石岡區","label_type":"district","admin_level":"subdivision","parent":"臺中市","town_code":"66000200","min_zoom":8.5,"max_zoom":11.5,"next_zoom":11.6,"source_level":"township"},"geometry":{"type":"Point","coordinates":[120.790388,24.265037]}},
{"type":"Feature","properties":{"name":"外埔區","label_type":"district","admin_level":"subdivision","parent":"臺中市","town_code":"66000210","min_zoom":8.5,"max_zoom":11.5,"next_zoom":11.6,"source_level":"township"},"geometry":{"type":"Point","coordinates":[120.665029,24.335618]}},
{"type":"Feature","properties":{"name":"大肚區","label_type":"district","admin_level":"subdivision","parent":"臺中市","town_code":"66000240","min_zoom":8.5,"max_zoom":11.5,"next_zoom":11.6,"source_level":"township"},"geometry":{"type":"Point","coordinates":[120.554277,24.144816]}},
{"type":"Feature","properties":{"name":"和平區","label_type":"district","admin_level":"subdivision","parent":"臺中市","town_code":"66000290","min_zoom":8.5,"max_zoom":11.5,"next_zoom":11.6,"source_level":"township"},"geometry":{"type":"Point","coordinates":[121.140666,24.276023]}},
{"type":"Feature","properties":{"name":"新營區","label_type":"district","admin_level":"subdivision","parent":"臺南市","town_code":"67000010","min_zoom":8.5,"max_zoom":11.5,"next_zoom":11.6,"source_level":"township"},"geometry":{"type":"Point","coordinates":[120.295416,23.301654]}},
{"type":"Feature","properties":{"name":"鹽水區","label_type":"district","admin_level":"subdivision","parent":"臺南市","town_code":"67000020","min_zoom":8.5,"max_zoom":11.5,"next_zoom":11.6,"source_level":"township"},"geometry":{"type":"Point","coordinates":[120.248285,23.298082]}},
{"type":"Feature","properties":{"name":"白河區","label_type":"district","admin_level":"subdivision","parent":"臺南市","town_code":"67000030","min_zoom":8.5,"max_zoom":11.5,"next_zoom":11.6,"source_level":"township"},"geometry":{"type":"Point","coordinates":[120.45785,23.351429]}},
{"type":"Feature","properties":{"name":"後壁區","label_type":"district","admin_level":"subdivision","parent":"臺南市","town_code":"67000050","min_zoom":8.5,"max_zoom":11.5,"next_zoom":11.6,"source_level":"township"},"geometry":{"type":"Point","coordinates":[120.348531,23.362101]}},
{"type":"Feature","properties":{"name":"麻豆區","label_type":"district","admin_level":"subdivision","parent":"臺南市","town_code":"67000070","min_zoom":8.5,"max_zoom":11.5,"next_zoom":11.6,"source_level":"township"},"geometry":{"type":"Point","coordinates":[120.241303,23.182571]}},
{"type":"Feature","properties":{"name":"下營區","label_type":"district","admin_level":"subdivision","parent":"臺南市","town_code":"67000080","min_zoom":8.5,"max_zoom":11.5,"next_zoom":11.6,"source_level":"township"},"geometry":{"type":"Point","coordinates":[120.264844,23.231161]}},
{"type":"Feature","properties":{"name":"六甲區","label_type":"district","admin_level":"subdivision","parent":"臺南市","town_code":"67000090","min_zoom":8.5,"max_zoom":11.5,"next_zoom":11.6,"source_level":"township"},"geometry":{"type":"Point","coordinates":[120.380031,23.227355]}},
{"type":"Feature","properties":{"name":"官田區","label_type":"district","admin_level":"subdivision","parent":"臺南市","town_code":"67000100","min_zoom":8.5,"max_zoom":11.5,"next_zoom":11.6,"source_level":"township"},"geometry":{"type":"Point","coordinates":[120.347976,23.191078]}},
{"type":"Feature","properties":{"name":"大內區","label_type":"district","admin_level":"subdivision","parent":"臺南市","town_code":"67000110","min_zoom":8.5,"max_zoom":11.5,"next_zoom":11.6,"source_level":"township"},"geometry":{"type":"Point","coordinates":[120.398795,23.144923]}},
{"type":"Feature","properties":{"name":"佳里區","label_type":"district","admin_level":"subdivision","parent":"臺南市","town_code":"67000120","min_zoom":8.5,"max_zoom":11.5,"next_zoom":11.6,"source_level":"township"},"geometry":{"type":"Point","coordinates":[120.178617,23.167099]}},
{"type":"Feature","properties":{"name":"學甲區","label_type":"district","admin_level":"subdivision","parent":"臺南市","town_code":"67000130","min_zoom":8.5,"max_zoom":11.5,"next_zoom":11.6,"source_level":"township"},"geometry":{"type":"Point","coordinates":[120.18417,23.252291]}},
{"type":"Feature","properties":{"name":"西港區","label_type":"district","admin_level":"subdivision","parent":"臺南市","town_code":"67000140","min_zoom":8.5,"max_zoom":11.5,"next_zoom":11.6,"source_level":"township"},"geometry":{"type":"Point","coordinates":[120.20023,23.124997]}},
{"type":"Feature","properties":{"name":"新化區","label_type":"district","admin_level":"subdivision","parent":"臺南市","town_code":"67000180","min_zoom":8.5,"max_zoom":11.5,"next_zoom":11.6,"source_level":"township"},"geometry":{"type":"Point","coordinates":[120.335789,23.034039]}},
{"type":"Feature","properties":{"name":"新市區","label_type":"district","admin_level":"subdivision","parent":"臺南市","town_code":"67000200","min_zoom":8.5,"max_zoom":11.5,"next_zoom":11.6,"source_level":"township"},"geometry":{"type":"Point","coordinates":[120.292394,23.083293]}},
{"type":"Feature","properties":{"name":"安定區","label_type":"district","admin_level":"subdivision","parent":"臺南市","town_code":"67000210","min_zoom":8.5,"max_zoom":11.5,"next_zoom":11.6,"source_level":"township"},"geometry":{"type":"Point","coordinates":[120.229615,23.099838]}},
{"type":"Feature","properties":{"name":"玉井區","label_type":"district","admin_level":"subdivision","parent":"臺南市","town_code":"67000230","min_zoom":8.5,"max_zoom":11.5,"next_zoom":11.6,"source_level":"township"},"geometry":{"type":"Point","coordinates":[120.46096,23.114916]}},
{"type":"Feature","properties":{"name":"楠西區","label_type":"district","admin_level":"subdivision","parent":"臺南市","town_code":"67000240","min_zoom":8.5,"max_zoom":11.5,"next_zoom":11.6,"source_level":"township"},"geometry":{"type":"Point","coordinates":[120.517026,23.178968]}},
{"type":"Feature","properties":{"name":"南化區","label_type":"district","admin_level":"subdivision","parent":"臺南市","town_code":"67000250","min_zoom":8.5,"max_zoom":11.5,"next_zoom":11.6,"source_level":"township"},"geometry":{"type":"Point","coordinates":[120.544168,23.115213]}},
{"type":"Feature","properties":{"name":"左鎮區","label_type":"district","admin_level":"subdivision","parent":"臺南市","town_code":"67000260","min_zoom":8.5,"max_zoom":11.5,"next_zoom":11.6,"source_level":"township"},"geometry":{"type":"Point","coordinates":[120.412376,23.026174]}},
{"type":"Feature","properties":{"name":"仁德區","label_type":"district","admin_level":"subdivision","parent":"臺南市","town_code":"67000270","min_zoom":8.5,"max_zoom":11.5,"next_zoom":11.6,"source_level":"township"},"geometry":{"type":"Point","coordinates":[120.241893,22.941412]}},
{"type":"Feature","properties":{"name":"歸仁區","label_type":"district","admin_level":"subdivision","parent":"臺南市","town_code":"67000280","min_zoom":8.5,"max_zoom":11.5,"next_zoom":11.6,"source_level":"township"},"geometry":{"type":"Point","coordinates":[120.293058,22.946898]}},
{"type":"Feature","properties":{"name":"關廟區","label_type":"district","admin_level":"subdivision","parent":"臺南市","town_code":"67000290","min_zoom":8.5,"max_zoom":11.5,"next_zoom":11.6,"source_level":"township"},"geometry":{"type":"Point","coordinates":[120.334271,22.955865]}},
{"type":"Feature","properties":{"name":"龍崎區","label_type":"district","admin_level":"subdivision","parent":"臺南市","town_code":"67000300","min_zoom":8.5,"max_zoom":11.5,"next_zoom":11.6,"source_level":"township"},"geometry":{"type":"Point","coordinates":[120.386955,22.954919]}},
{"type":"Feature","properties":{"name":"永康區","label_type":"district","admin_level":"subdivision","parent":"臺南市","town_code":"67000310","min_zoom":8.5,"max_zoom":11.5,"next_zoom":11.6,"source_level":"township"},"geometry":{"type":"Point","coordinates":[120.254257,23.027384]}},
{"type":"Feature","properties":{"name":"北區","label_type":"district","admin_level":"subdivision","parent":"臺南市","town_code":"67000340","min_zoom":8.5,"max_zoom":11.5,"next_zoom":11.6,"source_level":"township"},"geometry":{"type":"Point","coordinates":[120.205941,23.010084]}},
{"type":"Feature","properties":{"name":"林園區","label_type":"district","admin_level":"subdivision","parent":"高雄市","town_code":"64000130","min_zoom":8.5,"max_zoom":11.5,"next_zoom":11.6,"source_level":"township"},"geometry":{"type":"Point","coordinates":[120.398179,22.50524]}},
{"type":"Feature","properties":{"name":"茄萣區","label_type":"district","admin_level":"subdivision","parent":"高雄市","town_code":"64000260","min_zoom":8.5,"max_zoom":11.5,"next_zoom":11.6,"source_level":"township"},"geometry":{"type":"Point","coordinates":[120.197913,22.882248]}},
{"type":"Feature","properties":{"name":"永安區","label_type":"district","admin_level":"subdivision","parent":"高雄市","town_code":"64000270","min_zoom":8.5,"max_zoom":11.5,"next_zoom":11.6,"source_level":"township"},"geometry":{"type":"Point","coordinates":[120.22574,22.821941]}},
{"type":"Feature","properties":{"name":"彌陀區","label_type":"district","admin_level":"subdivision","parent":"高雄市","town_code":"64000280","min_zoom":8.5,"max_zoom":11.5,"next_zoom":11.6,"source_level":"township"},"geometry":{"type":"Point","coordinates":[120.239392,22.779468]}},
{"type":"Feature","properties":{"name":"梓官區","label_type":"district","admin_level":"subdivision","parent":"高雄市","town_code":"64000290","min_zoom":8.5,"max_zoom":11.5,"next_zoom":11.6,"source_level":"township"},"geometry":{"type":"Point","coordinates":[120.259339,22.748173]}},
{"type":"Feature","properties":{"name":"淡水區","label_type":"district","admin_level":"subdivision","parent":"新北市","town_code":"65000100","min_zoom":8.5,"max_zoom":11.5,"next_zoom":11.6,"source_level":"township"},"geometry":{"type":"Point","coordinates":[121.463402,25.189511]}},
{"type":"Feature","properties":{"name":"瑞芳區","label_type":"district","admin_level":"subdivision","parent":"新北市","town_code":"65000120","min_zoom":8.5,"max_zoom":11.5,"next_zoom":11.6,"source_level":"township"},"geometry":{"type":"Point","coordinates":[121.82359,25.098508]}},
{"type":"Feature","properties":{"name":"林口區","label_type":"district","admin_level":"subdivision","parent":"新北市","town_code":"65000170","min_zoom":8.5,"max_zoom":11.5,"next_zoom":11.6,"source_level":"township"},"geometry":{"type":"Point","coordinates":[121.352499,25.10044]}},
{"type":"Feature","properties":{"name":"三芝區","label_type":"district","admin_level":"subdivision","parent":"新北市","town_code":"65000210","min_zoom":8.5,"max_zoom":11.5,"next_zoom":11.6,"source_level":"township"},"geometry":{"type":"Point","coordinates":[121.514802,25.232108]}},
{"type":"Feature","properties":{"name":"八里區","label_type":"district","admin_level":"subdivision","parent":"新北市","town_code":"65000230","min_zoom":8.5,"max_zoom":11.5,"next_zoom":11.6,"source_level":"township"},"geometry":{"type":"Point","coordinates":[121.412873,25.138229]}},
{"type":"Feature","properties":{"name":"大甲區","label_type":"district","admin_level":"subdivision","parent":"臺中市","town_code":"66000110","min_zoom":8.5,"max_zoom":11.5,"next_zoom":11.6,"source_level":"township"},"geometry":{"type":"Point","coordinates":[120.636029,24.378141]}},
{"type":"Feature","properties":{"name":"大安區","label_type":"district","admin_level":"subdivision","parent":"臺中市","town_code":"66000220","min_zoom":8.5,"max_zoom":11.5,"next_zoom":11.6,"source_level":"township"},"geometry":{"type":"Point","coordinates":[120.590053,24.364644]}},
{"type":"Feature","properties":{"name":"北門區","label_type":"district","admin_level":"subdivision","parent":"臺南市","town_code":"67000170","min_zoom":8.5,"max_zoom":11.5,"next_zoom":11.6,"source_level":"township"},"geometry":{"type":"Point","coordinates":[120.125631,23.278579]}},
{"type":"Feature","properties":{"name":"安南區","label_type":"district","admin_level":"subdivision","parent":"臺南市","town_code":"67000350","min_zoom":8.5,"max_zoom":11.5,"next_zoom":11.6,"source_level":"township"},"geometry":{"type":"Point","coordinates":[120.152612,23.048773]}},
{"type":"Feature","properties":{"name":"蘆竹區","label_type":"district","admin_level":"subdivision","parent":"桃園市","town_code":"68000050","min_zoom":8.5,"max_zoom":11.5,"next_zoom":11.6,"source_level":"township"},"geometry":{"type":"Point","coordinates":[121.283072,25.061031]}},
{"type":"Feature","properties":{"name":"龜山區","label_type":"district","admin_level":"subdivision","parent":"桃園市","town_code":"68000070","min_zoom":8.5,"max_zoom":11.5,"next_zoom":11.6,"source_level":"township"},"geometry":{"type":"Point","coordinates":[121.356936,25.024277]}},
{"type":"Feature","properties":{"name":"復興區","label_type":"district","admin_level":"subdivision","parent":"桃園市","town_code":"68000130","min_zoom":8.5,"max_zoom":11.5,"next_zoom":11.6,"source_level":"township"},"geometry":{"type":"Point","coordinates":[121.375453,24.729635]}},
{"type":"Feature","properties":{"name":"東區","label_type":"district","admin_level":"subdivision","parent":"嘉義市","town_code":"10020010","min_zoom":8.5,"max_zoom":11.5,"next_zoom":11.6,"source_level":"township"},"geometry":{"type":"Point","coordinates":[120.471008,23.481536]}},
{"type":"Feature","properties":{"name":"西區","label_type":"district","admin_level":"subdivision","parent":"嘉義市","town_code":"10020020","min_zoom":8.5,"max_zoom":11.5,"next_zoom":11.6,"source_level":"township"},"geometry":{"type":"Point","coordinates":[120.42487,23.479569]}},
{"type":"Feature","properties":{"name":"達仁鄉","label_type":"town","admin_level":"subdivision","parent":"臺東縣","town_code":"10014150","min_zoom":8.5,"max_zoom":11.5,"next_zoom":11.6,"source_level":"township"},"geometry":{"type":"Point","coordinates":[120.835288,22.384607]}},
{"type":"Feature","properties":{"name":"大武鄉","label_type":"town","admin_level":"subdivision","parent":"臺東縣","town_code":"10014100","min_zoom":8.5,"max_zoom":11.5,"next_zoom":11.6,"source_level":"township"},"geometry":{"type":"Point","coordinates":[120.898228,22.382936]}},
{"type":"Feature","properties":{"name":"關山鎮","label_type":"town","admin_level":"subdivision","parent":"臺東縣","town_code":"10014030","min_zoom":8.5,"max_zoom":11.5,"next_zoom":11.6,"source_level":"township"},"geometry":{"type":"Point","coordinates":[121.176542,23.037767]}},
{"type":"Feature","properties":{"name":"海端鄉","label_type":"town","admin_level":"subdivision","parent":"臺東縣","town_code":"10014120","min_zoom":8.5,"max_zoom":11.5,"next_zoom":11.6,"source_level":"township"},"geometry":{"type":"Point","coordinates":[121.0176,23.114918]}},
{"type":"Feature","properties":{"name":"北區","label_type":"district","admin_level":"subdivision","parent":"新竹市","town_code":"10018020","min_zoom":8.5,"max_zoom":11.5,"next_zoom":11.6,"source_level":"township"},"geometry":{"type":"Point","coordinates":[120.946239,24.825644]}},
{"type":"Feature","properties":{"name":"香山區","label_type":"district","admin_level":"subdivision","parent":"新竹市","town_code":"10018030","min_zoom":8.5,"max_zoom":11.5,"next_zoom":11.6,"source_level":"township"},"geometry":{"type":"Point","coordinates":[120.922475,24.771534]}},
{"type":"Feature","properties":{"name":"礁溪鄉","label_type":"town","admin_level":"subdivision","parent":"宜蘭縣","town_code":"10002050","min_zoom":8.5,"max_zoom":11.5,"next_zoom":11.6,"source_level":"township"},"geometry":{"type":"Point","coordinates":[121.734675,24.811537]}},
{"type":"Feature","properties":{"name":"玉里鎮","label_type":"town","admin_level":"subdivision","parent":"花蓮縣","town_code":"10015030","min_zoom":8.5,"max_zoom":11.5,"next_zoom":11.6,"source_level":"township"},"geometry":{"type":"Point","coordinates":[121.36078,23.371694]}},
{"type":"Feature","properties":{"name":"卓溪鄉","label_type":"town","admin_level":"subdivision","parent":"花蓮縣","town_code":"10015130","min_zoom":8.5,"max_zoom":11.5,"next_zoom":11.6,"source_level":"township"},"geometry":{"type":"Point","coordinates":[121.179999,23.390335]}},
{"type":"Feature","properties":{"name":"頭份市","label_type":"town","admin_level":"subdivision","parent":"苗栗縣","town_code":"10005050","min_zoom":8.5,"max_zoom":11.5,"next_zoom":11.6,"source_level":"township"},"geometry":{"type":"Point","coordinates":[120.918953,24.676392]}},
{"type":"Feature","properties":{"name":"清水區","label_type":"district","admin_level":"subdivision","parent":"臺中市","town_code":"66000120","min_zoom":8.5,"max_zoom":11.5,"next_zoom":11.6,"source_level":"township"},"geometry":{"type":"Point","coordinates":[120.577232,24.293692]}},
{"type":"Feature","properties":{"name":"南區","label_type":"district","admin_level":"subdivision","parent":"臺南市","town_code":"67000330","min_zoom":8.5,"max_zoom":11.5,"next_zoom":11.6,"source_level":"township"},"geometry":{"type":"Point","coordinates":[120.189928,22.955746]}},
{"type":"Feature","properties":{"name":"東區","label_type":"district","admin_level":"subdivision","parent":"臺南市","town_code":"67000320","min_zoom":8.5,"max_zoom":11.5,"next_zoom":11.6,"source_level":"township"},"geometry":{"type":"Point","coordinates":[120.228185,22.981878]}},
{"type":"Feature","properties":{"name":"安平區","label_type":"district","admin_level":"subdivision","parent":"臺南市","town_code":"67000360","min_zoom":8.5,"max_zoom":11.5,"next_zoom":11.6,"source_level":"township"},"geometry":{"type":"Point","coordinates":[120.164218,22.989805]}},
{"type":"Feature","properties":{"name":"中西區","label_type":"district","admin_level":"subdivision","parent":"臺南市","town_code":"67000370","min_zoom":8.5,"max_zoom":11.5,"next_zoom":11.6,"source_level":"township"},"geometry":{"type":"Point","coordinates":[120.193503,22.995289]}},
{"type":"Feature","properties":{"name":"大溪區","label_type":"district","admin_level":"subdivision","parent":"桃園市","town_code":"68000030","min_zoom":8.5,"max_zoom":11.5,"next_zoom":11.6,"source_level":"township"},"geometry":{"type":"Point","coordinates":[121.296346,24.868044]}},
{"type":"Feature","properties":{"name":"八德區","label_type":"district","admin_level":"subdivision","parent":"桃園市","town_code":"68000080","min_zoom":8.5,"max_zoom":11.5,"next_zoom":11.6,"source_level":"township"},"geometry":{"type":"Point","coordinates":[121.291315,24.949742]}},
{"type":"Feature","properties":{"name":"桃園區","label_type":"district","admin_level":"subdivision","parent":"桃園市","town_code":"68000010","min_zoom":8.5,"max_zoom":11.5,"next_zoom":11.6,"source_level":"township"},"geometry":{"type":"Point","coordinates":[121.299664,25.000502]}},
{"type":"Feature","properties":{"name":"大園區","label_type":"district","admin_level":"subdivision","parent":"桃園市","town_code":"68000060","min_zoom":8.5,"max_zoom":11.5,"next_zoom":11.6,"source_level":"township"},"geometry":{"type":"Point","coordinates":[121.211155,25.065103]}},
{"type":"Feature","properties":{"name":"楊梅區","label_type":"district","admin_level":"subdivision","parent":"桃園市","town_code":"68000040","min_zoom":8.5,"max_zoom":11.5,"next_zoom":11.6,"source_level":"township"},"geometry":{"type":"Point","coordinates":[121.129184,24.918308]}},
{"type":"Feature","properties":{"name":"七堵區","label_type":"district","admin_level":"subdivision","parent":"基隆市","town_code":"10017020","min_zoom":8.5,"max_zoom":11.5,"next_zoom":11.6,"source_level":"township"},"geometry":{"type":"Point","coordinates":[121.68362,25.109727]}},
{"type":"Feature","properties":{"name":"仁愛區","label_type":"district","admin_level":"subdivision","parent":"基隆市","town_code":"10017040","min_zoom":8.5,"max_zoom":11.5,"next_zoom":11.6,"source_level":"township"},"geometry":{"type":"Point","coordinates":[121.743374,25.120004]}},
{"type":"Feature","properties":{"name":"信義區","label_type":"district","admin_level":"subdivision","parent":"基隆市","town_code":"10017070","min_zoom":8.5,"max_zoom":11.5,"next_zoom":11.6,"source_level":"township"},"geometry":{"type":"Point","coordinates":[121.772838,25.125716]}},
{"type":"Feature","properties":{"name":"中正區","label_type":"district","admin_level":"subdivision","parent":"基隆市","town_code":"10017010","min_zoom":8.5,"max_zoom":11.5,"next_zoom":11.6,"source_level":"township"},"geometry":{"type":"Point","coordinates":[121.776336,25.143592]}},
{"type":"Feature","properties":{"name":"中山區","label_type":"district","admin_level":"subdivision","parent":"基隆市","town_code":"10017050","min_zoom":8.5,"max_zoom":11.5,"next_zoom":11.6,"source_level":"township"},"geometry":{"type":"Point","coordinates":[121.73291,25.150046]}},
{"type":"Feature","properties":{"name":"安樂區","label_type":"district","admin_level":"subdivision","parent":"基隆市","town_code":"10017060","min_zoom":8.5,"max_zoom":11.5,"next_zoom":11.6,"source_level":"township"},"geometry":{"type":"Point","coordinates":[121.707852,25.14166]}},
{"type":"Feature","properties":{"name":"三峽區","label_type":"district","admin_level":"subdivision","parent":"新北市","town_code":"65000090","min_zoom":8.5,"max_zoom":11.5,"next_zoom":11.6,"source_level":"township"},"geometry":{"type":"Point","coordinates":[121.416264,24.882248]}},
{"type":"Feature","properties":{"name":"鶯歌區","label_type":"district","admin_level":"subdivision","parent":"新北市","town_code":"65000080","min_zoom":8.5,"max_zoom":11.5,"next_zoom":11.6,"source_level":"township"},"geometry":{"type":"Point","coordinates":[121.346557,24.956708]}},
{"type":"Feature","properties":{"name":"中和區","label_type":"district","admin_level":"subdivision","parent":"新北市","town_code":"65000030","min_zoom":8.5,"max_zoom":11.5,"next_zoom":11.6,"source_level":"township"},"geometry":{"type":"Point","coordinates":[121.494171,24.990979]}},
{"type":"Feature","properties":{"name":"樹林區","label_type":"district","admin_level":"subdivision","parent":"新北市","town_code":"65000070","min_zoom":8.5,"max_zoom":11.5,"next_zoom":11.6,"source_level":"township"},"geometry":{"type":"Point","coordinates":[121.401078,24.979899]}},
{"type":"Feature","properties":{"name":"深坑區","label_type":"district","admin_level":"subdivision","parent":"新北市","town_code":"65000180","min_zoom":8.5,"max_zoom":11.5,"next_zoom":11.6,"source_level":"township"},"geometry":{"type":"Point","coordinates":[121.619992,24.997702]}},
{"type":"Feature","properties":{"name":"板橋區","label_type":"district","admin_level":"subdivision","parent":"新北市","town_code":"65000010","min_zoom":8.5,"max_zoom":11.5,"next_zoom":11.6,"source_level":"township"},"geometry":{"type":"Point","coordinates":[121.457699,25.011708]}},
{"type":"Feature","properties":{"name":"石碇區","label_type":"district","admin_level":"subdivision","parent":"新北市","town_code":"65000190","min_zoom":8.5,"max_zoom":11.5,"next_zoom":11.6,"source_level":"township"},"geometry":{"type":"Point","coordinates":[121.647233,24.947272]}},
{"type":"Feature","properties":{"name":"新莊區","label_type":"district","admin_level":"subdivision","parent":"新北市","town_code":"65000050","min_zoom":8.5,"max_zoom":11.5,"next_zoom":11.6,"source_level":"township"},"geometry":{"type":"Point","coordinates":[121.436771,25.035919]}},
{"type":"Feature","properties":{"name":"泰山區","label_type":"district","admin_level":"subdivision","parent":"新北市","town_code":"65000160","min_zoom":8.5,"max_zoom":11.5,"next_zoom":11.6,"source_level":"township"},"geometry":{"type":"Point","coordinates":[121.416315,25.05558]}},
{"type":"Feature","properties":{"name":"三重區","label_type":"district","admin_level":"subdivision","parent":"新北市","town_code":"65000020","min_zoom":8.5,"max_zoom":11.5,"next_zoom":11.6,"source_level":"township"},"geometry":{"type":"Point","coordinates":[121.487157,25.063101]}},
{"type":"Feature","properties":{"name":"雙溪區","label_type":"district","admin_level":"subdivision","parent":"新北市","town_code":"65000250","min_zoom":8.5,"max_zoom":11.5,"next_zoom":11.6,"source_level":"township"},"geometry":{"type":"Point","coordinates":[121.83282,24.996943]}},
{"type":"Feature","properties":{"name":"貢寮區","label_type":"district","admin_level":"subdivision","parent":"新北市","town_code":"65000260","min_zoom":8.5,"max_zoom":11.5,"next_zoom":11.6,"source_level":"township"},"geometry":{"type":"Point","coordinates":[121.91907,25.025652]}},
{"type":"Feature","properties":{"name":"汐止區","label_type":"district","admin_level":"subdivision","parent":"新北市","town_code":"65000110","min_zoom":8.5,"max_zoom":11.5,"next_zoom":11.6,"source_level":"township"},"geometry":{"type":"Point","coordinates":[121.654678,25.073394]}},
{"type":"Feature","properties":{"name":"萬里區","label_type":"district","admin_level":"subdivision","parent":"新北市","town_code":"65000280","min_zoom":8.5,"max_zoom":11.5,"next_zoom":11.6,"source_level":"township"},"geometry":{"type":"Point","coordinates":[121.644373,25.175999]}},
{"type":"Feature","properties":{"name":"金山區","label_type":"district","admin_level":"subdivision","parent":"新北市","town_code":"65000270","min_zoom":8.5,"max_zoom":11.5,"next_zoom":11.6,"source_level":"township"},"geometry":{"type":"Point","coordinates":[121.605585,25.217607]}},
{"type":"Feature","properties":{"name":"石門區","label_type":"district","admin_level":"subdivision","parent":"新北市","town_code":"65000220","min_zoom":8.5,"max_zoom":11.5,"next_zoom":11.6,"source_level":"township"},"geometry":{"type":"Point","coordinates":[121.569254,25.265576]}},
{"type":"Feature","properties":{"name":"苓雅區","label_type":"district","admin_level":"subdivision","parent":"高雄市","town_code":"64000080","min_zoom":8.5,"max_zoom":11.5,"next_zoom":11.6,"source_level":"township"},"geometry":{"type":"Point","coordinates":[120.320138,22.623366]}},
{"type":"Feature","properties":{"name":"三民區","label_type":"district","admin_level":"subdivision","parent":"高雄市","town_code":"64000050","min_zoom":8.5,"max_zoom":11.5,"next_zoom":11.6,"source_level":"township"},"geometry":{"type":"Point","coordinates":[120.317886,22.649852]}},
{"type":"Feature","properties":{"name":"新屋區","label_type":"district","admin_level":"subdivision","parent":"桃園市","town_code":"68000110","min_zoom":8.5,"max_zoom":11.5,"next_zoom":11.6,"source_level":"township"},"geometry":{"type":"Point","coordinates":[121.066162,24.972722]}},
{"type":"Feature","properties":{"name":"觀音區","label_type":"district","admin_level":"subdivision","parent":"桃園市","town_code":"68000120","min_zoom":8.5,"max_zoom":11.5,"next_zoom":11.6,"source_level":"township"},"geometry":{"type":"Point","coordinates":[121.114204,25.027488]}},
{"type":"Feature","properties":{"name":"北竿鄉","label_type":"town","admin_level":"subdivision","parent":"連江縣","town_code":"09007020","min_zoom":8.5,"max_zoom":11.5,"next_zoom":11.6,"source_level":"township"},"geometry":{"type":"Point","coordinates":[119.988239,26.2205]}},
{"type":"Feature","properties":{"name":"東引鄉","label_type":"town","admin_level":"subdivision","parent":"連江縣","town_code":"09007040","min_zoom":8.5,"max_zoom":11.5,"next_zoom":11.6,"source_level":"township"},"geometry":{"type":"Point","coordinates":[120.490299,26.36963]}},
{"type":"Feature","properties":{"name":"烈嶼鄉","label_type":"town","admin_level":"subdivision","parent":"金門縣","town_code":"09020050","min_zoom":8.5,"max_zoom":11.5,"next_zoom":11.6,"source_level":"township"},"geometry":{"type":"Point","coordinates":[118.241278,24.433035]}},
{"type":"Feature","properties":{"name":"旗津區","label_type":"district","admin_level":"subdivision","parent":"高雄市","town_code":"64000100","min_zoom":8.5,"max_zoom":11.5,"next_zoom":11.6,"source_level":"township"},"geometry":{"type":"Point","coordinates":[120.289072,22.582931]}},
{"type":"Feature","properties":{"name":"長濱鄉","label_type":"town","admin_level":"subdivision","parent":"臺東縣","town_code":"10014080","min_zoom":8.5,"max_zoom":11.5,"next_zoom":11.6,"source_level":"township"},"geometry":{"type":"Point","coordinates":[121.426384,23.334516]}},
{"type":"Feature","properties":{"name":"豐濱鄉","label_type":"town","admin_level":"subdivision","parent":"花蓮縣","town_code":"10015080","min_zoom":8.5,"max_zoom":11.5,"next_zoom":11.6,"source_level":"township"},"geometry":{"type":"Point","coordinates":[121.494749,23.585466]}},
{"type":"Feature","properties":{"name":"霧峰區","label_type":"district","admin_level":"subdivision","parent":"臺中市","town_code":"66000260","min_zoom":8.5,"max_zoom":11.5,"next_zoom":11.6,"source_level":"township"},"geometry":{"type":"Point","coordinates":[120.720053,24.043491]}},
{"type":"Feature","properties":{"name":"大里區","label_type":"district","admin_level":"subdivision","parent":"臺中市","town_code":"66000280","min_zoom":8.5,"max_zoom":11.5,"next_zoom":11.6,"source_level":"township"},"geometry":{"type":"Point","coordinates":[120.692709,24.096009]}},
{"type":"Feature","properties":{"name":"南區","label_type":"district","admin_level":"subdivision","parent":"臺中市","town_code":"66000030","min_zoom":8.5,"max_zoom":11.5,"next_zoom":11.6,"source_level":"township"},"geometry":{"type":"Point","coordinates":[120.664545,24.121201]}},
{"type":"Feature","properties":{"name":"烏日區","label_type":"district","admin_level":"subdivision","parent":"臺中市","town_code":"66000230","min_zoom":8.5,"max_zoom":11.5,"next_zoom":11.6,"source_level":"township"},"geometry":{"type":"Point","coordinates":[120.629299,24.084034]}},
{"type":"Feature","properties":{"name":"中區","label_type":"district","admin_level":"subdivision","parent":"臺中市","town_code":"66000010","min_zoom":8.5,"max_zoom":11.5,"next_zoom":11.6,"source_level":"township"},"geometry":{"type":"Point","coordinates":[120.680623,24.141728]}},
{"type":"Feature","properties":{"name":"西區","label_type":"district","admin_level":"subdivision","parent":"臺中市","town_code":"66000040","min_zoom":8.5,"max_zoom":11.5,"next_zoom":11.6,"source_level":"township"},"geometry":{"type":"Point","coordinates":[120.664673,24.143948]}},
{"type":"Feature","properties":{"name":"南屯區","label_type":"district","admin_level":"subdivision","parent":"臺中市","town_code":"66000070","min_zoom":8.5,"max_zoom":11.5,"next_zoom":11.6,"source_level":"township"},"geometry":{"type":"Point","coordinates":[120.617861,24.141579]}},
{"type":"Feature","properties":{"name":"北區","label_type":"district","admin_level":"subdivision","parent":"臺中市","town_code":"66000050","min_zoom":8.5,"max_zoom":11.5,"next_zoom":11.6,"source_level":"township"},"geometry":{"type":"Point","coordinates":[120.680631,24.15875]}},
{"type":"Feature","properties":{"name":"西屯區","label_type":"district","admin_level":"subdivision","parent":"臺中市","town_code":"66000060","min_zoom":8.5,"max_zoom":11.5,"next_zoom":11.6,"source_level":"township"},"geometry":{"type":"Point","coordinates":[120.626745,24.183089]}},
{"type":"Feature","properties":{"name":"北屯區","label_type":"district","admin_level":"subdivision","parent":"臺中市","town_code":"66000080","min_zoom":8.5,"max_zoom":11.5,"next_zoom":11.6,"source_level":"township"},"geometry":{"type":"Point","coordinates":[120.736137,24.184114]}},
{"type":"Feature","properties":{"name":"潭子區","label_type":"district","admin_level":"subdivision","parent":"臺中市","town_code":"66000170","min_zoom":8.5,"max_zoom":11.5,"next_zoom":11.6,"source_level":"township"},"geometry":{"type":"Point","coordinates":[120.711102,24.211947]}},
{"type":"Feature","properties":{"name":"信義區","label_type":"district","admin_level":"subdivision","parent":"臺北市","town_code":"63000020","min_zoom":8.5,"max_zoom":11.5,"next_zoom":11.6,"source_level":"township"},"geometry":{"type":"Point","coordinates":[121.571647,25.030746]}},
{"type":"Feature","properties":{"name":"萬華區","label_type":"district","admin_level":"subdivision","parent":"臺北市","town_code":"63000070","min_zoom":8.5,"max_zoom":11.5,"next_zoom":11.6,"source_level":"township"},"geometry":{"type":"Point","coordinates":[121.497335,25.029356]}},
{"type":"Feature","properties":{"name":"中正區","label_type":"district","admin_level":"subdivision","parent":"臺北市","town_code":"63000050","min_zoom":8.5,"max_zoom":11.5,"next_zoom":11.6,"source_level":"township"},"geometry":{"type":"Point","coordinates":[121.51984,25.032473]}},
{"type":"Feature","properties":{"name":"南港區","label_type":"district","admin_level":"subdivision","parent":"臺北市","town_code":"63000090","min_zoom":8.5,"max_zoom":11.5,"next_zoom":11.6,"source_level":"township"},"geometry":{"type":"Point","coordinates":[121.609741,25.036061]}},
{"type":"Feature","properties":{"name":"松山區","label_type":"district","admin_level":"subdivision","parent":"臺北市","town_code":"63000010","min_zoom":8.5,"max_zoom":11.5,"next_zoom":11.6,"source_level":"township"},"geometry":{"type":"Point","coordinates":[121.557725,25.059809]}},
{"type":"Feature","properties":{"name":"大同區","label_type":"district","admin_level":"subdivision","parent":"臺北市","town_code":"63000060","min_zoom":8.5,"max_zoom":11.5,"next_zoom":11.6,"source_level":"township"},"geometry":{"type":"Point","coordinates":[121.513196,25.063995]}},
{"type":"Feature","properties":{"name":"中山區","label_type":"district","admin_level":"subdivision","parent":"臺北市","town_code":"63000040","min_zoom":8.5,"max_zoom":11.5,"next_zoom":11.6,"source_level":"township"},"geometry":{"type":"Point","coordinates":[121.538309,25.069849]}},
{"type":"Feature","properties":{"name":"內湖區","label_type":"district","admin_level":"subdivision","parent":"臺北市","town_code":"63000100","min_zoom":8.5,"max_zoom":11.5,"next_zoom":11.6,"source_level":"township"},"geometry":{"type":"Point","coordinates":[121.592395,25.083781]}},
{"type":"Feature","properties":{"name":"士林區","label_type":"district","admin_level":"subdivision","parent":"臺北市","town_code":"63000110","min_zoom":8.5,"max_zoom":11.5,"next_zoom":11.6,"source_level":"township"},"geometry":{"type":"Point","coordinates":[121.550879,25.125601]}},
{"type":"Feature","properties":{"name":"北投區","label_type":"district","admin_level":"subdivision","parent":"臺北市","town_code":"63000120","min_zoom":8.5,"max_zoom":11.5,"next_zoom":11.6,"source_level":"township"},"geometry":{"type":"Point","coordinates":[121.517838,25.148193]}},
{"type":"Feature","properties":{"name":"花蓮市","label_type":"town","admin_level":"subdivision","parent":"花蓮縣","town_code":"10015010","min_zoom":8.5,"max_zoom":11.5,"next_zoom":11.6,"source_level":"township"},"geometry":{"type":"Point","coordinates":[121.608687,23.996296]}},
{"type":"Feature","properties":{"name":"新城鄉","label_type":"town","admin_level":"subdivision","parent":"花蓮縣","town_code":"10015040","min_zoom":8.5,"max_zoom":11.5,"next_zoom":11.6,"source_level":"township"},"geometry":{"type":"Point","coordinates":[121.614098,24.056191]}},
{"type":"Feature","properties":{"name":"善化區","label_type":"district","admin_level":"subdivision","parent":"臺南市","town_code":"67000190","min_zoom":8.5,"max_zoom":11.5,"next_zoom":11.6,"source_level":"township"},"geometry":{"type":"Point","coordinates":[120.298818,23.140392]}},
{"type":"Feature","properties":{"name":"山上區","label_type":"district","admin_level":"subdivision","parent":"臺南市","town_code":"67000220","min_zoom":8.5,"max_zoom":11.5,"next_zoom":11.6,"source_level":"township"},"geometry":{"type":"Point","coordinates":[120.371029,23.096994]}},
{"type":"Feature","properties":{"name":"北斗鎮","label_type":"town","admin_level":"subdivision","parent":"彰化縣","town_code":"10007190","min_zoom":8.5,"max_zoom":11.5,"next_zoom":11.6,"source_level":"township"},"geometry":{"type":"Point","coordinates":[120.533131,23.867686]}},
{"type":"Feature","properties":{"name":"田尾鄉","label_type":"town","admin_level":"subdivision","parent":"彰化縣","town_code":"10007210","min_zoom":8.5,"max_zoom":11.5,"next_zoom":11.6,"source_level":"township"},"geometry":{"type":"Point","coordinates":[120.522321,23.900651]}},
{"type":"Feature","properties":{"name":"金城鎮","label_type":"town","admin_level":"subdivision","parent":"金門縣","town_code":"09020010","min_zoom":8.5,"max_zoom":11.5,"next_zoom":11.6,"source_level":"township"},"geometry":{"type":"Point","coordinates":[118.313399,24.412897]}},
{"type":"Feature","properties":{"name":"金沙鎮","label_type":"town","admin_level":"subdivision","parent":"金門縣","town_code":"09020020","min_zoom":8.5,"max_zoom":11.5,"next_zoom":11.6,"source_level":"township"},"geometry":{"type":"Point","coordinates":[118.420366,24.488018]}},
{"type":"Feature","properties":{"name":"金湖鎮","label_type":"town","admin_level":"subdivision","parent":"金門縣","town_code":"09020030","min_zoom":8.5,"max_zoom":11.5,"next_zoom":11.6,"source_level":"township"},"geometry":{"type":"Point","coordinates":[118.416925,24.443264]}},
{"type":"Feature","properties":{"name":"柳營區","label_type":"district","admin_level":"subdivision","parent":"臺南市","town_code":"67000040","min_zoom":8.5,"max_zoom":11.5,"next_zoom":11.6,"source_level":"township"},"geometry":{"type":"Point","coordinates":[120.354987,23.268953]}},
{"type":"Feature","properties":{"name":"東山區","label_type":"district","admin_level":"subdivision","parent":"臺南市","town_code":"67000060","min_zoom":8.5,"max_zoom":11.5,"next_zoom":11.6,"source_level":"township"},"geometry":{"type":"Point","coordinates":[120.444164,23.27842]}},
{"type":"Feature","properties":{"name":"七股區","label_type":"district","admin_level":"subdivision","parent":"臺南市","town_code":"67000150","min_zoom":8.5,"max_zoom":11.5,"next_zoom":11.6,"source_level":"township"},"geometry":{"type":"Point","coordinates":[120.099208,23.123079]}},
{"type":"Feature","properties":{"name":"將軍區","label_type":"district","admin_level":"subdivision","parent":"臺南市","town_code":"67000160","min_zoom":8.5,"max_zoom":11.5,"next_zoom":11.6,"source_level":"township"},"geometry":{"type":"Point","coordinates":[120.127003,23.208552]}},
{"type":"Feature","properties":{"name":"鼓山區","label_type":"district","admin_level":"subdivision","parent":"高雄市","town_code":"64000020","min_zoom":8.5,"max_zoom":11.5,"next_zoom":11.6,"source_level":"township"},"geometry":{"type":"Point","coordinates":[120.274082,22.648114]}},
{"type":"Feature","properties":{"name":"左營區","label_type":"district","admin_level":"subdivision","parent":"高雄市","town_code":"64000030","min_zoom":8.5,"max_zoom":11.5,"next_zoom":11.6,"source_level":"township"},"geometry":{"type":"Point","coordinates":[120.292017,22.685019]}},
{"type":"Feature","properties":{"name":"金峰鄉","label_type":"town","admin_level":"subdivision","parent":"臺東縣","town_code":"10014140","min_zoom":8.5,"max_zoom":11.5,"next_zoom":11.6,"source_level":"township"},"geometry":{"type":"Point","coordinates":[120.857118,22.581733]}},
{"type":"Feature","properties":{"name":"太麻里鄉","label_type":"town","admin_level":"subdivision","parent":"臺東縣","town_code":"10014090","min_zoom":8.5,"max_zoom":11.5,"next_zoom":11.6,"source_level":"township"},"geometry":{"type":"Point","coordinates":[120.979958,22.591368]}},
{"type":"Feature","properties":{"name":"中壢區","label_type":"district","admin_level":"subdivision","parent":"桃園市","town_code":"68000020","min_zoom":8.5,"max_zoom":11.5,"next_zoom":11.6,"source_level":"township"},"geometry":{"type":"Point","coordinates":[121.214713,24.980036]}},
{"type":"Feature","properties":{"name":"東區","label_type":"district","admin_level":"subdivision","parent":"新竹市","town_code":"10018010","min_zoom":8.5,"max_zoom":11.5,"next_zoom":11.6,"source_level":"township"},"geometry":{"type":"Point","coordinates":[120.992616,24.790423]}},
{"type":"Feature","properties":{"name":"寶山鄉","label_type":"town","admin_level":"subdivision","parent":"新竹縣","town_code":"10004100","min_zoom":8.5,"max_zoom":11.5,"next_zoom":11.6,"source_level":"township"},"geometry":{"type":"Point","coordinates":[120.99916,24.737045]}},
{"type":"Feature","properties":{"name":"恆春鎮","label_type":"town","admin_level":"subdivision","parent":"屏東縣","town_code":"10013040","min_zoom":8.5,"max_zoom":11.5,"next_zoom":11.6,"source_level":"township"},"geometry":{"type":"Point","coordinates":[120.763711,21.9846]}},
{"type":"Feature","properties":{"name":"東區","label_type":"district","admin_level":"subdivision","parent":"臺中市","town_code":"66000020","min_zoom":8.5,"max_zoom":11.5,"next_zoom":11.6,"source_level":"township"},"geometry":{"type":"Point","coordinates":[120.697052,24.13734]}},
{"type":"Feature","properties":{"name":"太平區","label_type":"district","admin_level":"subdivision","parent":"臺中市","town_code":"66000270","min_zoom":8.5,"max_zoom":11.5,"next_zoom":11.6,"source_level":"township"},"geometry":{"type":"Point","coordinates":[120.773379,24.114882]}},
{"type":"Feature","properties":{"name":"萬榮鄉","label_type":"town","admin_level":"subdivision","parent":"花蓮縣","town_code":"10015120","min_zoom":8.5,"max_zoom":11.5,"next_zoom":11.6,"source_level":"township"},"geometry":{"type":"Point","coordinates":[121.318575,23.726402]}},
{"type":"Feature","properties":{"name":"鳳林鎮","label_type":"town","admin_level":"subdivision","parent":"花蓮縣","town_code":"10015020","min_zoom":8.5,"max_zoom":11.5,"next_zoom":11.6,"source_level":"township"},"geometry":{"type":"Point","coordinates":[121.468549,23.742907]}},
{"type":"Feature","properties":{"name":"平鎮區","label_type":"district","admin_level":"subdivision","parent":"桃園市","town_code":"68000100","min_zoom":8.5,"max_zoom":11.5,"next_zoom":11.6,"source_level":"township"},"geometry":{"type":"Point","coordinates":[121.21402,24.921276]}},
{"type":"Feature","properties":{"name":"龍潭區","label_type":"district","admin_level":"subdivision","parent":"桃園市","town_code":"68000090","min_zoom":8.5,"max_zoom":11.5,"next_zoom":11.6,"source_level":"township"},"geometry":{"type":"Point","coordinates":[121.211772,24.850762]}},
{"type":"Feature","properties":{"name":"綠島","label_type":"island"},"geometry":{"type":"Point","coordinates":[121.48,22.66]}},
{"type":"Feature","properties":{"name":"蘭嶼","label_type":"island"},"geometry":{"type":"Point","coordinates":[121.56,22.05]}},
{"type":"Feature","properties":{"name":"小琉球","label_type":"island"},"geometry":{"type":"Point","coordinates":[120.36,22.35]}},
{"type":"Feature","properties":{"name":"台北101","label_type":"landmark"},"geometry":{"type":"Point","coordinates":[121.5645,25.033]}},
{"type":"Feature","properties":{"name":"中正紀念堂","label_type":"landmark"},"geometry":{"type":"Point","coordinates":[121.5218,25.0347]}},
{"type":"Feature","properties":{"name":"國立故宮博物院","label_type":"landmark"},"geometry":{"type":"Point","coordinates":[121.5485,25.1024]}},
{"type":"Feature","properties":{"name":"日月潭","label_type":"landmark"},"geometry":{"type":"Point","coordinates":[120.915,23.865]}},
{"type":"Feature","properties":{"name":"阿里山","label_type":"landmark"},"geometry":{"type":"Point","coordinates":[120.804,23.51]}},
{"type":"Feature","properties":{"name":"太魯閣","label_type":"landmark"},"geometry":{"type":"Point","coordinates":[121.49,24.15]}},
{"type":"Feature","properties":{"name":"高雄85大樓","label_type":"landmark"},"geometry":{"type":"Point","coordinates":[120.302,22.611]}},
{"type":"Feature","properties":{"name":"一百甲","label_type":"village","source_level":"hamlet","min_zoom":13,"wikidata":null},"geometry":{"type":"Point","coordinates":[121.821105,24.69711]}},
{"type":"Feature","properties":{"name":"一結","label_type":"village","source_level":"village","min_zoom":11,"wikidata":"Q30942372"},"geometry":{"type":"Point","coordinates":[121.748343,24.774617]}},
{"type":"Feature","properties":{"name":"七張","label_type":"village","source_level":"village","min_zoom":11,"wikidata":null},"geometry":{"type":"Point","coordinates":[121.778684,24.762147]}},
{"type":"Feature","properties":{"name":"七結","label_type":"village","source_level":"hamlet","min_zoom":13,"wikidata":null},"geometry":{"type":"Point","coordinates":[121.736648,24.75258]}},
{"type":"Feature","properties":{"name":"七結","label_type":"village","source_level":"hamlet","min_zoom":13,"wikidata":"Q30943042"},"geometry":{"type":"Point","coordinates":[121.770895,24.807402]}},
{"type":"Feature","properties":{"name":"七結巷","label_type":"village","source_level":"hamlet","min_zoom":13,"wikidata":null},"geometry":{"type":"Point","coordinates":[121.737206,24.749248]}},
{"type":"Feature","properties":{"name":"七號","label_type":"village","source_level":"hamlet","min_zoom":13,"wikidata":null},"geometry":{"type":"Point","coordinates":[120.849588,23.944841]}},
{"type":"Feature","properties":{"name":"七賢","label_type":"village","source_level":"village","min_zoom":11,"wikidata":null},"geometry":{"type":"Point","coordinates":[121.731606,24.713718]}},
{"type":"Feature","properties":{"name":"九公","label_type":"village","source_level":"hamlet","min_zoom":13,"wikidata":null},"geometry":{"type":"Point","coordinates":[121.622107,24.728707]}},
{"type":"Feature","properties":{"name":"九甲圍","label_type":"village","source_level":"village","min_zoom":11,"wikidata":null},"geometry":{"type":"Point","coordinates":[120.294993,22.74195]}},
{"type":"Feature","properties":{"name":"九芎坪","label_type":"village","source_level":"hamlet","min_zoom":13,"wikidata":null},"geometry":{"type":"Point","coordinates":[120.886302,24.046523]}},
{"type":"Feature","properties":{"name":"九芎林","label_type":"village","source_level":"hamlet","min_zoom":13,"wikidata":null},"geometry":{"type":"Point","coordinates":[121.010842,23.97945]}},
{"type":"Feature","properties":{"name":"九芎林","label_type":"village","source_level":"hamlet","min_zoom":13,"wikidata":null},"geometry":{"type":"Point","coordinates":[121.647148,24.752424]}},
{"type":"Feature","properties":{"name":"九芎林","label_type":"village","source_level":"hamlet","min_zoom":13,"wikidata":null},"geometry":{"type":"Point","coordinates":[121.706564,24.924193]}},
{"type":"Feature","properties":{"name":"九芎根","label_type":"village","source_level":"hamlet","min_zoom":13,"wikidata":null},"geometry":{"type":"Point","coordinates":[121.667383,24.886183]}},
{"type":"Feature","properties":{"name":"九股間","label_type":"village","source_level":"hamlet","min_zoom":13,"wikidata":null},"geometry":{"type":"Point","coordinates":[121.6535,24.671705]}},
{"type":"Feature","properties":{"name":"九寮溪","label_type":"village","source_level":"hamlet","min_zoom":13,"wikidata":null},"geometry":{"type":"Point","coordinates":[121.601422,24.672485]}},
{"type":"Feature","properties":{"name":"九鬮","label_type":"village","source_level":"hamlet","min_zoom":13,"wikidata":null},"geometry":{"type":"Point","coordinates":[120.324819,22.848949]}},
{"type":"Feature","properties":{"name":"二城","label_type":"village","source_level":"hamlet","min_zoom":13,"wikidata":"Q28418125"},"geometry":{"type":"Point","coordinates":[121.792781,24.838329]}},
{"type":"Feature","properties":{"name":"二湖","label_type":"village","source_level":"hamlet","min_zoom":13,"wikidata":null},"geometry":{"type":"Point","coordinates":[121.685214,24.757081]}},
{"type":"Feature","properties":{"name":"二結","label_type":"village","source_level":"village","min_zoom":11,"wikidata":"Q28415504"},"geometry":{"type":"Point","coordinates":[121.721628,24.785196]}},
{"type":"Feature","properties":{"name":"二結","label_type":"village","source_level":"village","min_zoom":11,"wikidata":null},"geometry":{"type":"Point","coordinates":[121.768942,24.707149]}},
{"type":"Feature","properties":{"name":"二塊厝","label_type":"village","source_level":"hamlet","min_zoom":13,"wikidata":null},"geometry":{"type":"Point","coordinates":[120.238323,22.824447]}},
{"type":"Feature","properties":{"name":"二萬五","label_type":"village","source_level":"hamlet","min_zoom":13,"wikidata":null},"geometry":{"type":"Point","coordinates":[121.67721,24.680674]}},
{"type":"Feature","properties":{"name":"二層行","label_type":"village","source_level":"hamlet","min_zoom":13,"wikidata":null},"geometry":{"type":"Point","coordinates":[120.223432,22.916698]}},
{"type":"Feature","properties":{"name":"二龍村","label_type":"village","source_level":"hamlet","min_zoom":13,"wikidata":null},"geometry":{"type":"Point","coordinates":[121.780272,24.809174]}},
{"type":"Feature","properties":{"name":"二龍村","label_type":"village","source_level":"hamlet","min_zoom":13,"wikidata":null},"geometry":{"type":"Point","coordinates":[121.793017,24.818854]}},
{"type":"Feature","properties":{"name":"二櫃","label_type":"village","source_level":"hamlet","min_zoom":13,"wikidata":null},"geometry":{"type":"Point","coordinates":[120.878234,24.132929]}},
{"type":"Feature","properties":{"name":"八王圍","label_type":"village","source_level":"hamlet","min_zoom":13,"wikidata":null},"geometry":{"type":"Point","coordinates":[121.664593,24.695394]}},
{"type":"Feature","properties":{"name":"八股","label_type":"village","source_level":"hamlet","min_zoom":13,"wikidata":null},"geometry":{"type":"Point","coordinates":[120.932865,23.981783]}},
{"type":"Feature","properties":{"name":"十一股","label_type":"village","source_level":"hamlet","min_zoom":13,"wikidata":null},"geometry":{"type":"Point","coordinates":[120.92793,23.911478]}},
{"type":"Feature","properties":{"name":"十九結","label_type":"village","source_level":"hamlet","min_zoom":13,"wikidata":null},"geometry":{"type":"Point","coordinates":[121.688218,24.67387]}},
{"type":"Feature","properties":{"name":"十二份","label_type":"village","source_level":"hamlet","min_zoom":13,"wikidata":null},"geometry":{"type":"Point","coordinates":[120.860467,23.962372]}},
{"type":"Feature","properties":{"name":"十二粒","label_type":"village","source_level":"hamlet","min_zoom":13,"wikidata":null},"geometry":{"type":"Point","coordinates":[120.857334,24.066979]}},
{"type":"Feature","properties":{"name":"十二灣","label_type":"village","source_level":"hamlet","min_zoom":13,"wikidata":null},"geometry":{"type":"Point","coordinates":[120.869608,24.03159]}},
{"type":"Feature","properties":{"name":"十八甲","label_type":"village","source_level":"hamlet","min_zoom":13,"wikidata":null},"geometry":{"type":"Point","coordinates":[121.804175,24.757218]}},
{"type":"Feature","properties":{"name":"十八份","label_type":"village","source_level":"hamlet","min_zoom":13,"wikidata":null},"geometry":{"type":"Point","coordinates":[120.840275,24.094405]}},
{"type":"Feature","properties":{"name":"十八埒","label_type":"village","source_level":"village","min_zoom":11,"wikidata":"Q30947803"},"geometry":{"type":"Point","coordinates":[121.778984,24.67463]}},
{"type":"Feature","properties":{"name":"十三股","label_type":"village","source_level":"hamlet","min_zoom":13,"wikidata":null},"geometry":{"type":"Point","coordinates":[121.801944,24.763881]}},
{"type":"Feature","properties":{"name":"十三股","label_type":"village","source_level":"hamlet","min_zoom":13,"wikidata":null},"geometry":{"type":"Point","coordinates":[121.65041,24.944993]}},
{"type":"Feature","properties":{"name":"十三哩","label_type":"village","source_level":"hamlet","min_zoom":13,"wikidata":null},"geometry":{"type":"Point","coordinates":[120.899606,23.889036]}},
{"type":"Feature","properties":{"name":"十六結","label_type":"village","source_level":"village","min_zoom":11,"wikidata":"Q30943064"},"geometry":{"type":"Point","coordinates":[121.766388,24.809447]}},
{"type":"Feature","properties":{"name":"三十九結","label_type":"village","source_level":"village","min_zoom":11,"wikidata":"Q30943029"},"geometry":{"type":"Point","coordinates":[121.772504,24.805279]}},
{"type":"Feature","properties":{"name":"三十萬","label_type":"village","source_level":"hamlet","min_zoom":13,"wikidata":null},"geometry":{"type":"Point","coordinates":[120.944281,24.032786]}},
{"type":"Feature","properties":{"name":"三分二","label_type":"village","source_level":"hamlet","min_zoom":13,"wikidata":null},"geometry":{"type":"Point","coordinates":[121.831105,24.939448]}},
{"type":"Feature","properties":{"name":"三友廍","label_type":"village","source_level":"hamlet","min_zoom":13,"wikidata":null},"geometry":{"type":"Point","coordinates":[120.875595,24.106941]}},
{"type":"Feature","properties":{"name":"三民村","label_type":"village","source_level":"hamlet","min_zoom":13,"wikidata":null},"geometry":{"type":"Point","coordinates":[121.762719,24.811103]}},
{"type":"Feature","properties":{"name":"三甲","label_type":"village","source_level":"hamlet","min_zoom":13,"wikidata":null},"geometry":{"type":"Point","coordinates":[121.680193,24.725218]}},
{"type":"Feature","properties":{"name":"三甲仔","label_type":"village","source_level":"village","min_zoom":11,"wikidata":null},"geometry":{"type":"Point","coordinates":[120.239267,22.929702]}},
{"type":"Feature","properties":{"name":"三份子","label_type":"village","source_level":"hamlet","min_zoom":13,"wikidata":null},"geometry":{"type":"Point","coordinates":[121.736391,24.894767]}},
{"type":"Feature","properties":{"name":"三吉","label_type":"village","source_level":"hamlet","min_zoom":13,"wikidata":null},"geometry":{"type":"Point","coordinates":[121.788297,24.705824]}},
{"type":"Feature","properties":{"name":"三角","label_type":"village","source_level":"hamlet","min_zoom":13,"wikidata":null},"geometry":{"type":"Point","coordinates":[121.759436,24.745837]}},
{"type":"Feature","properties":{"name":"三角崙","label_type":"village","source_level":"hamlet","min_zoom":13,"wikidata":null},"geometry":{"type":"Point","coordinates":[120.896838,23.927425]}},
{"type":"Feature","properties":{"name":"三角嶺卡","label_type":"village","source_level":"hamlet","min_zoom":13,"wikidata":null},"geometry":{"type":"Point","coordinates":[120.865252,23.905338]}},
{"type":"Feature","properties":{"name":"三抱竹","label_type":"village","source_level":"hamlet","min_zoom":13,"wikidata":"Q28418058"},"geometry":{"type":"Point","coordinates":[121.82029,24.825145]}},
{"type":"Feature","properties":{"name":"三隻寮","label_type":"village","source_level":"hamlet","min_zoom":13,"wikidata":null},"geometry":{"type":"Point","coordinates":[120.87111,24.094229]}},
{"type":"Feature","properties":{"name":"三埤","label_type":"village","source_level":"hamlet","min_zoom":13,"wikidata":null},"geometry":{"type":"Point","coordinates":[120.279715,22.834434]}},
{"type":"Feature","properties":{"name":"三堵","label_type":"village","source_level":"hamlet","min_zoom":13,"wikidata":null},"geometry":{"type":"Point","coordinates":[121.813595,24.671705]}},
{"type":"Feature","properties":{"name":"三條崙","label_type":"village","source_level":"hamlet","min_zoom":13,"wikidata":null},"geometry":{"type":"Point","coordinates":[120.944431,24.027396]}},
{"type":"Feature","properties":{"name":"三結","label_type":"village","source_level":"village","min_zoom":11,"wikidata":null},"geometry":{"type":"Point","coordinates":[121.782954,24.703133]}},
{"type":"Feature","properties":{"name":"三結","label_type":"village","source_level":"hamlet","min_zoom":13,"wikidata":null},"geometry":{"type":"Point","coordinates":[121.740253,24.766375]}},
{"type":"Feature","properties":{"name":"三塊厝","label_type":"village","source_level":"hamlet","min_zoom":13,"wikidata":null},"geometry":{"type":"Point","coordinates":[120.92278,24.027122]}},
{"type":"Feature","properties":{"name":"三塊厝","label_type":"village","source_level":"hamlet","min_zoom":13,"wikidata":null},"geometry":{"type":"Point","coordinates":[121.81499,24.769727]}},
{"type":"Feature","properties":{"name":"三塊寮","label_type":"village","source_level":"hamlet","min_zoom":13,"wikidata":null},"geometry":{"type":"Point","coordinates":[120.224998,22.852232]}},
{"type":"Feature","properties":{"name":"三層坪","label_type":"village","source_level":"hamlet","min_zoom":13,"wikidata":null},"geometry":{"type":"Point","coordinates":[121.681459,24.782994]}},
{"type":"Feature","properties":{"name":"三層埔","label_type":"village","source_level":"hamlet","min_zoom":13,"wikidata":null},"geometry":{"type":"Point","coordinates":[120.897009,24.062355]}},
{"type":"Feature","properties":{"name":"三鬮二","label_type":"village","source_level":"hamlet","min_zoom":13,"wikidata":null},"geometry":{"type":"Point","coordinates":[121.717787,24.733443]}},
{"type":"Feature","properties":{"name":"上七結","label_type":"village","source_level":"hamlet","min_zoom":13,"wikidata":null},"geometry":{"type":"Point","coordinates":[121.773877,24.745019]}},
{"type":"Feature","properties":{"name":"上九芎","label_type":"village","source_level":"hamlet","min_zoom":13,"wikidata":null},"geometry":{"type":"Point","coordinates":[120.828345,23.922698]}},
{"type":"Feature","properties":{"name":"上大福","label_type":"village","source_level":"hamlet","min_zoom":13,"wikidata":null},"geometry":{"type":"Point","coordinates":[121.81499,24.793611]}},
{"type":"Feature","properties":{"name":"上四結","label_type":"village","source_level":"hamlet","min_zoom":13,"wikidata":null},"geometry":{"type":"Point","coordinates":[121.767976,24.697051]}},
{"type":"Feature","properties":{"name":"上石門","label_type":"village","source_level":"hamlet","min_zoom":13,"wikidata":null},"geometry":{"type":"Point","coordinates":[120.866132,24.040037]}},
{"type":"Feature","properties":{"name":"上后垵","label_type":"village","source_level":"hamlet","min_zoom":13,"wikidata":null},"geometry":{"type":"Point","coordinates":[118.32932,24.425621]}},
{"type":"Feature","properties":{"name":"上牡丹","label_type":"village","source_level":"hamlet","min_zoom":13,"wikidata":null},"geometry":{"type":"Point","coordinates":[120.842786,22.179716]}},
{"type":"Feature","properties":{"name":"上坪","label_type":"village","source_level":"hamlet","min_zoom":13,"wikidata":null},"geometry":{"type":"Point","coordinates":[120.871882,24.046229]}},
{"type":"Feature","properties":{"name":"上坪","label_type":"village","source_level":"hamlet","min_zoom":13,"wikidata":null},"geometry":{"type":"Point","coordinates":[120.894241,24.113169]}},
{"type":"Feature","properties":{"name":"上店","label_type":"village","source_level":"hamlet","min_zoom":13,"wikidata":null},"geometry":{"type":"Point","coordinates":[120.87862,24.073856]}},
{"type":"Feature","properties":{"name":"上金面","label_type":"village","source_level":"hamlet","min_zoom":13,"wikidata":null},"geometry":{"type":"Point","coordinates":[121.806664,24.851102]}},
{"type":"Feature","properties":{"name":"上南田","label_type":"village","source_level":"hamlet","min_zoom":13,"wikidata":null},"geometry":{"type":"Point","coordinates":[120.888941,22.288044]}},
{"type":"Feature","properties":{"name":"上深溝","label_type":"village","source_level":"hamlet","min_zoom":13,"wikidata":null},"geometry":{"type":"Point","coordinates":[121.683776,24.709021]}},
{"type":"Feature","properties":{"name":"上鹿寮坑","label_type":"village","source_level":"hamlet","min_zoom":13,"wikidata":null},"geometry":{"type":"Point","coordinates":[120.866561,23.891253]}},
{"type":"Feature","properties":{"name":"上新興","label_type":"village","source_level":"hamlet","min_zoom":13,"wikidata":null},"geometry":{"type":"Point","coordinates":[121.815269,24.853614]}},
{"type":"Feature","properties":{"name":"上種瓜坑","label_type":"village","source_level":"hamlet","min_zoom":13,"wikidata":null},"geometry":{"type":"Point","coordinates":[120.897739,23.960411]}},
{"type":"Feature","properties":{"name":"下九芎","label_type":"village","source_level":"hamlet","min_zoom":13,"wikidata":null},"geometry":{"type":"Point","coordinates":[120.835383,23.910733]}},
{"type":"Feature","properties":{"name":"下三結","label_type":"village","source_level":"hamlet","min_zoom":13,"wikidata":null},"geometry":{"type":"Point","coordinates":[121.798468,24.702354]}},
{"type":"Feature","properties":{"name":"下五哩","label_type":"village","source_level":"hamlet","min_zoom":13,"wikidata":null},"geometry":{"type":"Point","coordinates":[120.960331,23.91344]}},
{"type":"Feature","properties":{"name":"下木屐","label_type":"village","source_level":"hamlet","min_zoom":13,"wikidata":null},"geometry":{"type":"Point","coordinates":[120.960352,23.892842]}},
{"type":"Feature","properties":{"name":"下四結","label_type":"village","source_level":"hamlet","min_zoom":13,"wikidata":null},"geometry":{"type":"Point","coordinates":[121.787074,24.696291]}},
{"type":"Feature","properties":{"name":"下打剪","label_type":"village","source_level":"hamlet","min_zoom":13,"wikidata":null},"geometry":{"type":"Point","coordinates":[120.843859,23.999701]}},
{"type":"Feature","properties":{"name":"下甲","label_type":"village","source_level":"hamlet","min_zoom":13,"wikidata":null},"geometry":{"type":"Point","coordinates":[120.230277,22.846398]}},
{"type":"Feature","properties":{"name":"下石𥕢","label_type":"village","source_level":"hamlet","min_zoom":13,"wikidata":null},"geometry":{"type":"Point","coordinates":[121.70944,24.908547]}},
{"type":"Feature","properties":{"name":"下石𥕢","label_type":"village","source_level":"hamlet","min_zoom":13,"wikidata":null},"geometry":{"type":"Point","coordinates":[121.746347,24.874329]}},
{"type":"Feature","properties":{"name":"下后垵","label_type":"village","source_level":"hamlet","min_zoom":13,"wikidata":null},"geometry":{"type":"Point","coordinates":[118.327689,24.422378]}},
{"type":"Feature","properties":{"name":"下圳","label_type":"village","source_level":"hamlet","min_zoom":13,"wikidata":null},"geometry":{"type":"Point","coordinates":[120.947328,23.886367]}},
{"type":"Feature","properties":{"name":"下庄","label_type":"village","source_level":"hamlet","min_zoom":13,"wikidata":null},"geometry":{"type":"Point","coordinates":[118.424957,24.448673]}},
{"type":"Feature","properties":{"name":"下坑","label_type":"village","source_level":"village","min_zoom":11,"wikidata":null},"geometry":{"type":"Point","coordinates":[120.289714,22.869453]}},
{"type":"Feature","properties":{"name":"下坑子口","label_type":"village","source_level":"hamlet","min_zoom":13,"wikidata":null},"geometry":{"type":"Point","coordinates":[121.709933,24.941336]}},
{"type":"Feature","properties":{"name":"下壯五","label_type":"village","source_level":"village","min_zoom":11,"wikidata":null},"geometry":{"type":"Point","coordinates":[121.79615,24.735158]}},
{"type":"Feature","properties":{"name":"下壯五","label_type":"village","source_level":"hamlet","min_zoom":13,"wikidata":null},"geometry":{"type":"Point","coordinates":[121.800506,24.737107]}},
{"type":"Feature","properties":{"name":"下孝威","label_type":"village","source_level":"hamlet","min_zoom":13,"wikidata":null},"geometry":{"type":"Point","coordinates":[121.815505,24.691105]}},
{"type":"Feature","properties":{"name":"下牡丹","label_type":"village","source_level":"hamlet","min_zoom":13,"wikidata":null},"geometry":{"type":"Point","coordinates":[120.832915,22.171847]}},
{"type":"Feature","properties":{"name":"下坪","label_type":"village","source_level":"hamlet","min_zoom":13,"wikidata":null},"geometry":{"type":"Point","coordinates":[120.866153,24.047287]}},
{"type":"Feature","properties":{"name":"下坪","label_type":"village","source_level":"hamlet","min_zoom":13,"wikidata":null},"geometry":{"type":"Point","coordinates":[120.894542,24.103259]}},
{"type":"Feature","properties":{"name":"下東埔","label_type":"village","source_level":"hamlet","min_zoom":13,"wikidata":null},"geometry":{"type":"Point","coordinates":[120.988011,23.946841]}},
{"type":"Feature","properties":{"name":"下社","label_type":"village","source_level":"hamlet","min_zoom":13,"wikidata":null},"geometry":{"type":"Point","coordinates":[121.819389,24.722412]}},
{"type":"Feature","properties":{"name":"下社","label_type":"village","source_level":"village","min_zoom":11,"wikidata":null},"geometry":{"type":"Point","coordinates":[120.272076,22.86198]}},
{"type":"Feature","properties":{"name":"下南田","label_type":"village","source_level":"hamlet","min_zoom":13,"wikidata":null},"geometry":{"type":"Point","coordinates":[120.8898,22.276508]}},
{"type":"Feature","properties":{"name":"下南港","label_type":"village","source_level":"hamlet","min_zoom":13,"wikidata":null},"geometry":{"type":"Point","coordinates":[120.87465,23.972627]}},
{"type":"Feature","properties":{"name":"下城","label_type":"village","source_level":"hamlet","min_zoom":13,"wikidata":null},"geometry":{"type":"Point","coordinates":[120.942543,23.953411]}},
{"type":"Feature","properties":{"name":"下洞","label_type":"village","source_level":"hamlet","min_zoom":13,"wikidata":null},"geometry":{"type":"Point","coordinates":[121.774714,24.910279]}},
{"type":"Feature","properties":{"name":"下埔","label_type":"village","source_level":"village","min_zoom":11,"wikidata":"Q28418102"},"geometry":{"type":"Point","coordinates":[121.807222,24.836109]}},
{"type":"Feature","properties":{"name":"下埤","label_type":"village","source_level":"hamlet","min_zoom":13,"wikidata":null},"geometry":{"type":"Point","coordinates":[121.630433,24.751099]}},
{"type":"Feature","properties":{"name":"下深溝","label_type":"village","source_level":"hamlet","min_zoom":13,"wikidata":null},"geometry":{"type":"Point","coordinates":[121.713581,24.719995]}},
{"type":"Feature","properties":{"name":"下清水","label_type":"village","source_level":"hamlet","min_zoom":13,"wikidata":null},"geometry":{"type":"Point","coordinates":[121.831963,24.675878]}},
{"type":"Feature","properties":{"name":"下粗坑","label_type":"village","source_level":"hamlet","min_zoom":13,"wikidata":null},"geometry":{"type":"Point","coordinates":[121.653843,24.708923]}},
{"type":"Feature","properties":{"name":"下莊","label_type":"village","source_level":"hamlet","min_zoom":13,"wikidata":null},"geometry":{"type":"Point","coordinates":[120.906837,24.056751]}},
{"type":"Feature","properties":{"name":"下莊子","label_type":"village","source_level":"hamlet","min_zoom":13,"wikidata":null},"geometry":{"type":"Point","coordinates":[120.31527,22.779446]}},
{"type":"Feature","properties":{"name":"下堡","label_type":"village","source_level":"hamlet","min_zoom":13,"wikidata":null},"geometry":{"type":"Point","coordinates":[118.337495,24.444161]}},
{"type":"Feature","properties":{"name":"下湖","label_type":"village","source_level":"hamlet","min_zoom":13,"wikidata":null},"geometry":{"type":"Point","coordinates":[118.455341,24.437167]}},
{"type":"Feature","properties":{"name":"下塘頭","label_type":"village","source_level":"hamlet","min_zoom":13,"wikidata":null},"geometry":{"type":"Point","coordinates":[118.395152,24.476662]}},
{"type":"Feature","properties":{"name":"下新厝","label_type":"village","source_level":"hamlet","min_zoom":13,"wikidata":null},"geometry":{"type":"Point","coordinates":[118.445706,24.452971]}},
{"type":"Feature","properties":{"name":"下新興","label_type":"village","source_level":"hamlet","min_zoom":13,"wikidata":null},"geometry":{"type":"Point","coordinates":[121.820269,24.85083]}},
{"type":"Feature","properties":{"name":"下福成","label_type":"village","source_level":"hamlet","min_zoom":13,"wikidata":null},"geometry":{"type":"Point","coordinates":[121.811943,24.853049]}},
{"type":"Feature","properties":{"name":"下種瓜","label_type":"village","source_level":"hamlet","min_zoom":13,"wikidata":null},"geometry":{"type":"Point","coordinates":[120.875616,23.97594]}},
{"type":"Feature","properties":{"name":"下種瓜坑","label_type":"village","source_level":"hamlet","min_zoom":13,"wikidata":null},"geometry":{"type":"Point","coordinates":[120.884392,23.975901]}},
{"type":"Feature","properties":{"name":"下寮","label_type":"village","source_level":"hamlet","min_zoom":13,"wikidata":null},"geometry":{"type":"Point","coordinates":[120.226672,22.84889]}},
{"type":"Feature","properties":{"name":"下擺厘","label_type":"village","source_level":"hamlet","min_zoom":13,"wikidata":null},"geometry":{"type":"Point","coordinates":[121.748536,24.743246]}},
{"type":"Feature","properties":{"name":"下蘭","label_type":"village","source_level":"hamlet","min_zoom":13,"wikidata":null},"geometry":{"type":"Point","coordinates":[118.382556,24.463362]}},
{"type":"Feature","properties":{"name":"下鶯仔瀨","label_type":"village","source_level":"hamlet","min_zoom":13,"wikidata":null},"geometry":{"type":"Point","coordinates":[121.708217,24.919523]}},
{"type":"Feature","properties":{"name":"久久巢","label_type":"village","source_level":"hamlet","min_zoom":13,"wikidata":null},"geometry":{"type":"Point","coordinates":[121.055281,23.873889]}},
{"type":"Feature","properties":{"name":"土庫","label_type":"village","source_level":"hamlet","min_zoom":13,"wikidata":null},"geometry":{"type":"Point","coordinates":[120.320549,22.84278]}},
{"type":"Feature","properties":{"name":"土圍","label_type":"village","source_level":"hamlet","min_zoom":13,"wikidata":null},"geometry":{"type":"Point","coordinates":[121.788619,24.777773]}},
{"type":"Feature","properties":{"name":"土潭","label_type":"village","source_level":"hamlet","min_zoom":13,"wikidata":null},"geometry":{"type":"Point","coordinates":[121.658564,24.922948]}},
{"type":"Feature","properties":{"name":"大三鬮","label_type":"village","source_level":"hamlet","min_zoom":13,"wikidata":null},"geometry":{"type":"Point","coordinates":[121.721177,24.736912]}},
{"type":"Feature","properties":{"name":"大山","label_type":"village","source_level":"hamlet","min_zoom":13,"wikidata":null},"geometry":{"type":"Point","coordinates":[119.558115,23.525274]}},
{"type":"Feature","properties":{"name":"大平角","label_type":"village","source_level":"hamlet","min_zoom":13,"wikidata":null},"geometry":{"type":"Point","coordinates":[120.848966,23.961607]}},
{"type":"Feature","properties":{"name":"大甲","label_type":"village","source_level":"village","min_zoom":11,"wikidata":null},"geometry":{"type":"Point","coordinates":[120.214527,22.917528]}},
{"type":"Feature","properties":{"name":"大石股","label_type":"village","source_level":"hamlet","min_zoom":13,"wikidata":null},"geometry":{"type":"Point","coordinates":[120.862248,23.989683]}},
{"type":"Feature","properties":{"name":"大石股","label_type":"village","source_level":"hamlet","min_zoom":13,"wikidata":null},"geometry":{"type":"Point","coordinates":[120.866261,24.003013]}},
{"type":"Feature","properties":{"name":"大光","label_type":"village","source_level":"hamlet","min_zoom":13,"wikidata":null},"geometry":{"type":"Point","coordinates":[121.719546,24.668546]}},
{"type":"Feature","properties":{"name":"大吉","label_type":"village","source_level":"hamlet","min_zoom":13,"wikidata":null},"geometry":{"type":"Point","coordinates":[121.801794,24.702822]}},
{"type":"Feature","properties":{"name":"大地","label_type":"village","source_level":"hamlet","min_zoom":13,"wikidata":null},"geometry":{"type":"Point","coordinates":[118.459074,24.474806]}},
{"type":"Feature","properties":{"name":"大竹圍","label_type":"village","source_level":"hamlet","min_zoom":13,"wikidata":null},"geometry":{"type":"Point","coordinates":[121.793339,24.829721]}},
{"type":"Feature","properties":{"name":"大坑","label_type":"village","source_level":"hamlet","min_zoom":13,"wikidata":null},"geometry":{"type":"Point","coordinates":[121.676781,24.723289]}},
{"type":"Feature","properties":{"name":"大坑","label_type":"village","source_level":"village","min_zoom":11,"wikidata":"Q28418061"},"geometry":{"type":"Point","coordinates":[121.830761,24.856651]}},
{"type":"Feature","properties":{"name":"大坪","label_type":"village","source_level":"hamlet","min_zoom":13,"wikidata":null},"geometry":{"type":"Point","coordinates":[120.918145,23.903318]}},
{"type":"Feature","properties":{"name":"大坪","label_type":"village","source_level":"hamlet","min_zoom":13,"wikidata":null},"geometry":{"type":"Point","coordinates":[120.888126,24.094856]}},
{"type":"Feature","properties":{"name":"大坪頂","label_type":"village","source_level":"village","min_zoom":11,"wikidata":null},"geometry":{"type":"Point","coordinates":[120.92602,24.037411]}},
{"type":"Feature","properties":{"name":"大岸頂","label_type":"village","source_level":"hamlet","min_zoom":13,"wikidata":null},"geometry":{"type":"Point","coordinates":[120.892868,24.033256]}},
{"type":"Feature","properties":{"name":"大林","label_type":"village","source_level":"village","min_zoom":11,"wikidata":null},"geometry":{"type":"Point","coordinates":[120.945976,23.887309]}},
{"type":"Feature","properties":{"name":"大武","label_type":"village","source_level":"village","min_zoom":11,"wikidata":null},"geometry":{"type":"Point","coordinates":[120.905335,22.35724]}},
{"type":"Feature","properties":{"name":"大舍甲","label_type":"village","source_level":"village","min_zoom":11,"wikidata":null},"geometry":{"type":"Point","coordinates":[120.261948,22.748619]}},
{"type":"Feature","properties":{"name":"大金面","label_type":"village","source_level":"hamlet","min_zoom":13,"wikidata":null},"geometry":{"type":"Point","coordinates":[121.800549,24.852504]}},
{"type":"Feature","properties":{"name":"大洲","label_type":"village","source_level":"village","min_zoom":11,"wikidata":"Q30945892"},"geometry":{"type":"Point","coordinates":[121.729288,24.692821]}},
{"type":"Feature","properties":{"name":"大茅坪","label_type":"village","source_level":"hamlet","min_zoom":13,"wikidata":null},"geometry":{"type":"Point","coordinates":[120.855038,24.096952]}},
{"type":"Feature","properties":{"name":"大埔","label_type":"village","source_level":"village","min_zoom":11,"wikidata":null},"geometry":{"type":"Point","coordinates":[121.708882,24.667142]}},
{"type":"Feature","properties":{"name":"大埔","label_type":"village","source_level":"hamlet","min_zoom":13,"wikidata":null},"geometry":{"type":"Point","coordinates":[121.813188,24.680557]}},
{"type":"Feature","properties":{"name":"大埔","label_type":"village","source_level":"village","min_zoom":11,"wikidata":null},"geometry":{"type":"Point","coordinates":[120.321386,22.825278]}},
{"type":"Feature","properties":{"name":"大草堀","label_type":"village","source_level":"hamlet","min_zoom":13,"wikidata":null},"geometry":{"type":"Point","coordinates":[120.852635,24.05487]}},
{"type":"Feature","properties":{"name":"大粗坑","label_type":"village","source_level":"hamlet","min_zoom":13,"wikidata":null},"geometry":{"type":"Point","coordinates":[121.566596,24.900743]}},
{"type":"Feature","properties":{"name":"大莊","label_type":"village","source_level":"hamlet","min_zoom":13,"wikidata":null},"geometry":{"type":"Point","coordinates":[120.934625,24.003837]}},
{"type":"Feature","properties":{"name":"大莊","label_type":"village","source_level":"hamlet","min_zoom":13,"wikidata":null},"geometry":{"type":"Point","coordinates":[120.319176,22.804451]}},
{"type":"Feature","properties":{"name":"大湖","label_type":"village","source_level":"village","min_zoom":11,"wikidata":"Q30945849"},"geometry":{"type":"Point","coordinates":[121.696565,24.745136]}},
{"type":"Feature","properties":{"name":"大湖","label_type":"village","source_level":"village","min_zoom":11,"wikidata":null},"geometry":{"type":"Point","coordinates":[120.243065,22.891397]}},
{"type":"Feature","properties":{"name":"大湖","label_type":"village","source_level":"hamlet","min_zoom":13,"wikidata":null},"geometry":{"type":"Point","coordinates":[120.881109,22.336104]}},
{"type":"Feature","properties":{"name":"大湖尾","label_type":"village","source_level":"hamlet","min_zoom":13,"wikidata":null},"geometry":{"type":"Point","coordinates":[121.725962,24.92717]}},
{"type":"Feature","properties":{"name":"大湖尾坑","label_type":"village","source_level":"hamlet","min_zoom":13,"wikidata":null},"geometry":{"type":"Point","coordinates":[121.734545,24.934039]}},
{"type":"Feature","properties":{"name":"大湳","label_type":"village","source_level":"village","min_zoom":11,"wikidata":"Q55715961"},"geometry":{"type":"Point","coordinates":[120.983527,23.979861]}},
{"type":"Feature","properties":{"name":"大雁","label_type":"village","source_level":"village","min_zoom":11,"wikidata":null},"geometry":{"type":"Point","coordinates":[120.920312,23.920698]}},
{"type":"Feature","properties":{"name":"大雁頂","label_type":"village","source_level":"hamlet","min_zoom":13,"wikidata":null},"geometry":{"type":"Point","coordinates":[120.902417,24.033452]}},
{"type":"Feature","properties":{"name":"大塭","label_type":"village","source_level":"hamlet","min_zoom":13,"wikidata":"Q30942736"},"geometry":{"type":"Point","coordinates":[121.801107,24.819731]}},
{"type":"Feature","properties":{"name":"大義村","label_type":"village","source_level":"hamlet","min_zoom":13,"wikidata":null},"geometry":{"type":"Point","coordinates":[121.769114,24.817472]}},
{"type":"Feature","properties":{"name":"大墓溝","label_type":"village","source_level":"hamlet","min_zoom":13,"wikidata":null},"geometry":{"type":"Point","coordinates":[120.340548,22.805004]}},
{"type":"Feature","properties":{"name":"大旗","label_type":"village","source_level":"hamlet","min_zoom":13,"wikidata":null},"geometry":{"type":"Point","coordinates":[120.864308,24.04813]}},
{"type":"Feature","properties":{"name":"大旗尾","label_type":"village","source_level":"hamlet","min_zoom":13,"wikidata":null},"geometry":{"type":"Point","coordinates":[121.800056,24.69477]}},
{"type":"Feature","properties":{"name":"大福","label_type":"village","source_level":"village","min_zoom":11,"wikidata":null},"geometry":{"type":"Point","coordinates":[121.817758,24.803019]}},
{"type":"Feature","properties":{"name":"大鼻寮","label_type":"village","source_level":"hamlet","min_zoom":13,"wikidata":null},"geometry":{"type":"Point","coordinates":[120.948229,24.045621]}},
{"type":"Feature","properties":{"name":"大寮","label_type":"village","source_level":"village","min_zoom":11,"wikidata":null},"geometry":{"type":"Point","coordinates":[120.300572,22.781167]}},
{"type":"Feature","properties":{"name":"大寮","label_type":"village","source_level":"hamlet","min_zoom":13,"wikidata":null},"geometry":{"type":"Point","coordinates":[120.31527,22.776379]}},
{"type":"Feature","properties":{"name":"大潭","label_type":"village","source_level":"village","min_zoom":11,"wikidata":null},"geometry":{"type":"Point","coordinates":[120.269651,22.911401]}},
{"type":"Feature","properties":{"name":"大礁溪","label_type":"village","source_level":"hamlet","min_zoom":13,"wikidata":null},"geometry":{"type":"Point","coordinates":[121.694806,24.78052]}},
{"type":"Feature","properties":{"name":"大觀巷","label_type":"village","source_level":"hamlet","min_zoom":13,"wikidata":null},"geometry":{"type":"Point","coordinates":[120.874629,23.873555]}},
{"type":"Feature","properties":{"name":"小西門","label_type":"village","source_level":"hamlet","min_zoom":13,"wikidata":null},"geometry":{"type":"Point","coordinates":[118.328226,24.412863]}},
{"type":"Feature","properties":{"name":"小坑","label_type":"village","source_level":"hamlet","min_zoom":13,"wikidata":null},"geometry":{"type":"Point","coordinates":[121.562347,24.927774]}},
{"type":"Feature","properties":{"name":"小坑口","label_type":"village","source_level":"hamlet","min_zoom":13,"wikidata":null},"geometry":{"type":"Point","coordinates":[121.531384,24.916954]}},
{"type":"Feature","properties":{"name":"小岩石","label_type":"village","source_level":"hamlet","min_zoom":13,"wikidata":null},"geometry":{"type":"Point","coordinates":[120.88583,24.040252]}},
{"type":"Feature","properties":{"name":"小岸頂","label_type":"village","source_level":"hamlet","min_zoom":13,"wikidata":null},"geometry":{"type":"Point","coordinates":[120.883663,24.032903]}},
{"type":"Feature","properties":{"name":"小金面","label_type":"village","source_level":"village","min_zoom":11,"wikidata":null},"geometry":{"type":"Point","coordinates":[121.794026,24.846663]}},
{"type":"Feature","properties":{"name":"小埔社","label_type":"village","source_level":"village","min_zoom":11,"wikidata":"Q55715963"},"geometry":{"type":"Point","coordinates":[120.954967,24.024731]}},
{"type":"Feature","properties":{"name":"小徑","label_type":"village","source_level":"hamlet","min_zoom":13,"wikidata":null},"geometry":{"type":"Point","coordinates":[118.38423,24.449376]}},
{"type":"Feature","properties":{"name":"小崗山","label_type":"village","source_level":"hamlet","min_zoom":13,"wikidata":null},"geometry":{"type":"Point","coordinates":[120.327501,22.81167]}},
{"type":"Feature","properties":{"name":"小粗坑","label_type":"village","source_level":"hamlet","min_zoom":13,"wikidata":null},"geometry":{"type":"Point","coordinates":[121.546233,24.942269]}},
{"type":"Feature","properties":{"name":"小寮","label_type":"village","source_level":"hamlet","min_zoom":13,"wikidata":null},"geometry":{"type":"Point","coordinates":[121.548443,24.865354]}},
{"type":"Feature","properties":{"name":"小礁溪","label_type":"village","source_level":"hamlet","min_zoom":13,"wikidata":null},"geometry":{"type":"Point","coordinates":[121.700535,24.806039]}},
{"type":"Feature","properties":{"name":"山水","label_type":"village","source_level":"hamlet","min_zoom":13,"wikidata":null},"geometry":{"type":"Point","coordinates":[119.59307,23.515928]}},
{"type":"Feature","properties":{"name":"山仔脚","label_type":"village","source_level":"hamlet","min_zoom":13,"wikidata":null},"geometry":{"type":"Point","coordinates":[120.927093,23.884366]}},
{"type":"Feature","properties":{"name":"山外","label_type":"village","source_level":"hamlet","min_zoom":13,"wikidata":null},"geometry":{"type":"Point","coordinates":[118.414893,24.441582]}},
{"type":"Feature","properties":{"name":"山后","label_type":"village","source_level":"hamlet","min_zoom":13,"wikidata":null},"geometry":{"type":"Point","coordinates":[118.441629,24.5048]}},
{"type":"Feature","properties":{"name":"山羊洞","label_type":"village","source_level":"hamlet","min_zoom":13,"wikidata":null},"geometry":{"type":"Point","coordinates":[121.536705,24.837336]}},
{"type":"Feature","properties":{"name":"山西","label_type":"village","source_level":"hamlet","min_zoom":13,"wikidata":null},"geometry":{"type":"Point","coordinates":[118.43045,24.503141]}},
{"type":"Feature","properties":{"name":"山坑口","label_type":"village","source_level":"hamlet","min_zoom":13,"wikidata":null},"geometry":{"type":"Point","coordinates":[118.355198,24.429783]}},
{"type":"Feature","properties":{"name":"山前","label_type":"village","source_level":"hamlet","min_zoom":13,"wikidata":null},"geometry":{"type":"Point","coordinates":[118.3149,24.416302]}},
{"type":"Feature","properties":{"name":"山楂巷","label_type":"village","source_level":"hamlet","min_zoom":13,"wikidata":null},"geometry":{"type":"Point","coordinates":[120.906322,23.898963]}},
{"type":"Feature","properties":{"name":"山楂脚","label_type":"village","source_level":"hamlet","min_zoom":13,"wikidata":null},"geometry":{"type":"Point","coordinates":[120.915012,23.910341]}},
{"type":"Feature","properties":{"name":"山腳","label_type":"village","source_level":"hamlet","min_zoom":13,"wikidata":null},"geometry":{"type":"Point","coordinates":[120.33499,22.841119]}},
{"type":"Feature","properties":{"name":"山腳下","label_type":"village","source_level":"hamlet","min_zoom":13,"wikidata":null},"geometry":{"type":"Point","coordinates":[120.331943,22.841395]}},
{"type":"Feature","properties":{"name":"山寮","label_type":"village","source_level":"hamlet","min_zoom":13,"wikidata":null},"geometry":{"type":"Point","coordinates":[120.341105,22.829451]}},
{"type":"Feature","properties":{"name":"山寮","label_type":"village","source_level":"hamlet","min_zoom":13,"wikidata":null},"geometry":{"type":"Point","coordinates":[119.57865,23.578521]}},
{"type":"Feature","properties":{"name":"山隴","label_type":"village","source_level":"village","min_zoom":11,"wikidata":null},"geometry":{"type":"Point","coordinates":[119.951842,26.155361]}},
{"type":"Feature","properties":{"name":"中一結","label_type":"village","source_level":"hamlet","min_zoom":13,"wikidata":null},"geometry":{"type":"Point","coordinates":[121.805913,24.685744]}},
{"type":"Feature","properties":{"name":"中心尾","label_type":"village","source_level":"hamlet","min_zoom":13,"wikidata":null},"geometry":{"type":"Point","coordinates":[120.981295,23.955881]}},
{"type":"Feature","properties":{"name":"中甲","label_type":"village","source_level":"hamlet","min_zoom":13,"wikidata":null},"geometry":{"type":"Point","coordinates":[120.31806,22.865282]}},
{"type":"Feature","properties":{"name":"中坪","label_type":"village","source_level":"hamlet","min_zoom":13,"wikidata":null},"geometry":{"type":"Point","coordinates":[120.895507,24.105687]}},
{"type":"Feature","properties":{"name":"中林","label_type":"village","source_level":"hamlet","min_zoom":13,"wikidata":null},"geometry":{"type":"Point","coordinates":[121.594298,24.939273]}},
{"type":"Feature","properties":{"name":"中南興","label_type":"village","source_level":"hamlet","min_zoom":13,"wikidata":null},"geometry":{"type":"Point","coordinates":[121.785057,24.736892]}},
{"type":"Feature","properties":{"name":"中城","label_type":"village","source_level":"hamlet","min_zoom":13,"wikidata":null},"geometry":{"type":"Point","coordinates":[120.939796,23.950724]}},
{"type":"Feature","properties":{"name":"中洲","label_type":"village","source_level":"village","min_zoom":11,"wikidata":null},"geometry":{"type":"Point","coordinates":[120.25094,22.907626]}},
{"type":"Feature","properties":{"name":"中原","label_type":"village","source_level":"village","min_zoom":11,"wikidata":null},"geometry":{"type":"Point","coordinates":[120.973334,24.067292]}},
{"type":"Feature","properties":{"name":"中崎","label_type":"village","source_level":"hamlet","min_zoom":13,"wikidata":null},"geometry":{"type":"Point","coordinates":[120.32306,22.762787]}},
{"type":"Feature","properties":{"name":"中崙","label_type":"village","source_level":"village","min_zoom":11,"wikidata":"Q28418104"},"geometry":{"type":"Point","coordinates":[121.804175,24.836946]}},
{"type":"Feature","properties":{"name":"中崙","label_type":"village","source_level":"hamlet","min_zoom":13,"wikidata":null},"geometry":{"type":"Point","coordinates":[120.271947,22.762213]}},
{"type":"Feature","properties":{"name":"中崙寮","label_type":"village","source_level":"hamlet","min_zoom":13,"wikidata":null},"geometry":{"type":"Point","coordinates":[120.333338,22.836115]}},
{"type":"Feature","properties":{"name":"中莊","label_type":"village","source_level":"hamlet","min_zoom":13,"wikidata":null},"geometry":{"type":"Point","coordinates":[120.97887,23.903396]}},
{"type":"Feature","properties":{"name":"中堡","label_type":"village","source_level":"hamlet","min_zoom":13,"wikidata":null},"geometry":{"type":"Point","coordinates":[118.337924,24.459182]}},
{"type":"Feature","properties":{"name":"中華村","label_type":"village","source_level":"hamlet","min_zoom":13,"wikidata":null},"geometry":{"type":"Point","coordinates":[121.647105,24.707013]}},
{"type":"Feature","properties":{"name":"中溪洲","label_type":"village","source_level":"hamlet","min_zoom":13,"wikidata":"Q30945872"},"geometry":{"type":"Point","coordinates":[121.7168,24.697519]}},
{"type":"Feature","properties":{"name":"中路","label_type":"village","source_level":"village","min_zoom":11,"wikidata":null},"geometry":{"type":"Point","coordinates":[120.294435,22.893888]}},
{"type":"Feature","properties":{"name":"中路坑","label_type":"village","source_level":"hamlet","min_zoom":13,"wikidata":null},"geometry":{"type":"Point","coordinates":[120.918853,23.944998]}},
{"type":"Feature","properties":{"name":"中路林","label_type":"village","source_level":"village","min_zoom":11,"wikidata":null},"geometry":{"type":"Point","coordinates":[120.337222,22.751112]}},
{"type":"Feature","properties":{"name":"中寮","label_type":"village","source_level":"hamlet","min_zoom":13,"wikidata":null},"geometry":{"type":"Point","coordinates":[121.738257,24.938709]}},
{"type":"Feature","properties":{"name":"中衛","label_type":"village","source_level":"hamlet","min_zoom":13,"wikidata":null},"geometry":{"type":"Point","coordinates":[119.590752,23.569573]}},
{"type":"Feature","properties":{"name":"中興坑","label_type":"village","source_level":"hamlet","min_zoom":13,"wikidata":null},"geometry":{"type":"Point","coordinates":[121.550031,24.936471]}},
{"type":"Feature","properties":{"name":"中蘭","label_type":"village","source_level":"hamlet","min_zoom":13,"wikidata":null},"geometry":{"type":"Point","coordinates":[118.385389,24.462385]}},
{"type":"Feature","properties":{"name":"互助村","label_type":"village","source_level":"hamlet","min_zoom":13,"wikidata":null},"geometry":{"type":"Point","coordinates":[120.966318,24.062257]}},
{"type":"Feature","properties":{"name":"五分子","label_type":"village","source_level":"village","min_zoom":11,"wikidata":null},"geometry":{"type":"Point","coordinates":[120.236113,22.793057]}},
{"type":"Feature","properties":{"name":"五里林","label_type":"village","source_level":"village","min_zoom":11,"wikidata":null},"geometry":{"type":"Point","coordinates":[120.293341,22.763895]}},
{"type":"Feature","properties":{"name":"五股","label_type":"village","source_level":"hamlet","min_zoom":13,"wikidata":null},"geometry":{"type":"Point","coordinates":[120.936449,24.008326]}},
{"type":"Feature","properties":{"name":"五股","label_type":"village","source_level":"village","min_zoom":11,"wikidata":"Q30942739"},"geometry":{"type":"Point","coordinates":[121.794198,24.809155]}},
{"type":"Feature","properties":{"name":"五股寮","label_type":"village","source_level":"hamlet","min_zoom":13,"wikidata":null},"geometry":{"type":"Point","coordinates":[121.695406,24.919795]}},
{"type":"Feature","properties":{"name":"五城","label_type":"village","source_level":"village","min_zoom":11,"wikidata":null},"geometry":{"type":"Point","coordinates":[120.887482,23.888035]}},
{"type":"Feature","properties":{"name":"五城口","label_type":"village","source_level":"hamlet","min_zoom":13,"wikidata":null},"geometry":{"type":"Point","coordinates":[120.890679,23.884131]}},
{"type":"Feature","properties":{"name":"五哩","label_type":"village","source_level":"hamlet","min_zoom":13,"wikidata":null},"geometry":{"type":"Point","coordinates":[120.961661,23.907202]}},
{"type":"Feature","properties":{"name":"五峰旗","label_type":"village","source_level":"village","min_zoom":11,"wikidata":null},"geometry":{"type":"Point","coordinates":[121.755617,24.828767]}},
{"type":"Feature","properties":{"name":"五票坑","label_type":"village","source_level":"hamlet","min_zoom":13,"wikidata":null},"geometry":{"type":"Point","coordinates":[120.963442,24.045112]}},
{"type":"Feature","properties":{"name":"五棚坑","label_type":"village","source_level":"hamlet","min_zoom":13,"wikidata":null},"geometry":{"type":"Point","coordinates":[120.920527,24.080027]}},
{"type":"Feature","properties":{"name":"五間","label_type":"village","source_level":"hamlet","min_zoom":13,"wikidata":null},"geometry":{"type":"Point","coordinates":[121.78349,24.776214]}},
{"type":"Feature","properties":{"name":"五塊厝","label_type":"village","source_level":"hamlet","min_zoom":13,"wikidata":null},"geometry":{"type":"Point","coordinates":[120.970781,24.020184]}},
{"type":"Feature","properties":{"name":"五塊厝","label_type":"village","source_level":"village","min_zoom":11,"wikidata":null},"geometry":{"type":"Point","coordinates":[120.329518,22.697634]}},
{"type":"Feature","properties":{"name":"五德","label_type":"village","source_level":"hamlet","min_zoom":13,"wikidata":null},"geometry":{"type":"Point","coordinates":[119.587533,23.528009]}},
{"type":"Feature","properties":{"name":"井垵","label_type":"village","source_level":"hamlet","min_zoom":13,"wikidata":null},"geometry":{"type":"Point","coordinates":[119.576654,23.519863]}},
{"type":"Feature","properties":{"name":"仁里坂","label_type":"village","source_level":"hamlet","min_zoom":13,"wikidata":null},"geometry":{"type":"Point","coordinates":[121.691716,24.933183]}},
{"type":"Feature","properties":{"name":"仁愛新村","label_type":"village","source_level":"hamlet","min_zoom":13,"wikidata":null},"geometry":{"type":"Point","coordinates":[121.822865,24.726407]}},
{"type":"Feature","properties":{"name":"介壽村","label_type":"village","source_level":"village","min_zoom":11,"wikidata":null},"geometry":{"type":"Point","coordinates":[119.952207,26.155708]}},
{"type":"Feature","properties":{"name":"內城","label_type":"village","source_level":"village","min_zoom":11,"wikidata":null},"geometry":{"type":"Point","coordinates":[121.688282,24.72171]}},
{"type":"Feature","properties":{"name":"內洋","label_type":"village","source_level":"hamlet","min_zoom":13,"wikidata":null},"geometry":{"type":"Point","coordinates":[118.455298,24.46217]}},
{"type":"Feature","properties":{"name":"內員山","label_type":"village","source_level":"village","min_zoom":11,"wikidata":"Q30945838"},"geometry":{"type":"Point","coordinates":[121.711521,24.750748]}},
{"type":"Feature","properties":{"name":"內國性","label_type":"village","source_level":"hamlet","min_zoom":13,"wikidata":null},"geometry":{"type":"Point","coordinates":[120.855167,24.038959]}},
{"type":"Feature","properties":{"name":"內湖","label_type":"village","source_level":"hamlet","min_zoom":13,"wikidata":null},"geometry":{"type":"Point","coordinates":[121.70871,24.726933]}},
{"type":"Feature","properties":{"name":"內楓仔林","label_type":"village","source_level":"hamlet","min_zoom":13,"wikidata":null},"geometry":{"type":"Point","coordinates":[121.052213,24.003053]}},
{"type":"Feature","properties":{"name":"公司頂","label_type":"village","source_level":"hamlet","min_zoom":13,"wikidata":null},"geometry":{"type":"Point","coordinates":[120.838366,23.990311]}},
{"type":"Feature","properties":{"name":"公林","label_type":"village","source_level":"hamlet","min_zoom":13,"wikidata":null},"geometry":{"type":"Point","coordinates":[120.947199,23.875988]}},
{"type":"Feature","properties":{"name":"公埔","label_type":"village","source_level":"hamlet","min_zoom":13,"wikidata":null},"geometry":{"type":"Point","coordinates":[121.761453,24.794332]}},
{"type":"Feature","properties":{"name":"公館","label_type":"village","source_level":"hamlet","min_zoom":13,"wikidata":null},"geometry":{"type":"Point","coordinates":[120.972326,24.001053]}},
{"type":"Feature","properties":{"name":"公館","label_type":"village","source_level":"hamlet","min_zoom":13,"wikidata":null},"geometry":{"type":"Point","coordinates":[120.875788,24.067292]}},
{"type":"Feature","properties":{"name":"公館","label_type":"village","source_level":"village","min_zoom":11,"wikidata":null},"geometry":{"type":"Point","coordinates":[121.816535,24.735275]}},
{"type":"Feature","properties":{"name":"六戈","label_type":"village","source_level":"hamlet","min_zoom":13,"wikidata":null},"geometry":{"type":"Point","coordinates":[121.817501,24.771948]}},
{"type":"Feature","properties":{"name":"六班長","label_type":"village","source_level":"hamlet","min_zoom":13,"wikidata":null},"geometry":{"type":"Point","coordinates":[120.290551,22.75416]}},
{"type":"Feature","properties":{"name":"六結村","label_type":"village","source_level":"village","min_zoom":11,"wikidata":"Q30942689"},"geometry":{"type":"Point","coordinates":[121.773019,24.8142]}},
{"type":"Feature","properties":{"name":"六塊厝","label_type":"village","source_level":"hamlet","min_zoom":13,"wikidata":null},"geometry":{"type":"Point","coordinates":[120.232787,22.775825]}},
{"type":"Feature","properties":{"name":"内文","label_type":"village","source_level":"village","min_zoom":11,"wikidata":null},"geometry":{"type":"Point","coordinates":[120.849996,22.220006]}},
{"type":"Feature","properties":{"name":"内加道坑","label_type":"village","source_level":"hamlet","min_zoom":13,"wikidata":null},"geometry":{"type":"Point","coordinates":[120.973485,23.899983]}},
{"type":"Feature","properties":{"name":"内底林","label_type":"village","source_level":"hamlet","min_zoom":13,"wikidata":null},"geometry":{"type":"Point","coordinates":[120.993934,23.927131]}},
{"type":"Feature","properties":{"name":"内埔","label_type":"village","source_level":"hamlet","min_zoom":13,"wikidata":null},"geometry":{"type":"Point","coordinates":[121.000822,23.98539]}},
{"type":"Feature","properties":{"name":"内魚池","label_type":"village","source_level":"hamlet","min_zoom":13,"wikidata":null},"geometry":{"type":"Point","coordinates":[120.936577,23.890036]}},
{"type":"Feature","properties":{"name":"天車","label_type":"village","source_level":"hamlet","min_zoom":13,"wikidata":null},"geometry":{"type":"Point","coordinates":[121.578054,24.906562]}},
{"type":"Feature","properties":{"name":"太武","label_type":"village","source_level":"hamlet","min_zoom":13,"wikidata":null},"geometry":{"type":"Point","coordinates":[119.634225,23.571382]}},
{"type":"Feature","properties":{"name":"太武社區","label_type":"village","source_level":"hamlet","min_zoom":13,"wikidata":null},"geometry":{"type":"Point","coordinates":[118.427832,24.476779]}},
{"type":"Feature","properties":{"name":"太陽埤","label_type":"village","source_level":"hamlet","min_zoom":13,"wikidata":null},"geometry":{"type":"Point","coordinates":[121.679335,24.711516]}},
{"type":"Feature","properties":{"name":"文澳","label_type":"village","source_level":"hamlet","min_zoom":13,"wikidata":null},"geometry":{"type":"Point","coordinates":[119.585066,23.565285]}},
{"type":"Feature","properties":{"name":"文頭股","label_type":"village","source_level":"hamlet","min_zoom":13,"wikidata":null},"geometry":{"type":"Point","coordinates":[120.98387,23.959901]}},
{"type":"Feature","properties":{"name":"斗門","label_type":"village","source_level":"hamlet","min_zoom":13,"wikidata":null},"geometry":{"type":"Point","coordinates":[118.402491,24.474045]}},
{"type":"Feature","properties":{"name":"日南","label_type":"village","source_level":"hamlet","min_zoom":13,"wikidata":null},"geometry":{"type":"Point","coordinates":[120.941405,23.976881]}},
{"type":"Feature","properties":{"name":"毛蟹穴","label_type":"village","source_level":"hamlet","min_zoom":13,"wikidata":null},"geometry":{"type":"Point","coordinates":[120.927436,23.889271]}},
{"type":"Feature","properties":{"name":"水井仔","label_type":"village","source_level":"hamlet","min_zoom":13,"wikidata":null},"geometry":{"type":"Point","coordinates":[121.746604,24.675293]}},
{"type":"Feature","properties":{"name":"水井湖","label_type":"village","source_level":"hamlet","min_zoom":13,"wikidata":null},"geometry":{"type":"Point","coordinates":[120.967047,23.909438]}},
{"type":"Feature","properties":{"name":"水尾","label_type":"village","source_level":"village","min_zoom":11,"wikidata":"Q55715981"},"geometry":{"type":"Point","coordinates":[120.923703,23.988213]}},
{"type":"Feature","properties":{"name":"水尾巷","label_type":"village","source_level":"hamlet","min_zoom":13,"wikidata":null},"geometry":{"type":"Point","coordinates":[120.96091,23.896197]}},
{"type":"Feature","properties":{"name":"水底林","label_type":"village","source_level":"hamlet","min_zoom":13,"wikidata":null},"geometry":{"type":"Point","coordinates":[120.982454,23.931387]}},
{"type":"Feature","properties":{"name":"水東流","label_type":"village","source_level":"hamlet","min_zoom":13,"wikidata":null},"geometry":{"type":"Point","coordinates":[120.849094,24.081555]}},
{"type":"Feature","properties":{"name":"水社","label_type":"village","source_level":"village","min_zoom":11,"wikidata":null},"geometry":{"type":"Point","coordinates":[120.911858,23.86604]}},
{"type":"Feature","properties":{"name":"水長流","label_type":"village","source_level":"village","min_zoom":11,"wikidata":"Q55698051"},"geometry":{"type":"Point","coordinates":[120.875959,24.070447]}},
{"type":"Feature","properties":{"name":"水柳腳","label_type":"village","source_level":"hamlet","min_zoom":13,"wikidata":null},"geometry":{"type":"Point","coordinates":[121.702938,24.937152]}},
{"type":"Feature","properties":{"name":"水流東","label_type":"village","source_level":"hamlet","min_zoom":13,"wikidata":null},"geometry":{"type":"Point","coordinates":[120.917823,24.024496]}},
{"type":"Feature","properties":{"name":"水蛙窟","label_type":"village","source_level":"hamlet","min_zoom":13,"wikidata":null},"geometry":{"type":"Point","coordinates":[120.950825,24.003327]}},
{"type":"Feature","properties":{"name":"水源地","label_type":"village","source_level":"hamlet","min_zoom":13,"wikidata":null},"geometry":{"type":"Point","coordinates":[121.702981,24.723328]}},
{"type":"Feature","properties":{"name":"水裡城","label_type":"village","source_level":"hamlet","min_zoom":13,"wikidata":null},"geometry":{"type":"Point","coordinates":[120.957391,23.968254]}},
{"type":"Feature","properties":{"name":"水廍子","label_type":"village","source_level":"hamlet","min_zoom":13,"wikidata":null},"geometry":{"type":"Point","coordinates":[120.978119,23.950744]}},
{"type":"Feature","properties":{"name":"水頭","label_type":"village","source_level":"village","min_zoom":11,"wikidata":"Q55715982"},"geometry":{"type":"Point","coordinates":[120.970094,23.944625]}},
{"type":"Feature","properties":{"name":"水頭","label_type":"village","source_level":"hamlet","min_zoom":13,"wikidata":null},"geometry":{"type":"Point","coordinates":[118.296382,24.411554]}},
{"type":"Feature","properties":{"name":"水聳淒坑","label_type":"village","source_level":"hamlet","min_zoom":13,"wikidata":"Q28410890"},"geometry":{"type":"Point","coordinates":[121.712615,24.933086]}},
{"type":"Feature","properties":{"name":"火炎山","label_type":"village","source_level":"hamlet","min_zoom":13,"wikidata":null},"geometry":{"type":"Point","coordinates":[121.66352,24.92719]}},
{"type":"Feature","properties":{"name":"火炭坑","label_type":"village","source_level":"hamlet","min_zoom":13,"wikidata":null},"geometry":{"type":"Point","coordinates":[121.697681,24.785605]}},
{"type":"Feature","properties":{"name":"火培坑","label_type":"village","source_level":"hamlet","min_zoom":13,"wikidata":null},"geometry":{"type":"Point","coordinates":[120.895035,23.911831]}},
{"type":"Feature","properties":{"name":"火燒坪","label_type":"village","source_level":"hamlet","min_zoom":13,"wikidata":null},"geometry":{"type":"Point","coordinates":[119.570711,23.575906]}},
{"type":"Feature","properties":{"name":"火燒樟","label_type":"village","source_level":"hamlet","min_zoom":13,"wikidata":null},"geometry":{"type":"Point","coordinates":[121.600606,24.908917]}},
{"type":"Feature","properties":{"name":"牛坪坑","label_type":"village","source_level":"hamlet","min_zoom":13,"wikidata":null},"geometry":{"type":"Point","coordinates":[120.902567,24.128895]}},
{"type":"Feature","properties":{"name":"牛洞","label_type":"village","source_level":"hamlet","min_zoom":13,"wikidata":null},"geometry":{"type":"Point","coordinates":[120.971532,23.936329]}},
{"type":"Feature","properties":{"name":"牛相觸","label_type":"village","source_level":"village","min_zoom":11,"wikidata":"Q55698060"},"geometry":{"type":"Point","coordinates":[120.939646,23.964156]}},
{"type":"Feature","properties":{"name":"牛眠","label_type":"village","source_level":"village","min_zoom":11,"wikidata":null},"geometry":{"type":"Point","coordinates":[120.975437,23.993094]}},
{"type":"Feature","properties":{"name":"牛寮","label_type":"village","source_level":"hamlet","min_zoom":13,"wikidata":null},"geometry":{"type":"Point","coordinates":[121.745381,24.671491]}},
{"type":"Feature","properties":{"name":"牛頭山","label_type":"village","source_level":"hamlet","min_zoom":13,"wikidata":null},"geometry":{"type":"Point","coordinates":[119.583242,23.560466]}},
{"type":"Feature","properties":{"name":"王通塭","label_type":"village","source_level":"hamlet","min_zoom":13,"wikidata":null},"geometry":{"type":"Point","coordinates":[121.817222,24.825554]}},
{"type":"Feature","properties":{"name":"主毛牙","label_type":"village","source_level":"hamlet","min_zoom":13,"wikidata":null},"geometry":{"type":"Point","coordinates":[120.850081,24.013677]}},
{"type":"Feature","properties":{"name":"仕田","label_type":"village","source_level":"hamlet","min_zoom":13,"wikidata":null},"geometry":{"type":"Point","coordinates":[120.29686,22.753922]}},
{"type":"Feature","properties":{"name":"凹仔","label_type":"village","source_level":"hamlet","min_zoom":13,"wikidata":null},"geometry":{"type":"Point","coordinates":[120.244482,22.937152]}},
{"type":"Feature","properties":{"name":"功勞","label_type":"village","source_level":"hamlet","min_zoom":13,"wikidata":null},"geometry":{"type":"Point","coordinates":[121.79055,24.767778]}},
{"type":"Feature","properties":{"name":"加冬林","label_type":"village","source_level":"hamlet","min_zoom":13,"wikidata":null},"geometry":{"type":"Point","coordinates":[121.784778,24.725511]}},
{"type":"Feature","properties":{"name":"加道坑","label_type":"village","source_level":"hamlet","min_zoom":13,"wikidata":null},"geometry":{"type":"Point","coordinates":[120.975931,23.915323]}},
{"type":"Feature","properties":{"name":"加禮宛","label_type":"village","source_level":"hamlet","min_zoom":13,"wikidata":null},"geometry":{"type":"Point","coordinates":[121.830955,24.678296]}},
{"type":"Feature","properties":{"name":"加羅坂","label_type":"village","source_level":"hamlet","min_zoom":13,"wikidata":null},"geometry":{"type":"Point","coordinates":[120.879157,22.359998]}},
{"type":"Feature","properties":{"name":"北山","label_type":"village","source_level":"hamlet","min_zoom":13,"wikidata":null},"geometry":{"type":"Point","coordinates":[118.311102,24.479572]}},
{"type":"Feature","properties":{"name":"北山坑","label_type":"village","source_level":"village","min_zoom":11,"wikidata":"Q55698172"},"geometry":{"type":"Point","coordinates":[120.872505,23.981332]}},
{"type":"Feature","properties":{"name":"北山村","label_type":"village","source_level":"hamlet","min_zoom":13,"wikidata":null},"geometry":{"type":"Point","coordinates":[120.893855,23.981038]}},
{"type":"Feature","properties":{"name":"北旦","label_type":"village","source_level":"hamlet","min_zoom":13,"wikidata":null},"geometry":{"type":"Point","coordinates":[120.902138,23.866923]}},
{"type":"Feature","properties":{"name":"北竹坑","label_type":"village","source_level":"hamlet","min_zoom":13,"wikidata":null},"geometry":{"type":"Point","coordinates":[120.865231,24.027906]}},
{"type":"Feature","properties":{"name":"北門坑","label_type":"village","source_level":"hamlet","min_zoom":13,"wikidata":null},"geometry":{"type":"Point","coordinates":[121.821942,24.874173]}},
{"type":"Feature","properties":{"name":"北城","label_type":"village","source_level":"village","min_zoom":11,"wikidata":"Q30946171"},"geometry":{"type":"Point","coordinates":[121.75257,24.679037]}},
{"type":"Feature","properties":{"name":"北港溪","label_type":"village","source_level":"village","min_zoom":11,"wikidata":"Q55697998"},"geometry":{"type":"Point","coordinates":[120.914798,24.05779]}},
{"type":"Feature","properties":{"name":"北碇頭","label_type":"village","source_level":"hamlet","min_zoom":13,"wikidata":null},"geometry":{"type":"Point","coordinates":[118.471498,24.45049]}},
{"type":"Feature","properties":{"name":"北寮","label_type":"village","source_level":"hamlet","min_zoom":13,"wikidata":null},"geometry":{"type":"Point","coordinates":[120.915012,24.03016]}},
{"type":"Feature","properties":{"name":"北嶺墘","label_type":"village","source_level":"hamlet","min_zoom":13,"wikidata":null},"geometry":{"type":"Point","coordinates":[120.269716,22.822509]}},
{"type":"Feature","properties":{"name":"半山坑","label_type":"village","source_level":"hamlet","min_zoom":13,"wikidata":null},"geometry":{"type":"Point","coordinates":[121.672039,24.898777]}},
{"type":"Feature","properties":{"name":"半天寮","label_type":"village","source_level":"hamlet","min_zoom":13,"wikidata":null},"geometry":{"type":"Point","coordinates":[121.616485,24.888188]}},
{"type":"Feature","properties":{"name":"半路竹","label_type":"village","source_level":"village","min_zoom":11,"wikidata":null},"geometry":{"type":"Point","coordinates":[120.260038,22.858856]}},
{"type":"Feature","properties":{"name":"卡度","label_type":"village","source_level":"village","min_zoom":11,"wikidata":null},"geometry":{"type":"Point","coordinates":[120.992088,23.903965]}},
{"type":"Feature","properties":{"name":"古庄","label_type":"village","source_level":"hamlet","min_zoom":13,"wikidata":null},"geometry":{"type":"Point","coordinates":[120.880272,22.345273]}},
{"type":"Feature","properties":{"name":"古亭","label_type":"village","source_level":"village","min_zoom":11,"wikidata":null},"geometry":{"type":"Point","coordinates":[121.798553,24.770896]}},
{"type":"Feature","properties":{"name":"古區","label_type":"village","source_level":"hamlet","min_zoom":13,"wikidata":null},"geometry":{"type":"Point","coordinates":[118.312347,24.408603]}},
{"type":"Feature","properties":{"name":"古崗","label_type":"village","source_level":"hamlet","min_zoom":13,"wikidata":null},"geometry":{"type":"Point","coordinates":[118.315437,24.397934]}},
{"type":"Feature","properties":{"name":"古結","label_type":"village","source_level":"hamlet","min_zoom":13,"wikidata":null},"geometry":{"type":"Point","coordinates":[121.801751,24.734086]}},
{"type":"Feature","properties":{"name":"史港","label_type":"village","source_level":"village","min_zoom":11,"wikidata":"Q55715959"},"geometry":{"type":"Point","coordinates":[120.958099,24.00813]}},
{"type":"Feature","properties":{"name":"司馬按","label_type":"village","source_level":"hamlet","min_zoom":13,"wikidata":null},"geometry":{"type":"Point","coordinates":[120.943615,23.882051]}},
{"type":"Feature","properties":{"name":"四十分","label_type":"village","source_level":"hamlet","min_zoom":13,"wikidata":null},"geometry":{"type":"Point","coordinates":[121.582303,24.933261]}},
{"type":"Feature","properties":{"name":"四百名","label_type":"village","source_level":"hamlet","min_zoom":13,"wikidata":null},"geometry":{"type":"Point","coordinates":[121.811385,24.694829]}},
{"type":"Feature","properties":{"name":"四角竹圍","label_type":"village","source_level":"hamlet","min_zoom":13,"wikidata":null},"geometry":{"type":"Point","coordinates":[120.959194,23.972431]}},
{"type":"Feature","properties":{"name":"四角林","label_type":"village","source_level":"hamlet","min_zoom":13,"wikidata":null},"geometry":{"type":"Point","coordinates":[120.846949,24.041349]}},
{"type":"Feature","properties":{"name":"四角城","label_type":"village","source_level":"hamlet","min_zoom":13,"wikidata":null},"geometry":{"type":"Point","coordinates":[120.963056,23.999858]}},
{"type":"Feature","properties":{"name":"四崁水","label_type":"village","source_level":"hamlet","min_zoom":13,"wikidata":null},"geometry":{"type":"Point","coordinates":[121.563292,24.901599]}},
{"type":"Feature","properties":{"name":"四堵","label_type":"village","source_level":"hamlet","min_zoom":13,"wikidata":null},"geometry":{"type":"Point","coordinates":[121.761539,24.876236]}},
{"type":"Feature","properties":{"name":"四嵌水","label_type":"village","source_level":"hamlet","min_zoom":13,"wikidata":null},"geometry":{"type":"Point","coordinates":[121.570158,24.885872]}},
{"type":"Feature","properties":{"name":"四結","label_type":"village","source_level":"hamlet","min_zoom":13,"wikidata":null},"geometry":{"type":"Point","coordinates":[121.771431,24.692782]}},
{"type":"Feature","properties":{"name":"四結","label_type":"village","source_level":"village","min_zoom":11,"wikidata":"Q30943229"},"geometry":{"type":"Point","coordinates":[121.760273,24.78767]}},
{"type":"Feature","properties":{"name":"四維村","label_type":"village","source_level":"village","min_zoom":11,"wikidata":null},"geometry":{"type":"Point","coordinates":[119.918239,26.169459]}},
{"type":"Feature","properties":{"name":"四鬮三","label_type":"village","source_level":"hamlet","min_zoom":13,"wikidata":null},"geometry":{"type":"Point","coordinates":[121.741884,24.72744]}},
{"type":"Feature","properties":{"name":"外大坪","label_type":"village","source_level":"hamlet","min_zoom":13,"wikidata":null},"geometry":{"type":"Point","coordinates":[120.916064,23.961686]}},
{"type":"Feature","properties":{"name":"外加道坑","label_type":"village","source_level":"village","min_zoom":11,"wikidata":null},"geometry":{"type":"Point","coordinates":[120.96576,23.920325]}},
{"type":"Feature","properties":{"name":"外東門","label_type":"village","source_level":"hamlet","min_zoom":13,"wikidata":null},"geometry":{"type":"Point","coordinates":[119.573972,23.552422]}},
{"type":"Feature","properties":{"name":"外東埔","label_type":"village","source_level":"hamlet","min_zoom":13,"wikidata":null},"geometry":{"type":"Point","coordinates":[120.992882,23.939291]}},
{"type":"Feature","properties":{"name":"外員山","label_type":"village","source_level":"hamlet","min_zoom":13,"wikidata":"Q30944101"},"geometry":{"type":"Point","coordinates":[121.725554,24.745389]}},
{"type":"Feature","properties":{"name":"外寮","label_type":"village","source_level":"hamlet","min_zoom":13,"wikidata":null},"geometry":{"type":"Point","coordinates":[121.732228,24.941861]}},
{"type":"Feature","properties":{"name":"外盤安","label_type":"village","source_level":"hamlet","min_zoom":13,"wikidata":null},"geometry":{"type":"Point","coordinates":[120.892889,23.984704]}},
{"type":"Feature","properties":{"name":"布袋尾","label_type":"village","source_level":"hamlet","min_zoom":13,"wikidata":null},"geometry":{"type":"Point","coordinates":[120.337222,22.903613]}},
{"type":"Feature","properties":{"name":"幼瀨","label_type":"village","source_level":"hamlet","min_zoom":13,"wikidata":null},"geometry":{"type":"Point","coordinates":[121.68339,24.933592]}},
{"type":"Feature","properties":{"name":"打那岸","label_type":"village","source_level":"hamlet","min_zoom":13,"wikidata":"Q30947902"},"geometry":{"type":"Point","coordinates":[121.792953,24.677126]}},
{"type":"Feature","properties":{"name":"打馬煙","label_type":"village","source_level":"hamlet","min_zoom":13,"wikidata":null},"geometry":{"type":"Point","coordinates":[121.823895,24.838056]}},
{"type":"Feature","properties":{"name":"打剪","label_type":"village","source_level":"hamlet","min_zoom":13,"wikidata":null},"geometry":{"type":"Point","coordinates":[120.842142,24.005268]}},
{"type":"Feature","properties":{"name":"打剪","label_type":"village","source_level":"hamlet","min_zoom":13,"wikidata":null},"geometry":{"type":"Point","coordinates":[120.854309,23.991663]}},
{"type":"Feature","properties":{"name":"打鹿洲","label_type":"village","source_level":"hamlet","min_zoom":13,"wikidata":null},"geometry":{"type":"Point","coordinates":[120.338616,22.921935]}},
{"type":"Feature","properties":{"name":"本洲","label_type":"village","source_level":"hamlet","min_zoom":13,"wikidata":null},"geometry":{"type":"Point","coordinates":[120.259717,22.811116]}},
{"type":"Feature","properties":{"name":"永和村","label_type":"village","source_level":"hamlet","min_zoom":13,"wikidata":null},"geometry":{"type":"Point","coordinates":[121.712723,24.752619]}},
{"type":"Feature","properties":{"name":"永廣","label_type":"village","source_level":"hamlet","min_zoom":13,"wikidata":null},"geometry":{"type":"Point","coordinates":[121.714718,24.758893]}},
{"type":"Feature","properties":{"name":"永豐","label_type":"village","source_level":"hamlet","min_zoom":13,"wikidata":null},"geometry":{"type":"Point","coordinates":[120.889585,24.09989]}},
{"type":"Feature","properties":{"name":"玉田","label_type":"village","source_level":"hamlet","min_zoom":13,"wikidata":null},"geometry":{"type":"Point","coordinates":[121.790872,24.796747]}},
{"type":"Feature","properties":{"name":"玉石","label_type":"village","source_level":"hamlet","min_zoom":13,"wikidata":null},"geometry":{"type":"Point","coordinates":[121.78055,24.833889]}},
{"type":"Feature","properties":{"name":"玉石村","label_type":"village","source_level":"hamlet","min_zoom":13,"wikidata":null},"geometry":{"type":"Point","coordinates":[121.785529,24.826937]}},
{"type":"Feature","properties":{"name":"玉光村","label_type":"village","source_level":"hamlet","min_zoom":13,"wikidata":null},"geometry":{"type":"Point","coordinates":[121.773126,24.79591]}},
{"type":"Feature","properties":{"name":"玉庫","label_type":"village","source_level":"hamlet","min_zoom":13,"wikidata":null},"geometry":{"type":"Point","coordinates":[120.309176,22.843333]}},
{"type":"Feature","properties":{"name":"玉桂湖","label_type":"village","source_level":"hamlet","min_zoom":13,"wikidata":null},"geometry":{"type":"Point","coordinates":[120.839932,24.000308]}},
{"type":"Feature","properties":{"name":"瓦磘","label_type":"village","source_level":"hamlet","min_zoom":13,"wikidata":null},"geometry":{"type":"Point","coordinates":[120.32306,22.845548]}},
{"type":"Feature","properties":{"name":"瓦窯","label_type":"village","source_level":"hamlet","min_zoom":13,"wikidata":null},"geometry":{"type":"Point","coordinates":[120.873256,24.053538]}},
{"type":"Feature","properties":{"name":"生蕃空","label_type":"village","source_level":"hamlet","min_zoom":13,"wikidata":"Q55698066"},"geometry":{"type":"Point","coordinates":[120.951812,23.951626]}},
{"type":"Feature","properties":{"name":"田厝","label_type":"village","source_level":"hamlet","min_zoom":13,"wikidata":null},"geometry":{"type":"Point","coordinates":[120.319455,22.836946]}},
{"type":"Feature","properties":{"name":"田埔","label_type":"village","source_level":"hamlet","min_zoom":13,"wikidata":null},"geometry":{"type":"Point","coordinates":[118.462486,24.478244]}},
{"type":"Feature","properties":{"name":"田墩","label_type":"village","source_level":"hamlet","min_zoom":13,"wikidata":null},"geometry":{"type":"Point","coordinates":[118.409357,24.502008]}},
{"type":"Feature","properties":{"name":"田寮","label_type":"village","source_level":"hamlet","min_zoom":13,"wikidata":null},"geometry":{"type":"Point","coordinates":[120.929797,23.999387]}},
{"type":"Feature","properties":{"name":"田螺汚","label_type":"village","source_level":"hamlet","min_zoom":13,"wikidata":null},"geometry":{"type":"Point","coordinates":[120.916235,23.894372]}},
{"type":"Feature","properties":{"name":"田螺窟","label_type":"village","source_level":"hamlet","min_zoom":13,"wikidata":null},"geometry":{"type":"Point","coordinates":[120.964751,23.999661]}},
{"type":"Feature","properties":{"name":"白石脚","label_type":"village","source_level":"village","min_zoom":11,"wikidata":"Q28418130"},"geometry":{"type":"Point","coordinates":[121.784713,24.839731]}},
{"type":"Feature","properties":{"name":"白石湖","label_type":"village","source_level":"hamlet","min_zoom":13,"wikidata":null},"geometry":{"type":"Point","coordinates":[121.789992,24.883887]}},
{"type":"Feature","properties":{"name":"白沙村","label_type":"village","source_level":"village","min_zoom":11,"wikidata":null},"geometry":{"type":"Point","coordinates":[119.969823,26.20612]}},
{"type":"Feature","properties":{"name":"白乳山","label_type":"village","source_level":"hamlet","min_zoom":13,"wikidata":null},"geometry":{"type":"Point","coordinates":[118.354297,24.432733]}},
{"type":"Feature","properties":{"name":"白匏湖","label_type":"village","source_level":"hamlet","min_zoom":13,"wikidata":null},"geometry":{"type":"Point","coordinates":[121.692896,24.785332]}},
{"type":"Feature","properties":{"name":"白雲村","label_type":"village","source_level":"hamlet","min_zoom":13,"wikidata":null},"geometry":{"type":"Point","coordinates":[121.784778,24.837024]}},
{"type":"Feature","properties":{"name":"白鵝","label_type":"village","source_level":"hamlet","min_zoom":13,"wikidata":null},"geometry":{"type":"Point","coordinates":[121.755831,24.793338]}},
{"type":"Feature","properties":{"name":"白鵝村","label_type":"village","source_level":"hamlet","min_zoom":13,"wikidata":null},"geometry":{"type":"Point","coordinates":[121.760466,24.799942]}},
{"type":"Feature","properties":{"name":"白鶴坑","label_type":"village","source_level":"hamlet","min_zoom":13,"wikidata":null},"geometry":{"type":"Point","coordinates":[120.961211,23.944331]}},
{"type":"Feature","properties":{"name":"白鶴棟","label_type":"village","source_level":"hamlet","min_zoom":13,"wikidata":null},"geometry":{"type":"Point","coordinates":[121.750295,24.776974]}},
{"type":"Feature","properties":{"name":"石公","label_type":"village","source_level":"hamlet","min_zoom":13,"wikidata":null},"geometry":{"type":"Point","coordinates":[121.628609,24.724692]}},
{"type":"Feature","properties":{"name":"石安","label_type":"village","source_level":"hamlet","min_zoom":13,"wikidata":null},"geometry":{"type":"Point","coordinates":[120.309434,22.894441]}},
{"type":"Feature","properties":{"name":"石空","label_type":"village","source_level":"hamlet","min_zoom":13,"wikidata":null},"geometry":{"type":"Point","coordinates":[121.836104,24.896383]}},
{"type":"Feature","properties":{"name":"石門","label_type":"village","source_level":"hamlet","min_zoom":13,"wikidata":null},"geometry":{"type":"Point","coordinates":[120.861669,24.042114]}},
{"type":"Feature","properties":{"name":"石泉","label_type":"village","source_level":"hamlet","min_zoom":13,"wikidata":null},"geometry":{"type":"Point","coordinates":[119.59352,23.555136]}},
{"type":"Feature","properties":{"name":"石硿子","label_type":"village","source_level":"hamlet","min_zoom":13,"wikidata":null},"geometry":{"type":"Point","coordinates":[121.655281,24.918686]}},
{"type":"Feature","properties":{"name":"石硿子","label_type":"village","source_level":"hamlet","min_zoom":13,"wikidata":null},"geometry":{"type":"Point","coordinates":[121.67661,24.937542]}},
{"type":"Feature","properties":{"name":"石墩坑","label_type":"village","source_level":"hamlet","min_zoom":13,"wikidata":null},"geometry":{"type":"Point","coordinates":[121.011937,23.991389]}},
{"type":"Feature","properties":{"name":"石盤坑","label_type":"village","source_level":"hamlet","min_zoom":13,"wikidata":null},"geometry":{"type":"Point","coordinates":[121.023889,23.961941]}},
{"type":"Feature","properties":{"name":"石𥕢","label_type":"village","source_level":"hamlet","min_zoom":13,"wikidata":null},"geometry":{"type":"Point","coordinates":[121.71946,24.902202]}},
{"type":"Feature","properties":{"name":"石頭城","label_type":"village","source_level":"hamlet","min_zoom":13,"wikidata":null},"geometry":{"type":"Point","coordinates":[121.705878,24.67463]}},
{"type":"Feature","properties":{"name":"石頭厝","label_type":"village","source_level":"hamlet","min_zoom":13,"wikidata":null},"geometry":{"type":"Point","coordinates":[121.731648,24.713504]}},
{"type":"Feature","properties":{"name":"石頭埔","label_type":"village","source_level":"hamlet","min_zoom":13,"wikidata":null},"geometry":{"type":"Point","coordinates":[120.956533,24.031531]}},
{"type":"Feature","properties":{"name":"石螺潭","label_type":"village","source_level":"village","min_zoom":11,"wikidata":null},"geometry":{"type":"Point","coordinates":[120.267892,22.775252]}},
{"type":"Feature","properties":{"name":"石觀音","label_type":"village","source_level":"hamlet","min_zoom":13,"wikidata":null},"geometry":{"type":"Point","coordinates":[120.875444,23.87797]}},
{"type":"Feature","properties":{"name":"亦佳","label_type":"village","source_level":"hamlet","min_zoom":13,"wikidata":null},"geometry":{"type":"Point","coordinates":[119.601717,23.578462]}},
{"type":"Feature","properties":{"name":"份尾","label_type":"village","source_level":"hamlet","min_zoom":13,"wikidata":null},"geometry":{"type":"Point","coordinates":[121.786108,24.833616]}},
{"type":"Feature","properties":{"name":"光武村","label_type":"village","source_level":"hamlet","min_zoom":13,"wikidata":null},"geometry":{"type":"Point","coordinates":[121.773276,24.781377]}},
{"type":"Feature","properties":{"name":"光武村","label_type":"village","source_level":"hamlet","min_zoom":13,"wikidata":null},"geometry":{"type":"Point","coordinates":[118.394294,24.445899]}},
{"type":"Feature","properties":{"name":"共勵園","label_type":"village","source_level":"hamlet","min_zoom":13,"wikidata":null},"geometry":{"type":"Point","coordinates":[120.921278,23.974999]}},
{"type":"Feature","properties":{"name":"再連","label_type":"village","source_level":"hamlet","min_zoom":13,"wikidata":null},"geometry":{"type":"Point","coordinates":[121.664658,24.71136]}},
{"type":"Feature","properties":{"name":"再興新村","label_type":"village","source_level":"hamlet","min_zoom":13,"wikidata":null},"geometry":{"type":"Point","coordinates":[120.32763,22.839774]}},
{"type":"Feature","properties":{"name":"吊雞林","label_type":"village","source_level":"village","min_zoom":11,"wikidata":null},"geometry":{"type":"Point","coordinates":[120.319176,22.78916]}},
{"type":"Feature","properties":{"name":"名勝巷","label_type":"village","source_level":"hamlet","min_zoom":13,"wikidata":null},"geometry":{"type":"Point","coordinates":[120.913725,23.875713]}},
{"type":"Feature","properties":{"name":"后宅","label_type":"village","source_level":"hamlet","min_zoom":13,"wikidata":null},"geometry":{"type":"Point","coordinates":[118.394465,24.482169]}},
{"type":"Feature","properties":{"name":"后沙","label_type":"village","source_level":"hamlet","min_zoom":13,"wikidata":null},"geometry":{"type":"Point","coordinates":[118.364232,24.459455]}},
{"type":"Feature","properties":{"name":"后扁","label_type":"village","source_level":"hamlet","min_zoom":13,"wikidata":null},"geometry":{"type":"Point","coordinates":[118.449955,24.492811]}},
{"type":"Feature","properties":{"name":"后珩","label_type":"village","source_level":"hamlet","min_zoom":13,"wikidata":null},"geometry":{"type":"Point","coordinates":[118.410988,24.509642]}},
{"type":"Feature","properties":{"name":"后湖","label_type":"village","source_level":"hamlet","min_zoom":13,"wikidata":null},"geometry":{"type":"Point","coordinates":[118.341208,24.419037]}},
{"type":"Feature","properties":{"name":"后園","label_type":"village","source_level":"hamlet","min_zoom":13,"wikidata":null},"geometry":{"type":"Point","coordinates":[118.401954,24.438476]}},
{"type":"Feature","properties":{"name":"后盤山","label_type":"village","source_level":"hamlet","min_zoom":13,"wikidata":null},"geometry":{"type":"Point","coordinates":[118.352473,24.453068]}},
{"type":"Feature","properties":{"name":"后嶼坡","label_type":"village","source_level":"hamlet","min_zoom":13,"wikidata":null},"geometry":{"type":"Point","coordinates":[118.425,24.52448]}},
{"type":"Feature","properties":{"name":"后豐新村","label_type":"village","source_level":"hamlet","min_zoom":13,"wikidata":null},"geometry":{"type":"Point","coordinates":[118.298786,24.415618]}},
{"type":"Feature","properties":{"name":"后壠","label_type":"village","source_level":"hamlet","min_zoom":13,"wikidata":null},"geometry":{"type":"Point","coordinates":[118.443131,24.446095]}},
{"type":"Feature","properties":{"name":"向天湖","label_type":"village","source_level":"hamlet","min_zoom":13,"wikidata":null},"geometry":{"type":"Point","coordinates":[121.531878,24.890874]}},
{"type":"Feature","properties":{"name":"圳寮","label_type":"village","source_level":"hamlet","min_zoom":13,"wikidata":null},"geometry":{"type":"Point","coordinates":[121.72858,24.729155]}},
{"type":"Feature","properties":{"name":"圳頭","label_type":"village","source_level":"hamlet","min_zoom":13,"wikidata":null},"geometry":{"type":"Point","coordinates":[121.66822,24.750183]}},
{"type":"Feature","properties":{"name":"圳邊","label_type":"village","source_level":"hamlet","min_zoom":13,"wikidata":null},"geometry":{"type":"Point","coordinates":[120.964515,23.888996]}},
{"type":"Feature","properties":{"name":"守城","label_type":"village","source_level":"hamlet","min_zoom":13,"wikidata":null},"geometry":{"type":"Point","coordinates":[120.98681,23.987429]}},
{"type":"Feature","properties":{"name":"安宅","label_type":"village","source_level":"hamlet","min_zoom":13,"wikidata":null},"geometry":{"type":"Point","coordinates":[119.603305,23.577813]}},
{"type":"Feature","properties":{"name":"安岐","label_type":"village","source_level":"hamlet","min_zoom":13,"wikidata":null},"geometry":{"type":"Point","coordinates":[118.3255,24.461701]}},
{"type":"Feature","properties":{"name":"安招","label_type":"village","source_level":"hamlet","min_zoom":13,"wikidata":null},"geometry":{"type":"Point","coordinates":[120.342779,22.785836]}},
{"type":"Feature","properties":{"name":"安厝","label_type":"village","source_level":"hamlet","min_zoom":13,"wikidata":null},"geometry":{"type":"Point","coordinates":[120.266948,22.751112]}},
{"type":"Feature","properties":{"name":"安朔","label_type":"village","source_level":"village","min_zoom":11,"wikidata":null},"geometry":{"type":"Point","coordinates":[120.866668,22.293325]}},
{"type":"Feature","properties":{"name":"尖山","label_type":"village","source_level":"hamlet","min_zoom":13,"wikidata":null},"geometry":{"type":"Point","coordinates":[119.664609,23.568668]}},
{"type":"Feature","properties":{"name":"尖山湖","label_type":"village","source_level":"hamlet","min_zoom":13,"wikidata":null},"geometry":{"type":"Point","coordinates":[121.755295,24.901346]}},
{"type":"Feature","properties":{"name":"庄仔底","label_type":"village","source_level":"hamlet","min_zoom":13,"wikidata":null},"geometry":{"type":"Point","coordinates":[120.920055,23.976666]}},
{"type":"Feature","properties":{"name":"成功","label_type":"village","source_level":"hamlet","min_zoom":13,"wikidata":null},"geometry":{"type":"Point","coordinates":[121.543293,24.881745]}},
{"type":"Feature","properties":{"name":"成功","label_type":"village","source_level":"hamlet","min_zoom":13,"wikidata":null},"geometry":{"type":"Point","coordinates":[118.390002,24.438574]}},
{"type":"Feature","properties":{"name":"旭海","label_type":"village","source_level":"village","min_zoom":11,"wikidata":null},"geometry":{"type":"Point","coordinates":[120.880766,22.193028]}},
{"type":"Feature","properties":{"name":"有水巷","label_type":"village","source_level":"hamlet","min_zoom":13,"wikidata":null},"geometry":{"type":"Point","coordinates":[120.925205,23.879265]}},
{"type":"Feature","properties":{"name":"百葉坑","label_type":"village","source_level":"hamlet","min_zoom":13,"wikidata":null},"geometry":{"type":"Point","coordinates":[120.955997,23.946626]}},
{"type":"Feature","properties":{"name":"竹子腳","label_type":"village","source_level":"village","min_zoom":11,"wikidata":null},"geometry":{"type":"Point","coordinates":[120.343616,22.80722]}},
{"type":"Feature","properties":{"name":"竹子籟","label_type":"village","source_level":"hamlet","min_zoom":13,"wikidata":null},"geometry":{"type":"Point","coordinates":[120.900314,23.980312]}},
{"type":"Feature","properties":{"name":"竹安","label_type":"village","source_level":"village","min_zoom":11,"wikidata":null},"geometry":{"type":"Point","coordinates":[121.823831,24.835116]}},
{"type":"Feature","properties":{"name":"竹安","label_type":"village","source_level":"hamlet","min_zoom":13,"wikidata":null},"geometry":{"type":"Point","coordinates":[121.818895,24.816946]}},
{"type":"Feature","properties":{"name":"竹坑","label_type":"village","source_level":"hamlet","min_zoom":13,"wikidata":null},"geometry":{"type":"Point","coordinates":[120.855274,24.032844]}},
{"type":"Feature","properties":{"name":"竹坑","label_type":"village","source_level":"hamlet","min_zoom":13,"wikidata":null},"geometry":{"type":"Point","coordinates":[121.627343,24.938398]}},
{"type":"Feature","properties":{"name":"竹坑口","label_type":"village","source_level":"hamlet","min_zoom":13,"wikidata":null},"geometry":{"type":"Point","coordinates":[120.84903,24.033903]}},
{"type":"Feature","properties":{"name":"竹林","label_type":"village","source_level":"hamlet","min_zoom":13,"wikidata":null},"geometry":{"type":"Point","coordinates":[121.759951,24.686192]}},
{"type":"Feature","properties":{"name":"竹後","label_type":"village","source_level":"village","min_zoom":11,"wikidata":null},"geometry":{"type":"Point","coordinates":[120.335205,22.708205]}},
{"type":"Feature","properties":{"name":"竹滬","label_type":"village","source_level":"village","min_zoom":11,"wikidata":null},"geometry":{"type":"Point","coordinates":[120.229161,22.860279]}},
{"type":"Feature","properties":{"name":"老莊","label_type":"village","source_level":"hamlet","min_zoom":13,"wikidata":null},"geometry":{"type":"Point","coordinates":[120.872998,24.079282]}},
{"type":"Feature","properties":{"name":"老糖廍","label_type":"village","source_level":"hamlet","min_zoom":13,"wikidata":null},"geometry":{"type":"Point","coordinates":[120.869308,24.071603]}},
{"type":"Feature","properties":{"name":"西山","label_type":"village","source_level":"hamlet","min_zoom":13,"wikidata":null},"geometry":{"type":"Point","coordinates":[119.512496,23.486117]}},
{"type":"Feature","properties":{"name":"西山","label_type":"village","source_level":"hamlet","min_zoom":13,"wikidata":null},"geometry":{"type":"Point","coordinates":[118.350348,24.456936]}},
{"type":"Feature","properties":{"name":"西山前","label_type":"village","source_level":"hamlet","min_zoom":13,"wikidata":null},"geometry":{"type":"Point","coordinates":[118.427553,24.493651]}},
{"type":"Feature","properties":{"name":"西吳","label_type":"village","source_level":"hamlet","min_zoom":13,"wikidata":null},"geometry":{"type":"Point","coordinates":[118.429184,24.485762]}},
{"type":"Feature","properties":{"name":"西村","label_type":"village","source_level":"hamlet","min_zoom":13,"wikidata":null},"geometry":{"type":"Point","coordinates":[118.443453,24.42947]}},
{"type":"Feature","properties":{"name":"西埔","label_type":"village","source_level":"hamlet","min_zoom":13,"wikidata":null},"geometry":{"type":"Point","coordinates":[118.448925,24.431795]}},
{"type":"Feature","properties":{"name":"西浦頭","label_type":"village","source_level":"hamlet","min_zoom":13,"wikidata":null},"geometry":{"type":"Point","coordinates":[118.317733,24.465979]}},
{"type":"Feature","properties":{"name":"西堡","label_type":"village","source_level":"hamlet","min_zoom":13,"wikidata":null},"geometry":{"type":"Point","coordinates":[118.32623,24.462112]}},
{"type":"Feature","properties":{"name":"西勢湖","label_type":"village","source_level":"hamlet","min_zoom":13,"wikidata":null},"geometry":{"type":"Point","coordinates":[120.878062,22.333047]}},
{"type":"Feature","properties":{"name":"西園","label_type":"village","source_level":"hamlet","min_zoom":13,"wikidata":null},"geometry":{"type":"Point","coordinates":[118.403971,24.510052]}},
{"type":"Feature","properties":{"name":"西溪","label_type":"village","source_level":"hamlet","min_zoom":13,"wikidata":null},"geometry":{"type":"Point","coordinates":[119.638817,23.583575]}},
{"type":"Feature","properties":{"name":"西衛","label_type":"village","source_level":"hamlet","min_zoom":13,"wikidata":null},"geometry":{"type":"Point","coordinates":[119.580688,23.581648]}},
{"type":"Feature","properties":{"name":"伸杖坂","label_type":"village","source_level":"hamlet","min_zoom":13,"wikidata":null},"geometry":{"type":"Point","coordinates":[121.544194,24.931354]}},
{"type":"Feature","properties":{"name":"何厝","label_type":"village","source_level":"hamlet","min_zoom":13,"wikidata":null},"geometry":{"type":"Point","coordinates":[118.398349,24.473049]}},
{"type":"Feature","properties":{"name":"兵仔寮","label_type":"village","source_level":"hamlet","min_zoom":13,"wikidata":null},"geometry":{"type":"Point","coordinates":[120.853322,24.078773]}},
{"type":"Feature","properties":{"name":"冷水坑","label_type":"village","source_level":"hamlet","min_zoom":13,"wikidata":null},"geometry":{"type":"Point","coordinates":[120.931578,24.027827]}},
{"type":"Feature","properties":{"name":"冷水坑","label_type":"village","source_level":"hamlet","min_zoom":13,"wikidata":null},"geometry":{"type":"Point","coordinates":[121.631913,24.695453]}},
{"type":"Feature","properties":{"name":"刣牛寮","label_type":"village","source_level":"hamlet","min_zoom":13,"wikidata":null},"geometry":{"type":"Point","coordinates":[121.754158,24.892509]}},
{"type":"Feature","properties":{"name":"刨牛窩","label_type":"village","source_level":"hamlet","min_zoom":13,"wikidata":null},"geometry":{"type":"Point","coordinates":[120.339432,22.893631]}},
{"type":"Feature","properties":{"name":"利澤簡","label_type":"village","source_level":"village","min_zoom":11,"wikidata":null},"geometry":{"type":"Point","coordinates":[121.823637,24.667649]}},
{"type":"Feature","properties":{"name":"吳沙村","label_type":"village","source_level":"hamlet","min_zoom":13,"wikidata":null},"geometry":{"type":"Point","coordinates":[121.758707,24.786209]}},
{"type":"Feature","properties":{"name":"吳厝","label_type":"village","source_level":"hamlet","min_zoom":13,"wikidata":null},"geometry":{"type":"Point","coordinates":[118.31769,24.419565]}},
{"type":"Feature","properties":{"name":"呂厝","label_type":"village","source_level":"hamlet","min_zoom":13,"wikidata":null},"geometry":{"type":"Point","coordinates":[118.390861,24.485684]}},
{"type":"Feature","properties":{"name":"坑內","label_type":"village","source_level":"hamlet","min_zoom":13,"wikidata":null},"geometry":{"type":"Point","coordinates":[121.585436,24.89792]}},
{"type":"Feature","properties":{"name":"坑内","label_type":"village","source_level":"hamlet","min_zoom":13,"wikidata":null},"geometry":{"type":"Point","coordinates":[120.916965,23.995388]}},
{"type":"Feature","properties":{"name":"壯一","label_type":"village","source_level":"village","min_zoom":11,"wikidata":"Q30942392"},"geometry":{"type":"Point","coordinates":[121.763899,24.755834]}},
{"type":"Feature","properties":{"name":"壯七","label_type":"village","source_level":"village","min_zoom":11,"wikidata":"Q30942569"},"geometry":{"type":"Point","coordinates":[121.774671,24.756633]}},
{"type":"Feature","properties":{"name":"壯二","label_type":"village","source_level":"hamlet","min_zoom":13,"wikidata":null},"geometry":{"type":"Point","coordinates":[121.767397,24.720677]}},
{"type":"Feature","properties":{"name":"壯三","label_type":"village","source_level":"hamlet","min_zoom":13,"wikidata":null},"geometry":{"type":"Point","coordinates":[121.767783,24.744668]}},
{"type":"Feature","properties":{"name":"壯五","label_type":"village","source_level":"village","min_zoom":11,"wikidata":null},"geometry":{"type":"Point","coordinates":[121.785336,24.746188]}},
{"type":"Feature","properties":{"name":"壯五結","label_type":"village","source_level":"hamlet","min_zoom":13,"wikidata":null},"geometry":{"type":"Point","coordinates":[121.789219,24.744785]}},
{"type":"Feature","properties":{"name":"壯六","label_type":"village","source_level":"hamlet","min_zoom":13,"wikidata":null},"geometry":{"type":"Point","coordinates":[121.795549,24.75334]}},
{"type":"Feature","properties":{"name":"壯六","label_type":"village","source_level":"hamlet","min_zoom":13,"wikidata":null},"geometry":{"type":"Point","coordinates":[121.803896,24.746675]}},
{"type":"Feature","properties":{"name":"壯四","label_type":"village","source_level":"hamlet","min_zoom":13,"wikidata":null},"geometry":{"type":"Point","coordinates":[121.774178,24.75028]}},
{"type":"Feature","properties":{"name":"壯圍","label_type":"village","source_level":"hamlet","min_zoom":13,"wikidata":null},"geometry":{"type":"Point","coordinates":[121.783061,24.749443]}},
{"type":"Feature","properties":{"name":"孝威","label_type":"village","source_level":"village","min_zoom":11,"wikidata":null},"geometry":{"type":"Point","coordinates":[121.810935,24.697168]}},
{"type":"Feature","properties":{"name":"孝義","label_type":"village","source_level":"village","min_zoom":11,"wikidata":null},"geometry":{"type":"Point","coordinates":[121.586123,24.85083]}},
{"type":"Feature","properties":{"name":"尾塹","label_type":"village","source_level":"village","min_zoom":11,"wikidata":"Q30946051"},"geometry":{"type":"Point","coordinates":[121.736541,24.696174]}},
{"type":"Feature","properties":{"name":"岑下","label_type":"village","source_level":"hamlet","min_zoom":13,"wikidata":null},"geometry":{"type":"Point","coordinates":[118.574066,24.534358]}},
{"type":"Feature","properties":{"name":"沙美","label_type":"village","source_level":"hamlet","min_zoom":13,"wikidata":null},"geometry":{"type":"Point","coordinates":[118.41249,24.492382]}},
{"type":"Feature","properties":{"name":"牡丹","label_type":"village","source_level":"village","min_zoom":11,"wikidata":null},"geometry":{"type":"Point","coordinates":[120.835276,22.17445]}},
{"type":"Feature","properties":{"name":"芋寮","label_type":"village","source_level":"village","min_zoom":11,"wikidata":null},"geometry":{"type":"Point","coordinates":[120.28583,22.761105]}},
{"type":"Feature","properties":{"name":"赤山","label_type":"village","source_level":"hamlet","min_zoom":13,"wikidata":null},"geometry":{"type":"Point","coordinates":[118.325415,24.391309]}},
{"type":"Feature","properties":{"name":"赤皮湖","label_type":"village","source_level":"hamlet","min_zoom":13,"wikidata":null},"geometry":{"type":"Point","coordinates":[121.565115,24.932346]}},
{"type":"Feature","properties":{"name":"赤崁","label_type":"village","source_level":"hamlet","min_zoom":13,"wikidata":null},"geometry":{"type":"Point","coordinates":[120.93441,23.991507]}},
{"type":"Feature","properties":{"name":"赤崎頂","label_type":"village","source_level":"hamlet","min_zoom":13,"wikidata":null},"geometry":{"type":"Point","coordinates":[121.801987,24.868917]}},
{"type":"Feature","properties":{"name":"車坪崙","label_type":"village","source_level":"hamlet","min_zoom":13,"wikidata":null},"geometry":{"type":"Point","coordinates":[120.874929,23.885955]}},
{"type":"Feature","properties":{"name":"車路墘","label_type":"village","source_level":"village","min_zoom":11,"wikidata":null},"geometry":{"type":"Point","coordinates":[120.236456,22.922508]}},
{"type":"Feature","properties":{"name":"車路頭","label_type":"village","source_level":"village","min_zoom":11,"wikidata":"Q30943252"},"geometry":{"type":"Point","coordinates":[121.807008,24.795345]}},
{"type":"Feature","properties":{"name":"辛子牢","label_type":"village","source_level":"village","min_zoom":11,"wikidata":"Q30942374"},"geometry":{"type":"Point","coordinates":[121.764157,24.767778]}},
{"type":"Feature","properties":{"name":"典寶","label_type":"village","source_level":"hamlet","min_zoom":13,"wikidata":null},"geometry":{"type":"Point","coordinates":[120.259159,22.738051]}},
{"type":"Feature","properties":{"name":"刺子崙","label_type":"village","source_level":"hamlet","min_zoom":13,"wikidata":null},"geometry":{"type":"Point","coordinates":[121.723902,24.785877]}},
{"type":"Feature","properties":{"name":"和平","label_type":"village","source_level":"hamlet","min_zoom":13,"wikidata":null},"geometry":{"type":"Point","coordinates":[120.900443,22.366051]}},
{"type":"Feature","properties":{"name":"和平新村","label_type":"village","source_level":"hamlet","min_zoom":13,"wikidata":null},"geometry":{"type":"Point","coordinates":[118.328097,24.414074]}},
{"type":"Feature","properties":{"name":"坪仔頂","label_type":"village","source_level":"hamlet","min_zoom":13,"wikidata":null},"geometry":{"type":"Point","coordinates":[120.91527,23.951214]}},
{"type":"Feature","properties":{"name":"坪溪","label_type":"village","source_level":"hamlet","min_zoom":13,"wikidata":null},"geometry":{"type":"Point","coordinates":[121.837499,24.918336]}},
{"type":"Feature","properties":{"name":"坪頭","label_type":"village","source_level":"hamlet","min_zoom":13,"wikidata":null},"geometry":{"type":"Point","coordinates":[120.911772,23.980626]}},
{"type":"Feature","properties":{"name":"奇立丹","label_type":"village","source_level":"village","min_zoom":11,"wikidata":"Q30942680"},"geometry":{"type":"Point","coordinates":[121.776152,24.82234]}},
{"type":"Feature","properties":{"name":"妹原","label_type":"village","source_level":"hamlet","min_zoom":13,"wikidata":null},"geometry":{"type":"Point","coordinates":[121.072233,23.950273]}},
{"type":"Feature","properties":{"name":"姓張底","label_type":"village","source_level":"hamlet","min_zoom":13,"wikidata":null},"geometry":{"type":"Point","coordinates":[121.775787,24.704342]}},
{"type":"Feature","properties":{"name":"官裡","label_type":"village","source_level":"hamlet","min_zoom":13,"wikidata":null},"geometry":{"type":"Point","coordinates":[118.317947,24.411945]}},
{"type":"Feature","properties":{"name":"官路邊","label_type":"village","source_level":"hamlet","min_zoom":13,"wikidata":null},"geometry":{"type":"Point","coordinates":[118.308034,24.411065]}},
{"type":"Feature","properties":{"name":"官澳","label_type":"village","source_level":"hamlet","min_zoom":13,"wikidata":null},"geometry":{"type":"Point","coordinates":[118.41337,24.519111]}},
{"type":"Feature","properties":{"name":"宜蘭","label_type":"village","source_level":"village","min_zoom":11,"wikidata":null},"geometry":{"type":"Point","coordinates":[121.753149,24.757919]}},
{"type":"Feature","properties":{"name":"尚武","label_type":"village","source_level":"village","min_zoom":11,"wikidata":null},"geometry":{"type":"Point","coordinates":[120.89083,22.339716]}},
{"type":"Feature","properties":{"name":"尚義","label_type":"village","source_level":"hamlet","min_zoom":13,"wikidata":null},"geometry":{"type":"Point","coordinates":[118.37745,24.437187]}},
{"type":"Feature","properties":{"name":"屈尺","label_type":"village","source_level":"village","min_zoom":11,"wikidata":null},"geometry":{"type":"Point","coordinates":[121.547842,24.922072]}},
{"type":"Feature","properties":{"name":"岩頂","label_type":"village","source_level":"hamlet","min_zoom":13,"wikidata":null},"geometry":{"type":"Point","coordinates":[120.878685,24.033354]}},
{"type":"Feature","properties":{"name":"岩頭橋","label_type":"village","source_level":"hamlet","min_zoom":13,"wikidata":null},"geometry":{"type":"Point","coordinates":[120.880508,23.889605]}},
{"type":"Feature","properties":{"name":"岸頭","label_type":"village","source_level":"hamlet","min_zoom":13,"wikidata":null},"geometry":{"type":"Point","coordinates":[118.467014,24.480665]}},
{"type":"Feature","properties":{"name":"房厝","label_type":"village","source_level":"hamlet","min_zoom":13,"wikidata":null},"geometry":{"type":"Point","coordinates":[120.934989,24.058534]}},
{"type":"Feature","properties":{"name":"抵美","label_type":"village","source_level":"hamlet","min_zoom":13,"wikidata":null},"geometry":{"type":"Point","coordinates":[121.781666,24.780832]}},
{"type":"Feature","properties":{"name":"拉卡","label_type":"village","source_level":"hamlet","min_zoom":13,"wikidata":null},"geometry":{"type":"Point","coordinates":[121.554,24.856398]}},
{"type":"Feature","properties":{"name":"拔雅林","label_type":"village","source_level":"village","min_zoom":11,"wikidata":"Q28418046"},"geometry":{"type":"Point","coordinates":[121.816278,24.861051]}},
{"type":"Feature","properties":{"name":"拕子","label_type":"village","source_level":"village","min_zoom":11,"wikidata":null},"geometry":{"type":"Point","coordinates":[120.320764,22.812283]}},
{"type":"Feature","properties":{"name":"放閣","label_type":"village","source_level":"hamlet","min_zoom":13,"wikidata":null},"geometry":{"type":"Point","coordinates":[120.901473,23.872672]}},
{"type":"Feature","properties":{"name":"昌榮巷","label_type":"village","source_level":"hamlet","min_zoom":13,"wikidata":null},"geometry":{"type":"Point","coordinates":[120.842121,23.994486]}},
{"type":"Feature","properties":{"name":"昔果山","label_type":"village","source_level":"hamlet","min_zoom":13,"wikidata":null},"geometry":{"type":"Point","coordinates":[118.350284,24.427028]}},
{"type":"Feature","properties":{"name":"東一巷","label_type":"village","source_level":"hamlet","min_zoom":13,"wikidata":null},"geometry":{"type":"Point","coordinates":[120.871925,24.086922]}},
{"type":"Feature","properties":{"name":"東三巷","label_type":"village","source_level":"hamlet","min_zoom":13,"wikidata":null},"geometry":{"type":"Point","coordinates":[120.87023,24.107294]}},
{"type":"Feature","properties":{"name":"東山","label_type":"village","source_level":"hamlet","min_zoom":13,"wikidata":null},"geometry":{"type":"Point","coordinates":[118.452466,24.457873]}},
{"type":"Feature","properties":{"name":"東山前","label_type":"village","source_level":"hamlet","min_zoom":13,"wikidata":null},"geometry":{"type":"Point","coordinates":[118.430665,24.492655]}},
{"type":"Feature","properties":{"name":"東文澳","label_type":"village","source_level":"hamlet","min_zoom":13,"wikidata":null},"geometry":{"type":"Point","coordinates":[119.591117,23.561804]}},
{"type":"Feature","properties":{"name":"東石","label_type":"village","source_level":"hamlet","min_zoom":13,"wikidata":null},"geometry":{"type":"Point","coordinates":[119.623003,23.584067]}},
{"type":"Feature","properties":{"name":"東光","label_type":"village","source_level":"village","min_zoom":11,"wikidata":null},"geometry":{"type":"Point","coordinates":[120.96664,23.889977]}},
{"type":"Feature","properties":{"name":"東坑","label_type":"village","source_level":"hamlet","min_zoom":13,"wikidata":null},"geometry":{"type":"Point","coordinates":[121.746111,24.926217]}},
{"type":"Feature","properties":{"name":"東村","label_type":"village","source_level":"village","min_zoom":11,"wikidata":null},"geometry":{"type":"Point","coordinates":[119.519362,23.511088]}},
{"type":"Feature","properties":{"name":"東村","label_type":"village","source_level":"hamlet","min_zoom":13,"wikidata":null},"geometry":{"type":"Point","coordinates":[118.445277,24.426911]}},
{"type":"Feature","properties":{"name":"東沙","label_type":"village","source_level":"hamlet","min_zoom":13,"wikidata":null},"geometry":{"type":"Point","coordinates":[118.323934,24.40536]}},
{"type":"Feature","properties":{"name":"東沙尾","label_type":"village","source_level":"hamlet","min_zoom":13,"wikidata":null},"geometry":{"type":"Point","coordinates":[118.448045,24.454436]}},
{"type":"Feature","properties":{"name":"東角底","label_type":"village","source_level":"hamlet","min_zoom":13,"wikidata":null},"geometry":{"type":"Point","coordinates":[120.959194,24.026691]}},
{"type":"Feature","properties":{"name":"東店","label_type":"village","source_level":"hamlet","min_zoom":13,"wikidata":null},"geometry":{"type":"Point","coordinates":[118.439655,24.480079]}},
{"type":"Feature","properties":{"name":"東南興","label_type":"village","source_level":"hamlet","min_zoom":13,"wikidata":null},"geometry":{"type":"Point","coordinates":[121.801322,24.728317]}},
{"type":"Feature","properties":{"name":"東洲","label_type":"village","source_level":"hamlet","min_zoom":13,"wikidata":null},"geometry":{"type":"Point","coordinates":[118.331165,24.431189]}},
{"type":"Feature","properties":{"name":"東埔","label_type":"village","source_level":"hamlet","min_zoom":13,"wikidata":null},"geometry":{"type":"Point","coordinates":[121.002581,23.924895]}},
{"type":"Feature","properties":{"name":"東浦","label_type":"village","source_level":"hamlet","min_zoom":13,"wikidata":null},"geometry":{"type":"Point","coordinates":[118.418112,24.490703]}},
{"type":"Feature","properties":{"name":"東珩","label_type":"village","source_level":"hamlet","min_zoom":13,"wikidata":null},"geometry":{"type":"Point","coordinates":[118.433754,24.486035]}},
{"type":"Feature","properties":{"name":"東堡","label_type":"village","source_level":"hamlet","min_zoom":13,"wikidata":null},"geometry":{"type":"Point","coordinates":[118.33432,24.452248]}},
{"type":"Feature","properties":{"name":"東港","label_type":"village","source_level":"hamlet","min_zoom":13,"wikidata":null},"geometry":{"type":"Point","coordinates":[121.827092,24.719176]}},
{"type":"Feature","properties":{"name":"東源","label_type":"village","source_level":"village","min_zoom":11,"wikidata":null},"geometry":{"type":"Point","coordinates":[120.850275,22.203895]}},
{"type":"Feature","properties":{"name":"東溪","label_type":"village","source_level":"hamlet","min_zoom":13,"wikidata":null},"geometry":{"type":"Point","coordinates":[118.453839,24.464104]}},
{"type":"Feature","properties":{"name":"東衛","label_type":"village","source_level":"hamlet","min_zoom":13,"wikidata":null},"geometry":{"type":"Point","coordinates":[119.601438,23.568983]}},
{"type":"Feature","properties":{"name":"東蕭","label_type":"village","source_level":"hamlet","min_zoom":13,"wikidata":null},"geometry":{"type":"Point","coordinates":[118.423111,24.488398]}},
{"type":"Feature","properties":{"name":"松子脚","label_type":"village","source_level":"hamlet","min_zoom":13,"wikidata":null},"geometry":{"type":"Point","coordinates":[121.81381,24.686601]}},
{"type":"Feature","properties":{"name":"松林","label_type":"village","source_level":"village","min_zoom":11,"wikidata":null},"geometry":{"type":"Point","coordinates":[121.097853,23.969882]}},
{"type":"Feature","properties":{"name":"松柏崙","label_type":"village","source_level":"hamlet","min_zoom":13,"wikidata":null},"geometry":{"type":"Point","coordinates":[120.927458,23.869984]}},
{"type":"Feature","properties":{"name":"松柏崙","label_type":"village","source_level":"hamlet","min_zoom":13,"wikidata":null},"geometry":{"type":"Point","coordinates":[120.927458,24.043485]}},
{"type":"Feature","properties":{"name":"板仔寮","label_type":"village","source_level":"hamlet","min_zoom":13,"wikidata":null},"geometry":{"type":"Point","coordinates":[121.02833,23.963882]}},
{"type":"Feature","properties":{"name":"枇杷城","label_type":"village","source_level":"village","min_zoom":11,"wikidata":"Q55715980"},"geometry":{"type":"Point","coordinates":[120.97784,23.957646]}},
{"type":"Feature","properties":{"name":"枕頭山","label_type":"village","source_level":"village","min_zoom":11,"wikidata":"Q30945846"},"geometry":{"type":"Point","coordinates":[121.719031,24.771539]}},
{"type":"Feature","properties":{"name":"林子頭","label_type":"village","source_level":"hamlet","min_zoom":13,"wikidata":null},"geometry":{"type":"Point","coordinates":[120.302503,22.768327]}},
{"type":"Feature","properties":{"name":"林仔邊","label_type":"village","source_level":"village","min_zoom":11,"wikidata":null},"geometry":{"type":"Point","coordinates":[120.288148,22.910511]}},
{"type":"Feature","properties":{"name":"林尾","label_type":"village","source_level":"hamlet","min_zoom":13,"wikidata":null},"geometry":{"type":"Point","coordinates":[121.750746,24.812953]}},
{"type":"Feature","properties":{"name":"林投","label_type":"village","source_level":"hamlet","min_zoom":13,"wikidata":null},"geometry":{"type":"Point","coordinates":[119.645104,23.564223]}},
{"type":"Feature","properties":{"name":"林美","label_type":"village","source_level":"village","min_zoom":11,"wikidata":"Q30943189"},"geometry":{"type":"Point","coordinates":[121.755724,24.814531]}},
{"type":"Feature","properties":{"name":"林厝","label_type":"village","source_level":"hamlet","min_zoom":13,"wikidata":null},"geometry":{"type":"Point","coordinates":[118.313763,24.476955]}},
{"type":"Feature","properties":{"name":"林家","label_type":"village","source_level":"hamlet","min_zoom":13,"wikidata":null},"geometry":{"type":"Point","coordinates":[120.865552,23.944155]}},
{"type":"Feature","properties":{"name":"林兜","label_type":"village","source_level":"hamlet","min_zoom":13,"wikidata":null},"geometry":{"type":"Point","coordinates":[118.420215,24.434218]}},
{"type":"Feature","properties":{"name":"林頭坑","label_type":"village","source_level":"hamlet","min_zoom":13,"wikidata":null},"geometry":{"type":"Point","coordinates":[120.924711,23.935839]}},
{"type":"Feature","properties":{"name":"武東","label_type":"village","source_level":"village","min_zoom":11,"wikidata":null},"geometry":{"type":"Point","coordinates":[120.273879,22.918516]}},
{"type":"Feature","properties":{"name":"武城","label_type":"village","source_level":"hamlet","min_zoom":13,"wikidata":null},"geometry":{"type":"Point","coordinates":[119.624033,23.565639]}},
{"type":"Feature","properties":{"name":"武界","label_type":"village","source_level":"village","min_zoom":11,"wikidata":null},"geometry":{"type":"Point","coordinates":[121.044123,23.91446]}},
{"type":"Feature","properties":{"name":"武暖","label_type":"village","source_level":"village","min_zoom":11,"wikidata":"Q30943238"},"geometry":{"type":"Point","coordinates":[121.77583,24.789442]}},
{"type":"Feature","properties":{"name":"武暖埔","label_type":"village","source_level":"hamlet","min_zoom":13,"wikidata":null},"geometry":{"type":"Point","coordinates":[121.774714,24.7775]}},
{"type":"Feature","properties":{"name":"武營","label_type":"village","source_level":"hamlet","min_zoom":13,"wikidata":null},"geometry":{"type":"Point","coordinates":[121.826942,24.863894]}},
{"type":"Feature","properties":{"name":"泗湖","label_type":"village","source_level":"hamlet","min_zoom":13,"wikidata":"Q11143876"},"geometry":{"type":"Point","coordinates":[118.336015,24.412062]}},
{"type":"Feature","properties":{"name":"直潭","label_type":"village","source_level":"hamlet","min_zoom":13,"wikidata":null},"geometry":{"type":"Point","coordinates":[121.661611,24.933903]}},
{"type":"Feature","properties":{"name":"直潭","label_type":"village","source_level":"hamlet","min_zoom":13,"wikidata":null},"geometry":{"type":"Point","coordinates":[121.533723,24.940849]}},
{"type":"Feature","properties":{"name":"社尾","label_type":"village","source_level":"hamlet","min_zoom":13,"wikidata":null},"geometry":{"type":"Point","coordinates":[121.814733,24.787494]}},
{"type":"Feature","properties":{"name":"社頭","label_type":"village","source_level":"village","min_zoom":11,"wikidata":null},"geometry":{"type":"Point","coordinates":[121.813145,24.780617]}},
{"type":"Feature","properties":{"name":"股尾","label_type":"village","source_level":"hamlet","min_zoom":13,"wikidata":null},"geometry":{"type":"Point","coordinates":[120.935826,23.910203]}},
{"type":"Feature","properties":{"name":"虎井","label_type":"village","source_level":"hamlet","min_zoom":13,"wikidata":null},"geometry":{"type":"Point","coordinates":[119.517775,23.485841]}},
{"type":"Feature","properties":{"name":"虎仔耳","label_type":"village","source_level":"hamlet","min_zoom":13,"wikidata":null},"geometry":{"type":"Point","coordinates":[120.978763,23.975764]}},
{"type":"Feature","properties":{"name":"虎尾寮","label_type":"village","source_level":"hamlet","min_zoom":13,"wikidata":null},"geometry":{"type":"Point","coordinates":[121.704977,24.695998]}},
{"type":"Feature","properties":{"name":"虎寮潭","label_type":"village","source_level":"hamlet","min_zoom":13,"wikidata":null},"geometry":{"type":"Point","coordinates":[121.747248,24.945227]}},
{"type":"Feature","properties":{"name":"虎頭坡","label_type":"village","source_level":"hamlet","min_zoom":13,"wikidata":null},"geometry":{"type":"Point","coordinates":[121.748686,24.815173]}},
{"type":"Feature","properties":{"name":"金六結","label_type":"village","source_level":"village","min_zoom":11,"wikidata":"Q17039235"},"geometry":{"type":"Point","coordinates":[121.745253,24.752638]}},
{"type":"Feature","properties":{"name":"金瓜寮","label_type":"village","source_level":"hamlet","min_zoom":13,"wikidata":null},"geometry":{"type":"Point","coordinates":[121.680815,24.916779]}},
{"type":"Feature","properties":{"name":"金門城","label_type":"village","source_level":"hamlet","min_zoom":13,"wikidata":null},"geometry":{"type":"Point","coordinates":[118.306532,24.401276]}},
{"type":"Feature","properties":{"name":"金剛堡","label_type":"village","source_level":"hamlet","min_zoom":13,"wikidata":null},"geometry":{"type":"Point","coordinates":[118.398671,24.453537]}},
{"type":"Feature","properties":{"name":"金龍頭","label_type":"village","source_level":"hamlet","min_zoom":13,"wikidata":null},"geometry":{"type":"Point","coordinates":[119.559231,23.563279]}},
{"type":"Feature","properties":{"name":"長石口","label_type":"village","source_level":"hamlet","min_zoom":13,"wikidata":null},"geometry":{"type":"Point","coordinates":[120.867934,23.947939]}},
{"type":"Feature","properties":{"name":"長旗巷","label_type":"village","source_level":"hamlet","min_zoom":13,"wikidata":null},"geometry":{"type":"Point","coordinates":[120.851562,24.070388]}},
{"type":"Feature","properties":{"name":"長寮尾","label_type":"village","source_level":"hamlet","min_zoom":13,"wikidata":null},"geometry":{"type":"Point","coordinates":[120.952799,23.899904]}},
{"type":"Feature","properties":{"name":"長寮頭","label_type":"village","source_level":"hamlet","min_zoom":13,"wikidata":null},"geometry":{"type":"Point","coordinates":[120.953872,23.886524]}},
{"type":"Feature","properties":{"name":"長褔里","label_type":"village","source_level":"hamlet","min_zoom":13,"wikidata":null},"geometry":{"type":"Point","coordinates":[118.401954,24.485274]}},
{"type":"Feature","properties":{"name":"長嶺路","label_type":"village","source_level":"hamlet","min_zoom":13,"wikidata":null},"geometry":{"type":"Point","coordinates":[121.622515,24.684242]}},
{"type":"Feature","properties":{"name":"阿公店","label_type":"village","source_level":"village","min_zoom":11,"wikidata":null},"geometry":{"type":"Point","coordinates":[120.293319,22.794283]}},
{"type":"Feature","properties":{"name":"阿冷坑","label_type":"village","source_level":"hamlet","min_zoom":13,"wikidata":null},"geometry":{"type":"Point","coordinates":[120.932114,24.079459]}},
{"type":"Feature","properties":{"name":"阿塱衛","label_type":"village","source_level":"hamlet","min_zoom":13,"wikidata":null},"geometry":{"type":"Point","coordinates":[120.845833,22.281115]}},
{"type":"Feature","properties":{"name":"阿嗹","label_type":"village","source_level":"village","min_zoom":11,"wikidata":null},"geometry":{"type":"Point","coordinates":[120.329518,22.881197]}},
{"type":"Feature","properties":{"name":"阿蘭城","label_type":"village","source_level":"hamlet","min_zoom":13,"wikidata":null},"geometry":{"type":"Point","coordinates":[121.728945,24.769317]}},
{"type":"Feature","properties":{"name":"陂口","label_type":"village","source_level":"hamlet","min_zoom":13,"wikidata":null},"geometry":{"type":"Point","coordinates":[121.739244,24.777305]}},
{"type":"Feature","properties":{"name":"青仔地","label_type":"village","source_level":"hamlet","min_zoom":13,"wikidata":null},"geometry":{"type":"Point","coordinates":[121.818209,24.671705]}},
{"type":"Feature","properties":{"name":"青旗甲","label_type":"village","source_level":"hamlet","min_zoom":13,"wikidata":null},"geometry":{"type":"Point","coordinates":[120.317502,22.891397]}},
{"type":"Feature","properties":{"name":"青嶼","label_type":"village","source_level":"hamlet","min_zoom":13,"wikidata":null},"geometry":{"type":"Point","coordinates":[118.421245,24.520536]}},
{"type":"Feature","properties":{"name":"青灣","label_type":"village","source_level":"hamlet","min_zoom":13,"wikidata":null},"geometry":{"type":"Point","coordinates":[119.556463,23.526612]}},
{"type":"Feature","properties":{"name":"前山門","label_type":"village","source_level":"hamlet","min_zoom":13,"wikidata":null},"geometry":{"type":"Point","coordinates":[118.370304,24.447071]}},
{"type":"Feature","properties":{"name":"前厝","label_type":"village","source_level":"hamlet","min_zoom":13,"wikidata":null},"geometry":{"type":"Point","coordinates":[118.334706,24.445665]}},
{"type":"Feature","properties":{"name":"前埔","label_type":"village","source_level":"hamlet","min_zoom":13,"wikidata":null},"geometry":{"type":"Point","coordinates":[118.426845,24.451408]}},
{"type":"Feature","properties":{"name":"前峰","label_type":"village","source_level":"village","min_zoom":11,"wikidata":null},"geometry":{"type":"Point","coordinates":[120.285616,22.795965]}},
{"type":"Feature","properties":{"name":"前峰子","label_type":"village","source_level":"village","min_zoom":11,"wikidata":null},"geometry":{"type":"Point","coordinates":[120.313039,22.830064]}},
{"type":"Feature","properties":{"name":"前寮","label_type":"village","source_level":"hamlet","min_zoom":13,"wikidata":null},"geometry":{"type":"Point","coordinates":[119.585731,23.552913]}},
{"type":"Feature","properties":{"name":"南山","label_type":"village","source_level":"hamlet","min_zoom":13,"wikidata":null},"geometry":{"type":"Point","coordinates":[118.307433,24.478517]}},
{"type":"Feature","properties":{"name":"南山溪","label_type":"village","source_level":"hamlet","min_zoom":13,"wikidata":null},"geometry":{"type":"Point","coordinates":[121.087511,24.007228]}},
{"type":"Feature","properties":{"name":"南田新村","label_type":"village","source_level":"hamlet","min_zoom":13,"wikidata":null},"geometry":{"type":"Point","coordinates":[120.183628,22.908396]}},
{"type":"Feature","properties":{"name":"南竹坑","label_type":"village","source_level":"hamlet","min_zoom":13,"wikidata":null},"geometry":{"type":"Point","coordinates":[120.859952,24.027396]}},
{"type":"Feature","properties":{"name":"南港","label_type":"village","source_level":"hamlet","min_zoom":13,"wikidata":null},"geometry":{"type":"Point","coordinates":[120.869393,23.949881]}},
{"type":"Feature","properties":{"name":"南勢坑","label_type":"village","source_level":"hamlet","min_zoom":13,"wikidata":null},"geometry":{"type":"Point","coordinates":[121.801429,24.921372]}},
{"type":"Feature","properties":{"name":"南嘉","label_type":"village","source_level":"hamlet","min_zoom":13,"wikidata":null},"geometry":{"type":"Point","coordinates":[120.89083,22.32999]}},
{"type":"Feature","properties":{"name":"南寮","label_type":"village","source_level":"village","min_zoom":11,"wikidata":null},"geometry":{"type":"Point","coordinates":[120.237508,22.760828]}},
{"type":"Feature","properties":{"name":"南興","label_type":"village","source_level":"hamlet","min_zoom":13,"wikidata":null},"geometry":{"type":"Point","coordinates":[121.787202,24.720404]}},
{"type":"Feature","properties":{"name":"南興","label_type":"village","source_level":"village","min_zoom":11,"wikidata":null},"geometry":{"type":"Point","coordinates":[120.888898,22.30889]}},
{"type":"Feature","properties":{"name":"厚德岡坑","label_type":"village","source_level":"hamlet","min_zoom":13,"wikidata":null},"geometry":{"type":"Point","coordinates":[121.733794,24.941803]}},
{"type":"Feature","properties":{"name":"哈盆","label_type":"village","source_level":"hamlet","min_zoom":13,"wikidata":null},"geometry":{"type":"Point","coordinates":[121.584685,24.750222]}},
{"type":"Feature","properties":{"name":"客人寮","label_type":"village","source_level":"hamlet","min_zoom":13,"wikidata":null},"geometry":{"type":"Point","coordinates":[121.613631,24.885249]}},
{"type":"Feature","properties":{"name":"客莊","label_type":"village","source_level":"hamlet","min_zoom":13,"wikidata":null},"geometry":{"type":"Point","coordinates":[120.895829,22.340827]}},
{"type":"Feature","properties":{"name":"屏東","label_type":"village","source_level":"hamlet","min_zoom":13,"wikidata":null},"geometry":{"type":"Point","coordinates":[118.427811,24.471096]}},
{"type":"Feature","properties":{"name":"帝君巷","label_type":"village","source_level":"hamlet","min_zoom":13,"wikidata":null},"geometry":{"type":"Point","coordinates":[120.870488,23.866373]}},
{"type":"Feature","properties":{"name":"後山","label_type":"village","source_level":"hamlet","min_zoom":13,"wikidata":null},"geometry":{"type":"Point","coordinates":[120.940397,23.892763]}},
{"type":"Feature","properties":{"name":"後水頭","label_type":"village","source_level":"hamlet","min_zoom":13,"wikidata":null},"geometry":{"type":"Point","coordinates":[118.41543,24.482852]}},
{"type":"Feature","properties":{"name":"後坑子","label_type":"village","source_level":"hamlet","min_zoom":13,"wikidata":null},"geometry":{"type":"Point","coordinates":[121.607108,24.907691]}},
{"type":"Feature","properties":{"name":"後角寮","label_type":"village","source_level":"hamlet","min_zoom":13,"wikidata":null},"geometry":{"type":"Point","coordinates":[120.836198,24.073973]}},
{"type":"Feature","properties":{"name":"後峰","label_type":"village","source_level":"hamlet","min_zoom":13,"wikidata":null},"geometry":{"type":"Point","coordinates":[118.462272,24.43031]}},
{"type":"Feature","properties":{"name":"後烏","label_type":"village","source_level":"hamlet","min_zoom":13,"wikidata":null},"geometry":{"type":"Point","coordinates":[119.603112,23.528186]}},
{"type":"Feature","properties":{"name":"後埤","label_type":"village","source_level":"hamlet","min_zoom":13,"wikidata":null},"geometry":{"type":"Point","coordinates":[121.815269,24.753885]}},
{"type":"Feature","properties":{"name":"後湖仔","label_type":"village","source_level":"hamlet","min_zoom":13,"wikidata":null},"geometry":{"type":"Point","coordinates":[120.938809,24.023418]}},
{"type":"Feature","properties":{"name":"後鄉","label_type":"village","source_level":"hamlet","min_zoom":13,"wikidata":null},"geometry":{"type":"Point","coordinates":[120.243602,22.842226]}},
{"type":"Feature","properties":{"name":"後窟潭","label_type":"village","source_level":"hamlet","min_zoom":13,"wikidata":null},"geometry":{"type":"Point","coordinates":[119.571912,23.583674]}},
{"type":"Feature","properties":{"name":"後寮","label_type":"village","source_level":"hamlet","min_zoom":13,"wikidata":null},"geometry":{"type":"Point","coordinates":[121.530955,24.907029]}},
{"type":"Feature","properties":{"name":"後豐港","label_type":"village","source_level":"hamlet","min_zoom":13,"wikidata":"Q11070252"},"geometry":{"type":"Point","coordinates":[118.301661,24.418842]}},
{"type":"Feature","properties":{"name":"後灣","label_type":"village","source_level":"hamlet","min_zoom":13,"wikidata":null},"geometry":{"type":"Point","coordinates":[119.689436,23.561175]}},
{"type":"Feature","properties":{"name":"恒吉城","label_type":"village","source_level":"hamlet","min_zoom":13,"wikidata":null},"geometry":{"type":"Point","coordinates":[120.950053,23.972705]}},
{"type":"Feature","properties":{"name":"拱北","label_type":"village","source_level":"hamlet","min_zoom":13,"wikidata":null},"geometry":{"type":"Point","coordinates":[119.60927,23.568943]}},
{"type":"Feature","properties":{"name":"拾壹份","label_type":"village","source_level":"hamlet","min_zoom":13,"wikidata":null},"geometry":{"type":"Point","coordinates":[120.979879,23.942997]}},
{"type":"Feature","properties":{"name":"柑子林","label_type":"village","source_level":"village","min_zoom":11,"wikidata":"Q55698046"},"geometry":{"type":"Point","coordinates":[120.845983,24.023888]}},
{"type":"Feature","properties":{"name":"柑子溪口","label_type":"village","source_level":"hamlet","min_zoom":13,"wikidata":null},"geometry":{"type":"Point","coordinates":[120.923789,23.975293]}},
{"type":"Feature","properties":{"name":"柑脚坊","label_type":"village","source_level":"hamlet","min_zoom":13,"wikidata":null},"geometry":{"type":"Point","coordinates":[121.65895,24.938651]}},
{"type":"Feature","properties":{"name":"柑脚坑","label_type":"village","source_level":"hamlet","min_zoom":13,"wikidata":null},"geometry":{"type":"Point","coordinates":[121.766667,24.939448]}},
{"type":"Feature","properties":{"name":"柚子園","label_type":"village","source_level":"hamlet","min_zoom":13,"wikidata":null},"geometry":{"type":"Point","coordinates":[120.865273,24.026279]}},
{"type":"Feature","properties":{"name":"柯仔林","label_type":"village","source_level":"hamlet","min_zoom":13,"wikidata":null},"geometry":{"type":"Point","coordinates":[121.724374,24.669502]}},
{"type":"Feature","properties":{"name":"柳營","label_type":"village","source_level":"hamlet","min_zoom":13,"wikidata":null},"geometry":{"type":"Point","coordinates":[118.387706,24.447189]}},
{"type":"Feature","properties":{"name":"歪子歪","label_type":"village","source_level":"hamlet","min_zoom":13,"wikidata":"Q30946140"},"geometry":{"type":"Point","coordinates":[121.757462,24.694536]}},
{"type":"Feature","properties":{"name":"洋山","label_type":"village","source_level":"hamlet","min_zoom":13,"wikidata":null},"geometry":{"type":"Point","coordinates":[118.396311,24.491074]}},
{"type":"Feature","properties":{"name":"洋山角","label_type":"village","source_level":"hamlet","min_zoom":13,"wikidata":null},"geometry":{"type":"Point","coordinates":[118.394487,24.498708]}},
{"type":"Feature","properties":{"name":"津沙村","label_type":"village","source_level":"village","min_zoom":11,"wikidata":null},"geometry":{"type":"Point","coordinates":[119.913325,26.145788]}},
{"type":"Feature","properties":{"name":"洲子","label_type":"village","source_level":"hamlet","min_zoom":13,"wikidata":"Q30945851"},"geometry":{"type":"Point","coordinates":[121.713367,24.714829]}},
{"type":"Feature","properties":{"name":"洲仔尾","label_type":"village","source_level":"hamlet","min_zoom":13,"wikidata":null},"geometry":{"type":"Point","coordinates":[121.789713,24.810285]}},
{"type":"Feature","properties":{"name":"流流","label_type":"village","source_level":"hamlet","min_zoom":13,"wikidata":null},"geometry":{"type":"Point","coordinates":[121.822693,24.674065]}},
{"type":"Feature","properties":{"name":"炭坑仔","label_type":"village","source_level":"hamlet","min_zoom":13,"wikidata":null},"geometry":{"type":"Point","coordinates":[120.876324,24.024515]}},
{"type":"Feature","properties":{"name":"炭寮子","label_type":"village","source_level":"hamlet","min_zoom":13,"wikidata":null},"geometry":{"type":"Point","coordinates":[120.84991,23.929112]}},
{"type":"Feature","properties":{"name":"為隨","label_type":"village","source_level":"hamlet","min_zoom":13,"wikidata":null},"geometry":{"type":"Point","coordinates":[120.291946,22.816951]}},
{"type":"Feature","properties":{"name":"皇文","label_type":"village","source_level":"hamlet","min_zoom":13,"wikidata":null},"geometry":{"type":"Point","coordinates":[119.619784,23.566898]}},
{"type":"Feature","properties":{"name":"眉原","label_type":"village","source_level":"village","min_zoom":11,"wikidata":null},"geometry":{"type":"Point","coordinates":[120.982668,24.072915]}},
{"type":"Feature","properties":{"name":"眉溪","label_type":"village","source_level":"village","min_zoom":11,"wikidata":null},"geometry":{"type":"Point","coordinates":[121.090729,24.00517]}},
{"type":"Feature","properties":{"name":"紅木埕","label_type":"village","source_level":"hamlet","min_zoom":13,"wikidata":null},"geometry":{"type":"Point","coordinates":[119.577663,23.573821]}},
{"type":"Feature","properties":{"name":"紅仙水","label_type":"village","source_level":"hamlet","min_zoom":13,"wikidata":null},"geometry":{"type":"Point","coordinates":[120.97887,23.921423]}},
{"type":"Feature","properties":{"name":"紅瓦厝","label_type":"village","source_level":"hamlet","min_zoom":13,"wikidata":null},"geometry":{"type":"Point","coordinates":[120.949409,23.979606]}},
{"type":"Feature","properties":{"name":"紅河","label_type":"village","source_level":"hamlet","min_zoom":13,"wikidata":null},"geometry":{"type":"Point","coordinates":[121.540117,24.88412]}},
{"type":"Feature","properties":{"name":"紅花園","label_type":"village","source_level":"hamlet","min_zoom":13,"wikidata":null},"geometry":{"type":"Point","coordinates":[120.238044,22.931322]}},
{"type":"Feature","properties":{"name":"紅柴林","label_type":"village","source_level":"village","min_zoom":11,"wikidata":"Q30946006"},"geometry":{"type":"Point","coordinates":[121.674592,24.69167]}},
{"type":"Feature","properties":{"name":"美間","label_type":"village","source_level":"hamlet","min_zoom":13,"wikidata":null},"geometry":{"type":"Point","coordinates":[121.776667,24.769727]}},
{"type":"Feature","properties":{"name":"美墅國社區","label_type":"village","source_level":"hamlet","min_zoom":13,"wikidata":null},"geometry":{"type":"Point","coordinates":[120.27523,22.776379]}},
{"type":"Feature","properties":{"name":"美福","label_type":"village","source_level":"village","min_zoom":11,"wikidata":null},"geometry":{"type":"Point","coordinates":[121.78452,24.735236]}},
{"type":"Feature","properties":{"name":"美福","label_type":"village","source_level":"hamlet","min_zoom":13,"wikidata":null},"geometry":{"type":"Point","coordinates":[121.791451,24.732897]}},
{"type":"Feature","properties":{"name":"苗圃","label_type":"village","source_level":"hamlet","min_zoom":13,"wikidata":null},"geometry":{"type":"Point","coordinates":[120.849996,22.369722]}},
{"type":"Feature","properties":{"name":"苦力寮","label_type":"village","source_level":"hamlet","min_zoom":13,"wikidata":null},"geometry":{"type":"Point","coordinates":[121.621828,24.757724]}},
{"type":"Feature","properties":{"name":"苦苓坑","label_type":"village","source_level":"hamlet","min_zoom":13,"wikidata":null},"geometry":{"type":"Point","coordinates":[121.674249,24.761115]}},
{"type":"Feature","properties":{"name":"苦苓腳","label_type":"village","source_level":"hamlet","min_zoom":13,"wikidata":null},"geometry":{"type":"Point","coordinates":[121.714633,24.940518]}},
{"type":"Feature","properties":{"name":"英坑","label_type":"village","source_level":"hamlet","min_zoom":13,"wikidata":null},"geometry":{"type":"Point","coordinates":[118.418455,24.495233]}},
{"type":"Feature","properties":{"name":"茄苳","label_type":"village","source_level":"village","min_zoom":11,"wikidata":null},"geometry":{"type":"Point","coordinates":[120.254867,22.735855]}},
{"type":"Feature","properties":{"name":"茄苳林","label_type":"village","source_level":"hamlet","min_zoom":13,"wikidata":null},"geometry":{"type":"Point","coordinates":[121.707702,24.745253]}},
{"type":"Feature","properties":{"name":"茄苳腳","label_type":"village","source_level":"hamlet","min_zoom":13,"wikidata":null},"geometry":{"type":"Point","coordinates":[120.956082,23.959548]}},
{"type":"Feature","properties":{"name":"茅仔庭","label_type":"village","source_level":"hamlet","min_zoom":13,"wikidata":null},"geometry":{"type":"Point","coordinates":[120.997238,23.967823]}},
{"type":"Feature","properties":{"name":"茅仔寮","label_type":"village","source_level":"hamlet","min_zoom":13,"wikidata":null},"geometry":{"type":"Point","coordinates":[121.750209,24.679115]}},
{"type":"Feature","properties":{"name":"茅仔寮","label_type":"village","source_level":"hamlet","min_zoom":13,"wikidata":null},"geometry":{"type":"Point","coordinates":[121.817994,24.707695]}},
{"type":"Feature","properties":{"name":"茅埔","label_type":"village","source_level":"hamlet","min_zoom":13,"wikidata":null},"geometry":{"type":"Point","coordinates":[120.888813,23.985841]}},
{"type":"Feature","properties":{"name":"茅埔","label_type":"village","source_level":"village","min_zoom":11,"wikidata":"Q30942833"},"geometry":{"type":"Point","coordinates":[121.791945,24.796669]}},
{"type":"Feature","properties":{"name":"茅埔坑","label_type":"village","source_level":"hamlet","min_zoom":13,"wikidata":null},"geometry":{"type":"Point","coordinates":[120.938358,23.95192]}},
{"type":"Feature","properties":{"name":"閂門棍","label_type":"village","source_level":"hamlet","min_zoom":13,"wikidata":null},"geometry":{"type":"Point","coordinates":[120.913081,24.004582]}},
{"type":"Feature","properties":{"name":"風空","label_type":"village","source_level":"hamlet","min_zoom":13,"wikidata":null},"geometry":{"type":"Point","coordinates":[120.837443,24.083396]}},
{"type":"Feature","properties":{"name":"風櫃","label_type":"village","source_level":"village","min_zoom":11,"wikidata":null},"geometry":{"type":"Point","coordinates":[119.545498,23.540088]}},
{"type":"Feature","properties":{"name":"食水坑","label_type":"village","source_level":"hamlet","min_zoom":13,"wikidata":null},"geometry":{"type":"Point","coordinates":[120.944109,24.024594]}},
{"type":"Feature","properties":{"name":"香蕉市","label_type":"village","source_level":"hamlet","min_zoom":13,"wikidata":null},"geometry":{"type":"Point","coordinates":[120.88686,24.089939]}},
{"type":"Feature","properties":{"name":"倒吊蓮","label_type":"village","source_level":"hamlet","min_zoom":13,"wikidata":null},"geometry":{"type":"Point","coordinates":[121.694548,24.913821]}},
{"type":"Feature","properties":{"name":"倒塌湖","label_type":"village","source_level":"hamlet","min_zoom":13,"wikidata":null},"geometry":{"type":"Point","coordinates":[120.885315,24.076735]}},
{"type":"Feature","properties":{"name":"凌霄寶塔","label_type":"village","source_level":"hamlet","min_zoom":13,"wikidata":null},"geometry":{"type":"Point","coordinates":[119.56717,23.584106]}},
{"type":"Feature","properties":{"name":"哥哥原","label_type":"village","source_level":"hamlet","min_zoom":13,"wikidata":null},"geometry":{"type":"Point","coordinates":[121.083047,23.93278]}},
{"type":"Feature","properties":{"name":"埔子尾","label_type":"village","source_level":"hamlet","min_zoom":13,"wikidata":null},"geometry":{"type":"Point","coordinates":[119.567578,23.568471]}},
{"type":"Feature","properties":{"name":"埔尾","label_type":"village","source_level":"hamlet","min_zoom":13,"wikidata":null},"geometry":{"type":"Point","coordinates":[120.884628,24.057143]}},
{"type":"Feature","properties":{"name":"埔後","label_type":"village","source_level":"hamlet","min_zoom":13,"wikidata":null},"geometry":{"type":"Point","coordinates":[118.316038,24.44293]}},
{"type":"Feature","properties":{"name":"埔源","label_type":"village","source_level":"hamlet","min_zoom":13,"wikidata":null},"geometry":{"type":"Point","coordinates":[120.889885,24.062473]}},
{"type":"Feature","properties":{"name":"埔頭","label_type":"village","source_level":"hamlet","min_zoom":13,"wikidata":null},"geometry":{"type":"Point","coordinates":[120.901966,24.058123]}},
{"type":"Feature","properties":{"name":"埔邊","label_type":"village","source_level":"hamlet","min_zoom":13,"wikidata":null},"geometry":{"type":"Point","coordinates":[118.317175,24.441563]}},
{"type":"Feature","properties":{"name":"夏墅","label_type":"village","source_level":"hamlet","min_zoom":13,"wikidata":null},"geometry":{"type":"Point","coordinates":[118.309,24.423707]}},
{"type":"Feature","properties":{"name":"夏興","label_type":"village","source_level":"hamlet","min_zoom":13,"wikidata":null},"geometry":{"type":"Point","coordinates":[118.395495,24.440078]}},
{"type":"Feature","properties":{"name":"峰上","label_type":"village","source_level":"hamlet","min_zoom":13,"wikidata":null},"geometry":{"type":"Point","coordinates":[118.45783,24.427497]}},
{"type":"Feature","properties":{"name":"峽頭","label_type":"village","source_level":"hamlet","min_zoom":13,"wikidata":null},"geometry":{"type":"Point","coordinates":[121.669507,24.768889]}},
{"type":"Feature","properties":{"name":"崁下","label_type":"village","source_level":"hamlet","min_zoom":13,"wikidata":null},"geometry":{"type":"Point","coordinates":[120.245275,22.816121]}},
{"type":"Feature","properties":{"name":"徐家","label_type":"village","source_level":"hamlet","min_zoom":13,"wikidata":null},"geometry":{"type":"Point","coordinates":[120.869608,23.938153]}},
{"type":"Feature","properties":{"name":"料羅","label_type":"village","source_level":"hamlet","min_zoom":13,"wikidata":null},"geometry":{"type":"Point","coordinates":[118.434827,24.417513]}},
{"type":"Feature","properties":{"name":"時潮村","label_type":"village","source_level":"village","min_zoom":11,"wikidata":null},"geometry":{"type":"Point","coordinates":[121.81087,24.817725]}},
{"type":"Feature","properties":{"name":"柴埕","label_type":"village","source_level":"hamlet","min_zoom":13,"wikidata":null},"geometry":{"type":"Point","coordinates":[120.849159,24.085316]}},
{"type":"Feature","properties":{"name":"柴圍","label_type":"village","source_level":"village","min_zoom":11,"wikidata":"Q30943155"},"geometry":{"type":"Point","coordinates":[121.756496,24.796806]}},
{"type":"Feature","properties":{"name":"栗子園","label_type":"village","source_level":"hamlet","min_zoom":13,"wikidata":null},"geometry":{"type":"Point","coordinates":[121.546898,24.896208]}},
{"type":"Feature","properties":{"name":"校栗林","label_type":"village","source_level":"hamlet","min_zoom":13,"wikidata":null},"geometry":{"type":"Point","coordinates":[120.92308,24.063981]}},
{"type":"Feature","properties":{"name":"桃米坑","label_type":"village","source_level":"village","min_zoom":11,"wikidata":null},"geometry":{"type":"Point","coordinates":[120.931642,23.942978]}},
{"type":"Feature","properties":{"name":"案山","label_type":"village","source_level":"hamlet","min_zoom":13,"wikidata":null},"geometry":{"type":"Point","coordinates":[119.579165,23.556749]}},
{"type":"Feature","properties":{"name":"桕脚廍","label_type":"village","source_level":"hamlet","min_zoom":13,"wikidata":null},"geometry":{"type":"Point","coordinates":[121.693497,24.694478]}},
{"type":"Feature","properties":{"name":"浦口","label_type":"village","source_level":"hamlet","min_zoom":13,"wikidata":null},"geometry":{"type":"Point","coordinates":[120.237722,22.930295]}},
{"type":"Feature","properties":{"name":"浦邊","label_type":"village","source_level":"hamlet","min_zoom":13,"wikidata":null},"geometry":{"type":"Point","coordinates":[118.389616,24.479767]}},
{"type":"Feature","properties":{"name":"浮洲","label_type":"village","source_level":"hamlet","min_zoom":13,"wikidata":null},"geometry":{"type":"Point","coordinates":[121.742377,24.718474]}},
{"type":"Feature","properties":{"name":"浯坑","label_type":"village","source_level":"hamlet","min_zoom":13,"wikidata":null},"geometry":{"type":"Point","coordinates":[118.411009,24.504332]}},
{"type":"Feature","properties":{"name":"海山美","label_type":"village","source_level":"hamlet","min_zoom":13,"wikidata":null},"geometry":{"type":"Point","coordinates":[118.421695,24.526608]}},
{"type":"Feature","properties":{"name":"海成社區","label_type":"village","source_level":"hamlet","min_zoom":13,"wikidata":null},"geometry":{"type":"Point","coordinates":[120.319519,22.772106]}},
{"type":"Feature","properties":{"name":"海埔","label_type":"village","source_level":"village","min_zoom":11,"wikidata":null},"geometry":{"type":"Point","coordinates":[120.223045,22.896398]}},
{"type":"Feature","properties":{"name":"海峰","label_type":"village","source_level":"hamlet","min_zoom":13,"wikidata":null},"geometry":{"type":"Point","coordinates":[120.332222,22.764172]}},
{"type":"Feature","properties":{"name":"烏土窟","label_type":"village","source_level":"hamlet","min_zoom":13,"wikidata":null},"geometry":{"type":"Point","coordinates":[120.864007,23.874379]}},
{"type":"Feature","properties":{"name":"烏山","label_type":"village","source_level":"hamlet","min_zoom":13,"wikidata":null},"geometry":{"type":"Point","coordinates":[121.828616,24.944449]}},
{"type":"Feature","properties":{"name":"烏山路","label_type":"village","source_level":"hamlet","min_zoom":13,"wikidata":null},"geometry":{"type":"Point","coordinates":[121.799455,24.937775]}},
{"type":"Feature","properties":{"name":"烏牛欄","label_type":"village","source_level":"village","min_zoom":11,"wikidata":"Q32129916"},"geometry":{"type":"Point","coordinates":[120.941126,23.974666]}},
{"type":"Feature","properties":{"name":"烏沙角","label_type":"village","source_level":"hamlet","min_zoom":13,"wikidata":null},"geometry":{"type":"Point","coordinates":[118.297541,24.480587]}},
{"type":"Feature","properties":{"name":"烏沙嘴","label_type":"village","source_level":"hamlet","min_zoom":13,"wikidata":null},"geometry":{"type":"Point","coordinates":[118.294065,24.467951]}},
{"type":"Feature","properties":{"name":"烏林投","label_type":"village","source_level":"hamlet","min_zoom":13,"wikidata":null},"geometry":{"type":"Point","coordinates":[120.203047,22.836946]}},
{"type":"Feature","properties":{"name":"烏泥","label_type":"village","source_level":"hamlet","min_zoom":13,"wikidata":null},"geometry":{"type":"Point","coordinates":[119.656906,23.563967]}},
{"type":"Feature","properties":{"name":"烏崁","label_type":"village","source_level":"hamlet","min_zoom":13,"wikidata":null},"geometry":{"type":"Point","coordinates":[119.6206,23.547484]}},
{"type":"Feature","properties":{"name":"烏樹林","label_type":"village","source_level":"hamlet","min_zoom":13,"wikidata":null},"geometry":{"type":"Point","coordinates":[120.235555,22.833327]}},
{"type":"Feature","properties":{"name":"烟寮坑","label_type":"village","source_level":"hamlet","min_zoom":13,"wikidata":null},"geometry":{"type":"Point","coordinates":[120.928552,24.013775]}},
{"type":"Feature","properties":{"name":"珠子山","label_type":"village","source_level":"village","min_zoom":11,"wikidata":"Q55316655"},"geometry":{"type":"Point","coordinates":[120.958636,23.939036]}},
{"type":"Feature","properties":{"name":"珠山","label_type":"village","source_level":"hamlet","min_zoom":13,"wikidata":"Q8071245"},"geometry":{"type":"Point","coordinates":[118.321037,24.40153]}},
{"type":"Feature","properties":{"name":"珠螺村","label_type":"village","source_level":"village","min_zoom":11,"wikidata":null},"geometry":{"type":"Point","coordinates":[119.929526,26.159097]}},
{"type":"Feature","properties":{"name":"珩厝","label_type":"village","source_level":"hamlet","min_zoom":13,"wikidata":null},"geometry":{"type":"Point","coordinates":[118.371248,24.456955]}},
{"type":"Feature","properties":{"name":"紙寮坑","label_type":"village","source_level":"hamlet","min_zoom":13,"wikidata":null},"geometry":{"type":"Point","coordinates":[120.933037,23.941782]}},
{"type":"Feature","properties":{"name":"草仔寮","label_type":"village","source_level":"hamlet","min_zoom":13,"wikidata":null},"geometry":{"type":"Point","coordinates":[120.196395,22.913338]}},
{"type":"Feature","properties":{"name":"草地尾","label_type":"village","source_level":"hamlet","min_zoom":13,"wikidata":null},"geometry":{"type":"Point","coordinates":[120.205557,22.912231]}},
{"type":"Feature","properties":{"name":"草魚潭","label_type":"village","source_level":"hamlet","min_zoom":13,"wikidata":null},"geometry":{"type":"Point","coordinates":[120.845726,24.017812]}},
{"type":"Feature","properties":{"name":"草湳","label_type":"village","source_level":"hamlet","min_zoom":13,"wikidata":null},"geometry":{"type":"Point","coordinates":[120.913489,23.948626]}},
{"type":"Feature","properties":{"name":"草湳","label_type":"village","source_level":"hamlet","min_zoom":13,"wikidata":null},"geometry":{"type":"Point","coordinates":[121.738923,24.819575]}},
{"type":"Feature","properties":{"name":"草湳尾","label_type":"village","source_level":"hamlet","min_zoom":13,"wikidata":null},"geometry":{"type":"Point","coordinates":[120.906086,23.946704]}},
{"type":"Feature","properties":{"name":"草溪湖","label_type":"village","source_level":"hamlet","min_zoom":13,"wikidata":null},"geometry":{"type":"Point","coordinates":[120.833602,24.01546]}},
{"type":"Feature","properties":{"name":"蚊子煙埔","label_type":"village","source_level":"hamlet","min_zoom":13,"wikidata":null},"geometry":{"type":"Point","coordinates":[121.694999,24.711399]}},
{"type":"Feature","properties":{"name":"馬山","label_type":"village","source_level":"hamlet","min_zoom":13,"wikidata":null},"geometry":{"type":"Point","coordinates":[118.40925,24.527115]}},
{"type":"Feature","properties":{"name":"馬港","label_type":"village","source_level":"village","min_zoom":11,"wikidata":"Q14143971"},"geometry":{"type":"Point","coordinates":[119.916716,26.159906]}},
{"type":"Feature","properties":{"name":"高坑","label_type":"village","source_level":"hamlet","min_zoom":13,"wikidata":null},"geometry":{"type":"Point","coordinates":[118.395131,24.466487]}},
{"type":"Feature","properties":{"name":"高峰","label_type":"village","source_level":"hamlet","min_zoom":13,"wikidata":null},"geometry":{"type":"Point","coordinates":[121.129932,24.015695]}},
{"type":"Feature","properties":{"name":"高楠社區","label_type":"village","source_level":"hamlet","min_zoom":13,"wikidata":null},"geometry":{"type":"Point","coordinates":[120.32439,22.692487]}},
{"type":"Feature","properties":{"name":"乾溝","label_type":"village","source_level":"hamlet","min_zoom":13,"wikidata":null},"geometry":{"type":"Point","coordinates":[121.6276,24.918803]}},
{"type":"Feature","properties":{"name":"乾溪","label_type":"village","source_level":"hamlet","min_zoom":13,"wikidata":null},"geometry":{"type":"Point","coordinates":[120.901902,23.893509]}},
{"type":"Feature","properties":{"name":"乾溪仔","label_type":"village","source_level":"hamlet","min_zoom":13,"wikidata":null},"geometry":{"type":"Point","coordinates":[120.927973,23.971529]}},
{"type":"Feature","properties":{"name":"副南興","label_type":"village","source_level":"hamlet","min_zoom":13,"wikidata":null},"geometry":{"type":"Point","coordinates":[121.795292,24.720696]}},
{"type":"Feature","properties":{"name":"匏崙","label_type":"village","source_level":"village","min_zoom":11,"wikidata":"Q30943280"},"geometry":{"type":"Point","coordinates":[121.731584,24.79591]}},
{"type":"Feature","properties":{"name":"埤子尾","label_type":"village","source_level":"hamlet","min_zoom":13,"wikidata":null},"geometry":{"type":"Point","coordinates":[120.33205,22.860279]}},
{"type":"Feature","properties":{"name":"基寮坪","label_type":"village","source_level":"hamlet","min_zoom":13,"wikidata":null},"geometry":{"type":"Point","coordinates":[120.86978,23.957725]}},
{"type":"Feature","properties":{"name":"崎下","label_type":"village","source_level":"hamlet","min_zoom":13,"wikidata":null},"geometry":{"type":"Point","coordinates":[120.943465,23.97045]}},
{"type":"Feature","properties":{"name":"崎漏","label_type":"village","source_level":"village","min_zoom":11,"wikidata":null},"geometry":{"type":"Point","coordinates":[120.190279,22.87916]}},
{"type":"Feature","properties":{"name":"崙埤仔","label_type":"village","source_level":"village","min_zoom":11,"wikidata":null},"geometry":{"type":"Point","coordinates":[121.60876,24.67773]}},
{"type":"Feature","properties":{"name":"崙埤村","label_type":"village","source_level":"village","min_zoom":11,"wikidata":null},"geometry":{"type":"Point","coordinates":[121.595178,24.679816]}},
{"type":"Feature","properties":{"name":"崙頂","label_type":"village","source_level":"hamlet","min_zoom":13,"wikidata":null},"geometry":{"type":"Point","coordinates":[120.313339,22.879714]}},
{"type":"Feature","properties":{"name":"崩山湖","label_type":"village","source_level":"hamlet","min_zoom":13,"wikidata":null},"geometry":{"type":"Point","coordinates":[121.673799,24.757393]}},
{"type":"Feature","properties":{"name":"庵前","label_type":"village","source_level":"hamlet","min_zoom":13,"wikidata":null},"geometry":{"type":"Point","coordinates":[118.320286,24.419623]}},
{"type":"Feature","properties":{"name":"庵邊","label_type":"village","source_level":"hamlet","min_zoom":13,"wikidata":null},"geometry":{"type":"Point","coordinates":[118.443024,24.42609]}},
{"type":"Feature","properties":{"name":"康雅崙","label_type":"village","source_level":"hamlet","min_zoom":13,"wikidata":null},"geometry":{"type":"Point","coordinates":[121.536298,24.925789]}},
{"type":"Feature","properties":{"name":"張大人營","label_type":"village","source_level":"hamlet","min_zoom":13,"wikidata":null},"geometry":{"type":"Point","coordinates":[120.846498,24.146264]}},
{"type":"Feature","properties":{"name":"掃笏社","label_type":"village","source_level":"hamlet","min_zoom":13,"wikidata":null},"geometry":{"type":"Point","coordinates":[121.782396,24.688902]}},
{"type":"Feature","properties":{"name":"掉堡坑","label_type":"village","source_level":"hamlet","min_zoom":13,"wikidata":null},"geometry":{"type":"Point","coordinates":[121.648908,24.746734]}},
{"type":"Feature","properties":{"name":"望行","label_type":"village","source_level":"hamlet","min_zoom":13,"wikidata":null},"geometry":{"type":"Point","coordinates":[121.825547,24.929175]}},
{"type":"Feature","properties":{"name":"桶後","label_type":"village","source_level":"hamlet","min_zoom":13,"wikidata":null},"geometry":{"type":"Point","coordinates":[121.64659,24.83533]}},
{"type":"Feature","properties":{"name":"桶盤","label_type":"village","source_level":"hamlet","min_zoom":13,"wikidata":null},"geometry":{"type":"Point","coordinates":[119.517646,23.512151]}},
{"type":"Feature","properties":{"name":"桶壁","label_type":"village","source_level":"village","min_zoom":11,"wikidata":null},"geometry":{"type":"Point","coordinates":[121.549001,24.883906]}},
{"type":"Feature","properties":{"name":"梅子角","label_type":"village","source_level":"hamlet","min_zoom":13,"wikidata":null},"geometry":{"type":"Point","coordinates":[120.970888,23.974234]}},
{"type":"Feature","properties":{"name":"梅子林","label_type":"village","source_level":"hamlet","min_zoom":13,"wikidata":null},"geometry":{"type":"Point","coordinates":[120.940289,24.059494]}},
{"type":"Feature","properties":{"name":"梅子崎","label_type":"village","source_level":"hamlet","min_zoom":13,"wikidata":null},"geometry":{"type":"Point","coordinates":[120.933402,24.063158]}},
{"type":"Feature","properties":{"name":"梅石村","label_type":"village","source_level":"village","min_zoom":11,"wikidata":null},"geometry":{"type":"Point","coordinates":[119.93783,26.146404]}},
{"type":"Feature","properties":{"name":"梅厝","label_type":"village","source_level":"hamlet","min_zoom":13,"wikidata":null},"geometry":{"type":"Point","coordinates":[120.931406,24.054772]}},
{"type":"Feature","properties":{"name":"梅島","label_type":"village","source_level":"hamlet","min_zoom":13,"wikidata":null},"geometry":{"type":"Point","coordinates":[120.928938,24.060239]}},
{"type":"Feature","properties":{"name":"淇武蘭","label_type":"village","source_level":"village","min_zoom":11,"wikidata":"Q30942730"},"geometry":{"type":"Point","coordinates":[121.786344,24.811687]}},
{"type":"Feature","properties":{"name":"深坑仔","label_type":"village","source_level":"hamlet","min_zoom":13,"wikidata":null},"geometry":{"type":"Point","coordinates":[120.861626,24.024143]}},
{"type":"Feature","properties":{"name":"深坑仔","label_type":"village","source_level":"village","min_zoom":11,"wikidata":null},"geometry":{"type":"Point","coordinates":[120.333445,22.93814]}},
{"type":"Feature","properties":{"name":"深埔坑","label_type":"village","source_level":"hamlet","min_zoom":13,"wikidata":null},"geometry":{"type":"Point","coordinates":[120.983098,23.937683]}},
{"type":"Feature","properties":{"name":"深溝","label_type":"village","source_level":"village","min_zoom":11,"wikidata":"Q30945700"},"geometry":{"type":"Point","coordinates":[121.724417,24.722996]}},
{"type":"Feature","properties":{"name":"淸洲","label_type":"village","source_level":"hamlet","min_zoom":13,"wikidata":null},"geometry":{"type":"Point","coordinates":[121.746004,24.706097]}},
{"type":"Feature","properties":{"name":"清水","label_type":"village","source_level":"hamlet","min_zoom":13,"wikidata":null},"geometry":{"type":"Point","coordinates":[121.833959,24.68742]}},
{"type":"Feature","properties":{"name":"清水村","label_type":"village","source_level":"village","min_zoom":11,"wikidata":null},"geometry":{"type":"Point","coordinates":[119.938045,26.15278]}},
{"type":"Feature","properties":{"name":"清水溝","label_type":"village","source_level":"hamlet","min_zoom":13,"wikidata":null},"geometry":{"type":"Point","coordinates":[121.760595,24.693698]}},
{"type":"Feature","properties":{"name":"清流","label_type":"village","source_level":"village","min_zoom":11,"wikidata":null},"geometry":{"type":"Point","coordinates":[120.953443,24.069232]}},
{"type":"Feature","properties":{"name":"清德","label_type":"village","source_level":"hamlet","min_zoom":13,"wikidata":null},"geometry":{"type":"Point","coordinates":[120.848579,24.004033]}},
{"type":"Feature","properties":{"name":"粗坑","label_type":"village","source_level":"hamlet","min_zoom":13,"wikidata":null},"geometry":{"type":"Point","coordinates":[121.645839,24.712334]}},
{"type":"Feature","properties":{"name":"粗坑口","label_type":"village","source_level":"hamlet","min_zoom":13,"wikidata":null},"geometry":{"type":"Point","coordinates":[120.872076,23.967078]}},
{"type":"Feature","properties":{"name":"粗坑窰","label_type":"village","source_level":"hamlet","min_zoom":13,"wikidata":null},"geometry":{"type":"Point","coordinates":[121.768985,24.668702]}},
{"type":"Feature","properties":{"name":"粗巷","label_type":"village","source_level":"hamlet","min_zoom":13,"wikidata":null},"geometry":{"type":"Point","coordinates":[121.623738,24.735158]}},
{"type":"Feature","properties":{"name":"粗窟","label_type":"village","source_level":"hamlet","min_zoom":13,"wikidata":null},"geometry":{"type":"Point","coordinates":[121.683583,24.941627]}},
{"type":"Feature","properties":{"name":"紹興新村","label_type":"village","source_level":"hamlet","min_zoom":13,"wikidata":null},"geometry":{"type":"Point","coordinates":[120.965223,23.968215]}},
{"type":"Feature","properties":{"name":"船仔頭","label_type":"village","source_level":"hamlet","min_zoom":13,"wikidata":null},"geometry":{"type":"Point","coordinates":[121.695321,24.746461]}},
{"type":"Feature","properties":{"name":"蚵仔寮","label_type":"village","source_level":"village","min_zoom":11,"wikidata":null},"geometry":{"type":"Point","coordinates":[120.25049,22.731026]}},
{"type":"Feature","properties":{"name":"蛇子頭","label_type":"village","source_level":"hamlet","min_zoom":13,"wikidata":null},"geometry":{"type":"Point","coordinates":[121.835268,24.908605]}},
{"type":"Feature","properties":{"name":"蛇仔崙","label_type":"village","source_level":"hamlet","min_zoom":13,"wikidata":null},"geometry":{"type":"Point","coordinates":[121.707294,24.814005]}},
{"type":"Feature","properties":{"name":"蛇仔崙","label_type":"village","source_level":"hamlet","min_zoom":13,"wikidata":null},"geometry":{"type":"Point","coordinates":[121.83001,24.912498]}},
{"type":"Feature","properties":{"name":"蛇舌子","label_type":"village","source_level":"hamlet","min_zoom":13,"wikidata":null},"geometry":{"type":"Point","coordinates":[121.563764,24.90481]}},
{"type":"Feature","properties":{"name":"許白","label_type":"village","source_level":"hamlet","min_zoom":13,"wikidata":null},"geometry":{"type":"Point","coordinates":[118.44929,24.483692]}},
{"type":"Feature","properties":{"name":"軟埤","label_type":"village","source_level":"hamlet","min_zoom":13,"wikidata":null},"geometry":{"type":"Point","coordinates":[121.705492,24.777695]}},
{"type":"Feature","properties":{"name":"連後","label_type":"village","source_level":"hamlet","min_zoom":13,"wikidata":null},"geometry":{"type":"Point","coordinates":[121.718795,24.768441]}},
{"type":"Feature","properties":{"name":"野要","label_type":"village","source_level":"hamlet","min_zoom":13,"wikidata":null},"geometry":{"type":"Point","coordinates":[121.548293,24.856184]}},
{"type":"Feature","properties":{"name":"頂三結","label_type":"village","source_level":"hamlet","min_zoom":13,"wikidata":null},"geometry":{"type":"Point","coordinates":[121.778212,24.701613]}},
{"type":"Feature","properties":{"name":"頂大義","label_type":"village","source_level":"hamlet","min_zoom":13,"wikidata":null},"geometry":{"type":"Point","coordinates":[121.703088,24.685549]}},
{"type":"Feature","properties":{"name":"頂五城","label_type":"village","source_level":"hamlet","min_zoom":13,"wikidata":null},"geometry":{"type":"Point","coordinates":[120.890894,23.888428]}},
{"type":"Feature","properties":{"name":"頂仔坪","label_type":"village","source_level":"hamlet","min_zoom":13,"wikidata":null},"geometry":{"type":"Point","coordinates":[120.941041,23.963333]}},
{"type":"Feature","properties":{"name":"頂東埔","label_type":"village","source_level":"hamlet","min_zoom":13,"wikidata":null},"geometry":{"type":"Point","coordinates":[121.013868,23.929857]}},
{"type":"Feature","properties":{"name":"頂河","label_type":"village","source_level":"hamlet","min_zoom":13,"wikidata":null},"geometry":{"type":"Point","coordinates":[121.779714,24.935284]}},
{"type":"Feature","properties":{"name":"頂南興","label_type":"village","source_level":"hamlet","min_zoom":13,"wikidata":null},"geometry":{"type":"Point","coordinates":[121.778212,24.721905]}},
{"type":"Feature","properties":{"name":"頂城","label_type":"village","source_level":"hamlet","min_zoom":13,"wikidata":null},"geometry":{"type":"Point","coordinates":[120.966704,23.879991]}},
{"type":"Feature","properties":{"name":"頂厝","label_type":"village","source_level":"hamlet","min_zoom":13,"wikidata":null},"geometry":{"type":"Point","coordinates":[120.244117,22.765438]}},
{"type":"Feature","properties":{"name":"頂厝","label_type":"village","source_level":"hamlet","min_zoom":13,"wikidata":null},"geometry":{"type":"Point","coordinates":[120.322781,22.890547]}},
{"type":"Feature","properties":{"name":"頂埔","label_type":"village","source_level":"village","min_zoom":11,"wikidata":null},"geometry":{"type":"Point","coordinates":[121.808338,24.84528]}},
{"type":"Feature","properties":{"name":"頂埔下","label_type":"village","source_level":"hamlet","min_zoom":13,"wikidata":null},"geometry":{"type":"Point","coordinates":[118.309901,24.447404]}},
{"type":"Feature","properties":{"name":"頂草湳","label_type":"village","source_level":"hamlet","min_zoom":13,"wikidata":null},"geometry":{"type":"Point","coordinates":[120.907674,23.939193]}},
{"type":"Feature","properties":{"name":"頂粗坑","label_type":"village","source_level":"hamlet","min_zoom":13,"wikidata":null},"geometry":{"type":"Point","coordinates":[121.614447,24.698357]}},
{"type":"Feature","properties":{"name":"頂獅子","label_type":"village","source_level":"hamlet","min_zoom":13,"wikidata":null},"geometry":{"type":"Point","coordinates":[120.925076,23.894411]}},
{"type":"Feature","properties":{"name":"頂廍","label_type":"village","source_level":"hamlet","min_zoom":13,"wikidata":null},"geometry":{"type":"Point","coordinates":[121.745489,24.702276]}},
{"type":"Feature","properties":{"name":"頂福城","label_type":"village","source_level":"hamlet","min_zoom":13,"wikidata":null},"geometry":{"type":"Point","coordinates":[121.805549,24.862219]}},
{"type":"Feature","properties":{"name":"頂寮","label_type":"village","source_level":"hamlet","min_zoom":13,"wikidata":null},"geometry":{"type":"Point","coordinates":[120.224719,22.861386]}},
{"type":"Feature","properties":{"name":"頂鹽","label_type":"village","source_level":"hamlet","min_zoom":13,"wikidata":null},"geometry":{"type":"Point","coordinates":[120.276475,22.748322]}},
{"type":"Feature","properties":{"name":"鹿埔城","label_type":"village","source_level":"hamlet","min_zoom":13,"wikidata":null},"geometry":{"type":"Point","coordinates":[121.740382,24.678881]}},
{"type":"Feature","properties":{"name":"鹿塭","label_type":"village","source_level":"hamlet","min_zoom":13,"wikidata":null},"geometry":{"type":"Point","coordinates":[120.833945,24.051284]}},
{"type":"Feature","properties":{"name":"鹿蒿","label_type":"village","source_level":"hamlet","min_zoom":13,"wikidata":null},"geometry":{"type":"Point","coordinates":[120.935204,23.922836]}},
{"type":"Feature","properties":{"name":"鹿寮","label_type":"village","source_level":"hamlet","min_zoom":13,"wikidata":null},"geometry":{"type":"Point","coordinates":[121.659894,24.876665]}},
{"type":"Feature","properties":{"name":"鹿寮坑","label_type":"village","source_level":"hamlet","min_zoom":13,"wikidata":null},"geometry":{"type":"Point","coordinates":[120.869479,23.900159]}},
{"type":"Feature","properties":{"name":"麻竹巷","label_type":"village","source_level":"hamlet","min_zoom":13,"wikidata":null},"geometry":{"type":"Point","coordinates":[120.838816,23.888369]}},
{"type":"Feature","properties":{"name":"麻竹脚","label_type":"village","source_level":"hamlet","min_zoom":13,"wikidata":null},"geometry":{"type":"Point","coordinates":[120.828452,23.879952]}},
{"type":"Feature","properties":{"name":"麻園","label_type":"village","source_level":"hamlet","min_zoom":13,"wikidata":null},"geometry":{"type":"Point","coordinates":[120.888619,22.344162]}},
{"type":"Feature","properties":{"name":"單冬頭","label_type":"village","source_level":"hamlet","min_zoom":13,"wikidata":null},"geometry":{"type":"Point","coordinates":[120.91557,23.897374]}},
{"type":"Feature","properties":{"name":"圍頭村","label_type":"village","source_level":"village","min_zoom":11,"wikidata":null},"geometry":{"type":"Point","coordinates":[118.577178,24.527799]}},
{"type":"Feature","properties":{"name":"堰堤","label_type":"village","source_level":"hamlet","min_zoom":13,"wikidata":null},"geometry":{"type":"Point","coordinates":[121.547177,24.871155]}},
{"type":"Feature","properties":{"name":"富來坪","label_type":"village","source_level":"hamlet","min_zoom":13,"wikidata":null},"geometry":{"type":"Point","coordinates":[120.930505,24.057143]}},
{"type":"Feature","properties":{"name":"復安","label_type":"village","source_level":"hamlet","min_zoom":13,"wikidata":null},"geometry":{"type":"Point","coordinates":[120.324712,22.847229]}},
{"type":"Feature","properties":{"name":"復國墩","label_type":"village","source_level":"hamlet","min_zoom":13,"wikidata":null},"geometry":{"type":"Point","coordinates":[118.470554,24.44838]}},
{"type":"Feature","properties":{"name":"復興村","label_type":"village","source_level":"village","min_zoom":11,"wikidata":null},"geometry":{"type":"Point","coordinates":[119.952807,26.163026]}},
{"type":"Feature","properties":{"name":"惠好","label_type":"village","source_level":"village","min_zoom":11,"wikidata":null},"geometry":{"type":"Point","coordinates":[121.72931,24.731513]}},
{"type":"Feature","properties":{"name":"援巢右","label_type":"village","source_level":"village","min_zoom":11,"wikidata":null},"geometry":{"type":"Point","coordinates":[120.341663,22.788883]}},
{"type":"Feature","properties":{"name":"森永","label_type":"village","source_level":"hamlet","min_zoom":13,"wikidata":null},"geometry":{"type":"Point","coordinates":[120.864716,22.281393]}},
{"type":"Feature","properties":{"name":"港口崙","label_type":"village","source_level":"village","min_zoom":11,"wikidata":null},"geometry":{"type":"Point","coordinates":[120.257399,22.788071]}},
{"type":"Feature","properties":{"name":"港仔墘","label_type":"village","source_level":"hamlet","min_zoom":13,"wikidata":null},"geometry":{"type":"Point","coordinates":[121.803896,24.833616]}},
{"type":"Feature","properties":{"name":"港底","label_type":"village","source_level":"hamlet","min_zoom":13,"wikidata":null},"geometry":{"type":"Point","coordinates":[119.622424,23.579367]}},
{"type":"Feature","properties":{"name":"港後","label_type":"village","source_level":"village","min_zoom":11,"wikidata":null},"geometry":{"type":"Point","coordinates":[120.314991,22.872221]}},
{"type":"Feature","properties":{"name":"港源","label_type":"village","source_level":"hamlet","min_zoom":13,"wikidata":null},"geometry":{"type":"Point","coordinates":[120.865917,23.927719]}},
{"type":"Feature","properties":{"name":"湖下","label_type":"village","source_level":"hamlet","min_zoom":13,"wikidata":null},"geometry":{"type":"Point","coordinates":[118.306489,24.456525]}},
{"type":"Feature","properties":{"name":"湖子內","label_type":"village","source_level":"hamlet","min_zoom":13,"wikidata":null},"geometry":{"type":"Point","coordinates":[121.535997,24.932191]}},
{"type":"Feature","properties":{"name":"湖底","label_type":"village","source_level":"hamlet","min_zoom":13,"wikidata":null},"geometry":{"type":"Point","coordinates":[121.671803,24.745896]}},
{"type":"Feature","properties":{"name":"湖東","label_type":"village","source_level":"hamlet","min_zoom":13,"wikidata":null},"geometry":{"type":"Point","coordinates":[119.662464,23.581923]}},
{"type":"Feature","properties":{"name":"湖前","label_type":"village","source_level":"hamlet","min_zoom":13,"wikidata":null},"geometry":{"type":"Point","coordinates":[118.413455,24.435683]}},
{"type":"Feature","properties":{"name":"湖厝村","label_type":"village","source_level":"village","min_zoom":11,"wikidata":"Q14421518"},"geometry":{"type":"Point","coordinates":[118.580782,24.535041]}},
{"type":"Feature","properties":{"name":"湖閃坑","label_type":"village","source_level":"hamlet","min_zoom":13,"wikidata":null},"geometry":{"type":"Point","coordinates":[121.571231,24.945382]}},
{"type":"Feature","properties":{"name":"湖桶","label_type":"village","source_level":"hamlet","min_zoom":13,"wikidata":null},"geometry":{"type":"Point","coordinates":[120.927436,23.918324]}},
{"type":"Feature","properties":{"name":"湖桶","label_type":"village","source_level":"hamlet","min_zoom":13,"wikidata":null},"geometry":{"type":"Point","coordinates":[121.753192,24.935907]}},
{"type":"Feature","properties":{"name":"湯圍","label_type":"village","source_level":"village","min_zoom":11,"wikidata":"Q30942649"},"geometry":{"type":"Point","coordinates":[121.772461,24.828339]}},
{"type":"Feature","properties":{"name":"無愧亭","label_type":"village","source_level":"hamlet","min_zoom":13,"wikidata":null},"geometry":{"type":"Point","coordinates":[118.386118,24.450841]}},
{"type":"Feature","properties":{"name":"犂頭尖","label_type":"village","source_level":"hamlet","min_zoom":13,"wikidata":null},"geometry":{"type":"Point","coordinates":[120.9846,23.966999]}},
{"type":"Feature","properties":{"name":"猫囒","label_type":"village","source_level":"village","min_zoom":11,"wikidata":null},"geometry":{"type":"Point","coordinates":[120.920205,23.885504]}},
{"type":"Feature","properties":{"name":"猴洞坑","label_type":"village","source_level":"hamlet","min_zoom":13,"wikidata":null},"geometry":{"type":"Point","coordinates":[120.848086,24.066548]}},
{"type":"Feature","properties":{"name":"猴湖","label_type":"village","source_level":"hamlet","min_zoom":13,"wikidata":null},"geometry":{"type":"Point","coordinates":[121.53192,24.921761]}},
{"type":"Feature","properties":{"name":"猴龍坑","label_type":"village","source_level":"hamlet","min_zoom":13,"wikidata":null},"geometry":{"type":"Point","coordinates":[120.891881,23.901807]}},
{"type":"Feature","properties":{"name":"番子田","label_type":"village","source_level":"hamlet","min_zoom":13,"wikidata":null},"geometry":{"type":"Point","coordinates":[120.940568,23.873889]}},
{"type":"Feature","properties":{"name":"番社","label_type":"village","source_level":"hamlet","min_zoom":13,"wikidata":null},"geometry":{"type":"Point","coordinates":[121.816342,24.733248]}},
{"type":"Feature","properties":{"name":"番婆洲","label_type":"village","source_level":"hamlet","min_zoom":13,"wikidata":null},"geometry":{"type":"Point","coordinates":[121.660409,24.668507]}},
{"type":"Feature","properties":{"name":"番割田","label_type":"village","source_level":"village","min_zoom":11,"wikidata":"Q30943085"},"geometry":{"type":"Point","coordinates":[121.769156,24.802494]}},
{"type":"Feature","properties":{"name":"筆秀","label_type":"village","source_level":"hamlet","min_zoom":13,"wikidata":null},"geometry":{"type":"Point","coordinates":[120.311666,22.769158]}},
{"type":"Feature","properties":{"name":"結頭分","label_type":"village","source_level":"village","min_zoom":11,"wikidata":"Q30945839"},"geometry":{"type":"Point","coordinates":[121.722143,24.761777]}},
{"type":"Feature","properties":{"name":"菅蓁巷","label_type":"village","source_level":"hamlet","min_zoom":13,"wikidata":null},"geometry":{"type":"Point","coordinates":[120.853751,23.984057]}},
{"type":"Feature","properties":{"name":"菓子林","label_type":"village","source_level":"hamlet","min_zoom":13,"wikidata":null},"geometry":{"type":"Point","coordinates":[121.021936,23.98888]}},
{"type":"Feature","properties":{"name":"菓葉","label_type":"village","source_level":"hamlet","min_zoom":13,"wikidata":null},"geometry":{"type":"Point","coordinates":[119.678879,23.578364]}},
{"type":"Feature","properties":{"name":"菜園","label_type":"village","source_level":"hamlet","min_zoom":13,"wikidata":null},"geometry":{"type":"Point","coordinates":[119.59734,23.551792]}},
{"type":"Feature","properties":{"name":"菸焙子","label_type":"village","source_level":"hamlet","min_zoom":13,"wikidata":null},"geometry":{"type":"Point","coordinates":[120.85006,24.087608]}},
{"type":"Feature","properties":{"name":"街尾崙","label_type":"village","source_level":"village","min_zoom":11,"wikidata":null},"geometry":{"type":"Point","coordinates":[120.290787,22.786311]}},
{"type":"Feature","properties":{"name":"間善","label_type":"village","source_level":"hamlet","min_zoom":13,"wikidata":null},"geometry":{"type":"Point","coordinates":[120.918896,23.987194]}},
{"type":"Feature","properties":{"name":"陽明","label_type":"village","source_level":"hamlet","min_zoom":13,"wikidata":null},"geometry":{"type":"Point","coordinates":[118.436801,24.463479]}},
{"type":"Feature","properties":{"name":"陽翟","label_type":"village","source_level":"hamlet","min_zoom":13,"wikidata":null},"geometry":{"type":"Point","coordinates":[118.427746,24.478849]}},
{"type":"Feature","properties":{"name":"雁地","label_type":"village","source_level":"hamlet","min_zoom":13,"wikidata":null},"geometry":{"type":"Point","coordinates":[120.919046,23.915009]}},
{"type":"Feature","properties":{"name":"黃櫸皮寮","label_type":"village","source_level":"hamlet","min_zoom":13,"wikidata":null},"geometry":{"type":"Point","coordinates":[121.688175,24.935907]}},
{"type":"Feature","properties":{"name":"圓山","label_type":"village","source_level":"hamlet","min_zoom":13,"wikidata":null},"geometry":{"type":"Point","coordinates":[120.891109,22.322229]}},
{"type":"Feature","properties":{"name":"圓孔頭","label_type":"village","source_level":"hamlet","min_zoom":13,"wikidata":null},"geometry":{"type":"Point","coordinates":[121.778641,24.683073]}},
{"type":"Feature","properties":{"name":"塔后","label_type":"village","source_level":"hamlet","min_zoom":13,"wikidata":null},"geometry":{"type":"Point","coordinates":[118.40807,24.437949]}},
{"type":"Feature","properties":{"name":"塗潭","label_type":"village","source_level":"hamlet","min_zoom":13,"wikidata":null},"geometry":{"type":"Point","coordinates":[121.654787,24.926178]}},
{"type":"Feature","properties":{"name":"塘東村","label_type":"village","source_level":"village","min_zoom":11,"wikidata":null},"geometry":{"type":"Point","coordinates":[118.576319,24.546596]}},
{"type":"Feature","properties":{"name":"塘頭","label_type":"village","source_level":"hamlet","min_zoom":13,"wikidata":null},"geometry":{"type":"Point","coordinates":[118.4144,24.51548]}},
{"type":"Feature","properties":{"name":"塭底","label_type":"village","source_level":"village","min_zoom":11,"wikidata":"Q30942778"},"geometry":{"type":"Point","coordinates":[121.802781,24.805006]}},
{"type":"Feature","properties":{"name":"媽宮","label_type":"village","source_level":"village","min_zoom":11,"wikidata":null},"geometry":{"type":"Point","coordinates":[119.564874,23.565108]}},
{"type":"Feature","properties":{"name":"媽祖林","label_type":"village","source_level":"hamlet","min_zoom":13,"wikidata":null},"geometry":{"type":"Point","coordinates":[121.638651,24.922169]}},
{"type":"Feature","properties":{"name":"嵵裡","label_type":"village","source_level":"hamlet","min_zoom":13,"wikidata":null},"geometry":{"type":"Point","coordinates":[119.57026,23.525136]}},
{"type":"Feature","properties":{"name":"新年莊","label_type":"village","source_level":"hamlet","min_zoom":13,"wikidata":null},"geometry":{"type":"Point","coordinates":[120.871668,23.869572]}},
{"type":"Feature","properties":{"name":"新店","label_type":"village","source_level":"village","min_zoom":11,"wikidata":null},"geometry":{"type":"Point","coordinates":[121.755531,24.767389]}},
{"type":"Feature","properties":{"name":"新店","label_type":"village","source_level":"hamlet","min_zoom":13,"wikidata":null},"geometry":{"type":"Point","coordinates":[121.826255,24.674961]}},
{"type":"Feature","properties":{"name":"新社","label_type":"village","source_level":"hamlet","min_zoom":13,"wikidata":null},"geometry":{"type":"Point","coordinates":[119.566097,23.571068]}},
{"type":"Feature","properties":{"name":"新前墩","label_type":"village","source_level":"hamlet","min_zoom":13,"wikidata":null},"geometry":{"type":"Point","coordinates":[118.450341,24.455236]}},
{"type":"Feature","properties":{"name":"新南","label_type":"village","source_level":"village","min_zoom":11,"wikidata":null},"geometry":{"type":"Point","coordinates":[121.801193,24.723133]}},
{"type":"Feature","properties":{"name":"新城","label_type":"village","source_level":"village","min_zoom":11,"wikidata":null},"geometry":{"type":"Point","coordinates":[120.92381,23.908104]}},
{"type":"Feature","properties":{"name":"新城","label_type":"village","source_level":"hamlet","min_zoom":13,"wikidata":"Q30945708"},"geometry":{"type":"Point","coordinates":[121.727636,24.765791]}},
{"type":"Feature","properties":{"name":"新厝子","label_type":"village","source_level":"hamlet","min_zoom":13,"wikidata":null},"geometry":{"type":"Point","coordinates":[120.22341,22.816872]}},
{"type":"Feature","properties":{"name":"新埤子尾","label_type":"village","source_level":"hamlet","min_zoom":13,"wikidata":null},"geometry":{"type":"Point","coordinates":[120.32527,22.860002]}},
{"type":"Feature","properties":{"name":"新莊","label_type":"village","source_level":"hamlet","min_zoom":13,"wikidata":null},"geometry":{"type":"Point","coordinates":[120.24667,22.755287]}},
{"type":"Feature","properties":{"name":"新莊","label_type":"village","source_level":"hamlet","min_zoom":13,"wikidata":null},"geometry":{"type":"Point","coordinates":[120.301666,22.745829]}},
{"type":"Feature","properties":{"name":"新莊","label_type":"village","source_level":"hamlet","min_zoom":13,"wikidata":null},"geometry":{"type":"Point","coordinates":[120.30055,22.813055]}},
{"type":"Feature","properties":{"name":"新港","label_type":"village","source_level":"hamlet","min_zoom":13,"wikidata":null},"geometry":{"type":"Point","coordinates":[120.20972,22.821382]}},
{"type":"Feature","properties":{"name":"新港口","label_type":"village","source_level":"hamlet","min_zoom":13,"wikidata":null},"geometry":{"type":"Point","coordinates":[120.211115,22.816951]}},
{"type":"Feature","properties":{"name":"新發","label_type":"village","source_level":"hamlet","min_zoom":13,"wikidata":null},"geometry":{"type":"Point","coordinates":[121.808059,24.788332]}},
{"type":"Feature","properties":{"name":"新塘","label_type":"village","source_level":"hamlet","min_zoom":13,"wikidata":null},"geometry":{"type":"Point","coordinates":[118.438797,24.419369]}},
{"type":"Feature","properties":{"name":"新廍","label_type":"village","source_level":"hamlet","min_zoom":13,"wikidata":null},"geometry":{"type":"Point","coordinates":[120.331385,22.854446]}},
{"type":"Feature","properties":{"name":"新廍城","label_type":"village","source_level":"hamlet","min_zoom":13,"wikidata":null},"geometry":{"type":"Point","coordinates":[121.725533,24.67929]}},
{"type":"Feature","properties":{"name":"新興","label_type":"village","source_level":"hamlet","min_zoom":13,"wikidata":null},"geometry":{"type":"Point","coordinates":[121.803102,24.728999]}},
{"type":"Feature","properties":{"name":"新興巷","label_type":"village","source_level":"hamlet","min_zoom":13,"wikidata":null},"geometry":{"type":"Point","coordinates":[120.868599,23.891606]}},
{"type":"Feature","properties":{"name":"新頭","label_type":"village","source_level":"hamlet","min_zoom":13,"wikidata":null},"geometry":{"type":"Point","coordinates":[118.420901,24.432186]}},
{"type":"Feature","properties":{"name":"楓林","label_type":"village","source_level":"hamlet","min_zoom":13,"wikidata":null},"geometry":{"type":"Point","coordinates":[121.65307,24.680109]}},
{"type":"Feature","properties":{"name":"楓樹林","label_type":"village","source_level":"hamlet","min_zoom":13,"wikidata":null},"geometry":{"type":"Point","coordinates":[121.082232,24.000563]}},
{"type":"Feature","properties":{"name":"溜籠頭","label_type":"village","source_level":"hamlet","min_zoom":13,"wikidata":null},"geometry":{"type":"Point","coordinates":[120.869823,23.8816]}},
{"type":"Feature","properties":{"name":"溝乾子","label_type":"village","source_level":"hamlet","min_zoom":13,"wikidata":null},"geometry":{"type":"Point","coordinates":[121.719589,24.905842]}},
{"type":"Feature","properties":{"name":"溪州寮","label_type":"village","source_level":"hamlet","min_zoom":13,"wikidata":null},"geometry":{"type":"Point","coordinates":[120.341105,22.886119]}},
{"type":"Feature","properties":{"name":"溪底","label_type":"village","source_level":"hamlet","min_zoom":13,"wikidata":null},"geometry":{"type":"Point","coordinates":[120.956297,23.962431]}},
{"type":"Feature","properties":{"name":"溪底城","label_type":"village","source_level":"village","min_zoom":11,"wikidata":null},"geometry":{"type":"Point","coordinates":[121.776624,24.709313]}},
{"type":"Feature","properties":{"name":"溪南","label_type":"village","source_level":"village","min_zoom":11,"wikidata":null},"geometry":{"type":"Point","coordinates":[120.956039,23.951332]}},
{"type":"Feature","properties":{"name":"溪頭","label_type":"village","source_level":"hamlet","min_zoom":13,"wikidata":null},"geometry":{"type":"Point","coordinates":[120.842185,24.129013]}},
{"type":"Feature","properties":{"name":"溪邊","label_type":"village","source_level":"hamlet","min_zoom":13,"wikidata":null},"geometry":{"type":"Point","coordinates":[118.460276,24.44084]}},
{"type":"Feature","properties":{"name":"獅子頭","label_type":"village","source_level":"hamlet","min_zoom":13,"wikidata":null},"geometry":{"type":"Point","coordinates":[121.038888,23.996662]}},
{"type":"Feature","properties":{"name":"獅子頭","label_type":"village","source_level":"hamlet","min_zoom":13,"wikidata":null},"geometry":{"type":"Point","coordinates":[120.955439,24.012403]}},
{"type":"Feature","properties":{"name":"獅子頭坑","label_type":"village","source_level":"hamlet","min_zoom":13,"wikidata":null},"geometry":{"type":"Point","coordinates":[121.639831,24.932735]}},
{"type":"Feature","properties":{"name":"碗糕寮","label_type":"village","source_level":"hamlet","min_zoom":13,"wikidata":null},"geometry":{"type":"Point","coordinates":[120.864952,24.077578]}},
{"type":"Feature","properties":{"name":"萬大","label_type":"village","source_level":"village","min_zoom":11,"wikidata":"Q106080849"},"geometry":{"type":"Point","coordinates":[121.127765,23.974136]}},
{"type":"Feature","properties":{"name":"萬豐","label_type":"village","source_level":"village","min_zoom":11,"wikidata":null},"geometry":{"type":"Point","coordinates":[121.077232,23.946096]}},
{"type":"Feature","properties":{"name":"萱野","label_type":"village","source_level":"hamlet","min_zoom":13,"wikidata":null},"geometry":{"type":"Point","coordinates":[121.016121,24.082495]}},
{"type":"Feature","properties":{"name":"萱野","label_type":"village","source_level":"hamlet","min_zoom":13,"wikidata":null},"geometry":{"type":"Point","coordinates":[120.998526,24.074678]}},
{"type":"Feature","properties":{"name":"葉厝","label_type":"village","source_level":"hamlet","min_zoom":13,"wikidata":null},"geometry":{"type":"Point","coordinates":[120.875337,24.062335]}},
{"type":"Feature","properties":{"name":"葫蘆堵","label_type":"village","source_level":"hamlet","min_zoom":13,"wikidata":null},"geometry":{"type":"Point","coordinates":[121.718752,24.70943]}},
{"type":"Feature","properties":{"name":"蜈蚣堀","label_type":"village","source_level":"hamlet","min_zoom":13,"wikidata":null},"geometry":{"type":"Point","coordinates":[120.931921,24.005229]}},
{"type":"Feature","properties":{"name":"蜈蚣崙","label_type":"village","source_level":"hamlet","min_zoom":13,"wikidata":null},"geometry":{"type":"Point","coordinates":[120.991745,23.977018]}},
{"type":"Feature","properties":{"name":"蜈蚣窟","label_type":"village","source_level":"hamlet","min_zoom":13,"wikidata":null},"geometry":{"type":"Point","coordinates":[120.945761,23.961333]}},
{"type":"Feature","properties":{"name":"蜊埤","label_type":"village","source_level":"hamlet","min_zoom":13,"wikidata":null},"geometry":{"type":"Point","coordinates":[121.694891,24.756964]}},
{"type":"Feature","properties":{"name":"試驗寮","label_type":"village","source_level":"hamlet","min_zoom":13,"wikidata":null},"geometry":{"type":"Point","coordinates":[120.857334,24.071818]}},
{"type":"Feature","properties":{"name":"跳走坪","label_type":"village","source_level":"hamlet","min_zoom":13,"wikidata":null},"geometry":{"type":"Point","coordinates":[120.85536,23.994467]}},
{"type":"Feature","properties":{"name":"過坑","label_type":"village","source_level":"hamlet","min_zoom":13,"wikidata":null},"geometry":{"type":"Point","coordinates":[120.986509,23.912812]}},
{"type":"Feature","properties":{"name":"過溪子","label_type":"village","source_level":"hamlet","min_zoom":13,"wikidata":null},"geometry":{"type":"Point","coordinates":[121.727872,24.723893]}},
{"type":"Feature","properties":{"name":"過嶺","label_type":"village","source_level":"village","min_zoom":11,"wikidata":null},"geometry":{"type":"Point","coordinates":[121.815162,24.763277]}},
{"type":"Feature","properties":{"name":"隘門","label_type":"village","source_level":"hamlet","min_zoom":13,"wikidata":null},"geometry":{"type":"Point","coordinates":[119.636457,23.562355]}},
{"type":"Feature","properties":{"name":"隘界","label_type":"village","source_level":"hamlet","min_zoom":13,"wikidata":null},"geometry":{"type":"Point","coordinates":[121.686008,24.749598]}},
{"type":"Feature","properties":{"name":"雷公坡","label_type":"village","source_level":"hamlet","min_zoom":13,"wikidata":null},"geometry":{"type":"Point","coordinates":[121.613824,24.945947]}},
{"type":"Feature","properties":{"name":"韮菜湖","label_type":"village","source_level":"hamlet","min_zoom":13,"wikidata":null},"geometry":{"type":"Point","coordinates":[120.843601,23.932309]}},
{"type":"Feature","properties":{"name":"韮菜湖頂","label_type":"village","source_level":"hamlet","min_zoom":13,"wikidata":null},"geometry":{"type":"Point","coordinates":[120.855811,23.917167]}},
{"type":"Feature","properties":{"name":"嘉興","label_type":"village","source_level":"village","min_zoom":11,"wikidata":null},"geometry":{"type":"Point","coordinates":[120.302782,22.821105]}},
{"type":"Feature","properties":{"name":"墘溪","label_type":"village","source_level":"hamlet","min_zoom":13,"wikidata":null},"geometry":{"type":"Point","coordinates":[121.009169,23.966392]}},
{"type":"Feature","properties":{"name":"壽山尾","label_type":"village","source_level":"hamlet","min_zoom":13,"wikidata":null},"geometry":{"type":"Point","coordinates":[120.924754,24.016558]}},
{"type":"Feature","properties":{"name":"夢形","label_type":"village","source_level":"hamlet","min_zoom":13,"wikidata":null},"geometry":{"type":"Point","coordinates":[121.805828,24.941666]}},
{"type":"Feature","properties":{"name":"夢谷","label_type":"village","source_level":"hamlet","min_zoom":13,"wikidata":null},"geometry":{"type":"Point","coordinates":[121.084807,24.023222]}},
{"type":"Feature","properties":{"name":"寧山庫","label_type":"village","source_level":"hamlet","min_zoom":13,"wikidata":null},"geometry":{"type":"Point","coordinates":[118.339319,24.433651]}},
{"type":"Feature","properties":{"name":"廍後","label_type":"village","source_level":"hamlet","min_zoom":13,"wikidata":null},"geometry":{"type":"Point","coordinates":[121.822457,24.729642]}},
{"type":"Feature","properties":{"name":"旗洞","label_type":"village","source_level":"hamlet","min_zoom":13,"wikidata":null},"geometry":{"type":"Point","coordinates":[120.849502,24.04423]}},
{"type":"Feature","properties":{"name":"旗洞巷","label_type":"village","source_level":"hamlet","min_zoom":13,"wikidata":null},"geometry":{"type":"Point","coordinates":[120.852377,24.058005]}},
{"type":"Feature","properties":{"name":"榜林","label_type":"village","source_level":"hamlet","min_zoom":13,"wikidata":null},"geometry":{"type":"Point","coordinates":[118.330908,24.435644]}},
{"type":"Feature","properties":{"name":"槌仔寮","label_type":"village","source_level":"hamlet","min_zoom":13,"wikidata":null},"geometry":{"type":"Point","coordinates":[120.912051,23.902867]}},
{"type":"Feature","properties":{"name":"滴水坑","label_type":"village","source_level":"hamlet","min_zoom":13,"wikidata":null},"geometry":{"type":"Point","coordinates":[120.960867,23.917088]}},
{"type":"Feature","properties":{"name":"滾水","label_type":"village","source_level":"village","min_zoom":11,"wikidata":null},"geometry":{"type":"Point","coordinates":[120.32999,22.777507]}},
{"type":"Feature","properties":{"name":"漁村","label_type":"village","source_level":"hamlet","min_zoom":13,"wikidata":null},"geometry":{"type":"Point","coordinates":[118.406374,24.436093]}},
{"type":"Feature","properties":{"name":"漯底","label_type":"village","source_level":"village","min_zoom":11,"wikidata":null},"geometry":{"type":"Point","coordinates":[120.242443,22.762648]}},
{"type":"Feature","properties":{"name":"瑪璘","label_type":"village","source_level":"hamlet","min_zoom":13,"wikidata":"Q30943253"},"geometry":{"type":"Point","coordinates":[121.772504,24.793884]}},
{"type":"Feature","properties":{"name":"碧山","label_type":"village","source_level":"hamlet","min_zoom":13,"wikidata":null},"geometry":{"type":"Point","coordinates":[118.44238,24.486172]}},
{"type":"Feature","properties":{"name":"碧湖","label_type":"village","source_level":"hamlet","min_zoom":13,"wikidata":null},"geometry":{"type":"Point","coordinates":[121.74566,24.89068]}},
{"type":"Feature","properties":{"name":"福山巷","label_type":"village","source_level":"hamlet","min_zoom":13,"wikidata":null},"geometry":{"type":"Point","coordinates":[120.833108,23.867413]}},
{"type":"Feature","properties":{"name":"福成","label_type":"village","source_level":"village","min_zoom":11,"wikidata":"Q28418120"},"geometry":{"type":"Point","coordinates":[121.81278,24.856943]}},
{"type":"Feature","properties":{"name":"福隆園","label_type":"village","source_level":"hamlet","min_zoom":13,"wikidata":null},"geometry":{"type":"Point","coordinates":[120.840125,24.027435]}},
{"type":"Feature","properties":{"name":"福德坑","label_type":"village","source_level":"hamlet","min_zoom":13,"wikidata":null},"geometry":{"type":"Point","coordinates":[121.80999,24.88194]}},
{"type":"Feature","properties":{"name":"福澳村","label_type":"village","source_level":"village","min_zoom":11,"wikidata":null},"geometry":{"type":"Point","coordinates":[119.94416,26.157114]}},
{"type":"Feature","properties":{"name":"福興","label_type":"village","source_level":"village","min_zoom":11,"wikidata":"Q55715990"},"geometry":{"type":"Point","coordinates":[120.968184,24.007836]}},
{"type":"Feature","properties":{"name":"種瓜坑","label_type":"village","source_level":"hamlet","min_zoom":13,"wikidata":null},"geometry":{"type":"Point","coordinates":[120.886989,23.975646]}},
{"type":"Feature","properties":{"name":"維新","label_type":"village","source_level":"hamlet","min_zoom":13,"wikidata":null},"geometry":{"type":"Point","coordinates":[120.247507,22.806666]}},
{"type":"Feature","properties":{"name":"翟山","label_type":"village","source_level":"hamlet","min_zoom":13,"wikidata":null},"geometry":{"type":"Point","coordinates":[118.321702,24.390899]}},
{"type":"Feature","properties":{"name":"鳳鳴","label_type":"village","source_level":"hamlet","min_zoom":13,"wikidata":null},"geometry":{"type":"Point","coordinates":[120.856819,23.96645]}},
{"type":"Feature","properties":{"name":"鼻仔頭","label_type":"village","source_level":"hamlet","min_zoom":13,"wikidata":null},"geometry":{"type":"Point","coordinates":[121.698797,24.732507]}},
{"type":"Feature","properties":{"name":"鼻頭","label_type":"village","source_level":"hamlet","min_zoom":13,"wikidata":null},"geometry":{"type":"Point","coordinates":[121.816106,24.761115]}},
{"type":"Feature","properties":{"name":"劉厝","label_type":"village","source_level":"village","min_zoom":11,"wikidata":null},"geometry":{"type":"Point","coordinates":[120.289221,22.781365]}},
{"type":"Feature","properties":{"name":"劉厝","label_type":"village","source_level":"hamlet","min_zoom":13,"wikidata":null},"geometry":{"type":"Point","coordinates":[120.218046,22.894441]}},
{"type":"Feature","properties":{"name":"劉澳","label_type":"village","source_level":"hamlet","min_zoom":13,"wikidata":null},"geometry":{"type":"Point","coordinates":[118.388522,24.482559]}},
{"type":"Feature","properties":{"name":"廟前","label_type":"village","source_level":"hamlet","min_zoom":13,"wikidata":null},"geometry":{"type":"Point","coordinates":[120.972304,23.926013]}},
{"type":"Feature","properties":{"name":"廣洲仔","label_type":"village","source_level":"hamlet","min_zoom":13,"wikidata":null},"geometry":{"type":"Point","coordinates":[121.678197,24.674805]}},
{"type":"Feature","properties":{"name":"廣興","label_type":"village","source_level":"village","min_zoom":11,"wikidata":null},"geometry":{"type":"Point","coordinates":[121.748428,24.670048]}},
{"type":"Feature","properties":{"name":"廣興","label_type":"village","source_level":"village","min_zoom":11,"wikidata":null},"geometry":{"type":"Point","coordinates":[121.538336,24.913724]}},
{"type":"Feature","properties":{"name":"德陽村","label_type":"village","source_level":"hamlet","min_zoom":13,"wikidata":null},"geometry":{"type":"Point","coordinates":[121.770508,24.82867]}},
{"type":"Feature","properties":{"name":"樟湖","label_type":"village","source_level":"hamlet","min_zoom":13,"wikidata":null},"geometry":{"type":"Point","coordinates":[120.859544,23.909654]}},
{"type":"Feature","properties":{"name":"樟湖山","label_type":"village","source_level":"hamlet","min_zoom":13,"wikidata":null},"geometry":{"type":"Point","coordinates":[120.837293,23.992389]}},
{"type":"Feature","properties":{"name":"樟湖頂","label_type":"village","source_level":"hamlet","min_zoom":13,"wikidata":null},"geometry":{"type":"Point","coordinates":[120.903018,24.04909]}},
{"type":"Feature","properties":{"name":"歐厝","label_type":"village","source_level":"hamlet","min_zoom":13,"wikidata":null},"geometry":{"type":"Point","coordinates":[118.331337,24.406493]}},
{"type":"Feature","properties":{"name":"潭腰","label_type":"village","source_level":"hamlet","min_zoom":13,"wikidata":null},"geometry":{"type":"Point","coordinates":[121.637707,24.930517]}},
{"type":"Feature","properties":{"name":"蓮生坑","label_type":"village","source_level":"hamlet","min_zoom":13,"wikidata":null},"geometry":{"type":"Point","coordinates":[120.863879,23.920227]}},
{"type":"Feature","properties":{"name":"蓮生巷","label_type":"village","source_level":"hamlet","min_zoom":13,"wikidata":null},"geometry":{"type":"Point","coordinates":[120.865788,23.929916]}},
{"type":"Feature","properties":{"name":"蓮花池","label_type":"village","source_level":"hamlet","min_zoom":13,"wikidata":null},"geometry":{"type":"Point","coordinates":[120.891495,23.923718]}},
{"type":"Feature","properties":{"name":"蔡店","label_type":"village","source_level":"hamlet","min_zoom":13,"wikidata":null},"geometry":{"type":"Point","coordinates":[118.420494,24.485821]}},
{"type":"Feature","properties":{"name":"蔡厝","label_type":"village","source_level":"hamlet","min_zoom":13,"wikidata":null},"geometry":{"type":"Point","coordinates":[118.417575,24.472658]}},
{"type":"Feature","properties":{"name":"賢厝","label_type":"village","source_level":"hamlet","min_zoom":13,"wikidata":null},"geometry":{"type":"Point","coordinates":[118.309686,24.416986]}},
{"type":"Feature","properties":{"name":"墻頂","label_type":"village","source_level":"hamlet","min_zoom":13,"wikidata":null},"geometry":{"type":"Point","coordinates":[120.910313,23.928072]}},
{"type":"Feature","properties":{"name":"橋頭","label_type":"village","source_level":"hamlet","min_zoom":13,"wikidata":null},"geometry":{"type":"Point","coordinates":[121.773641,24.7221]}},
{"type":"Feature","properties":{"name":"燈心堀","label_type":"village","source_level":"hamlet","min_zoom":13,"wikidata":null},"geometry":{"type":"Point","coordinates":[120.852828,24.107724]}},
{"type":"Feature","properties":{"name":"燈心湖","label_type":"village","source_level":"hamlet","min_zoom":13,"wikidata":null},"geometry":{"type":"Point","coordinates":[120.944345,24.012363]}},
{"type":"Feature","properties":{"name":"盧厝","label_type":"village","source_level":"hamlet","min_zoom":13,"wikidata":null},"geometry":{"type":"Point","coordinates":[120.869415,23.933662]}},
{"type":"Feature","properties":{"name":"磨壁潭","label_type":"village","source_level":"hamlet","min_zoom":13,"wikidata":null},"geometry":{"type":"Point","coordinates":[121.723409,24.939079]}},
{"type":"Feature","properties":{"name":"興仁","label_type":"village","source_level":"hamlet","min_zoom":13,"wikidata":null},"geometry":{"type":"Point","coordinates":[119.612274,23.550415]}},
{"type":"Feature","properties":{"name":"興糖","label_type":"village","source_level":"village","min_zoom":11,"wikidata":null},"geometry":{"type":"Point","coordinates":[120.316944,22.751943]}},
{"type":"Feature","properties":{"name":"舉喜自辦市地重劃區","label_type":"village","source_level":"hamlet","min_zoom":13,"wikidata":null},"geometry":{"type":"Point","coordinates":[120.189207,22.931955]}},
{"type":"Feature","properties":{"name":"蕭瓜","label_type":"village","source_level":"hamlet","min_zoom":13,"wikidata":null},"geometry":{"type":"Point","coordinates":[119.632552,23.548566]}},
{"type":"Feature","properties":{"name":"親愛","label_type":"village","source_level":"village","min_zoom":11,"wikidata":null},"geometry":{"type":"Point","coordinates":[121.105943,23.967784]}},
{"type":"Feature","properties":{"name":"錦草","label_type":"village","source_level":"village","min_zoom":11,"wikidata":null},"geometry":{"type":"Point","coordinates":[121.817222,24.706993]}},
{"type":"Feature","properties":{"name":"頭股","label_type":"village","source_level":"hamlet","min_zoom":13,"wikidata":null},"geometry":{"type":"Point","coordinates":[120.916879,23.904534]}},
{"type":"Feature","properties":{"name":"頭股份子","label_type":"village","source_level":"hamlet","min_zoom":13,"wikidata":null},"geometry":{"type":"Point","coordinates":[120.926085,23.901592]}},
{"type":"Feature","properties":{"name":"頭圍","label_type":"village","source_level":"hamlet","min_zoom":13,"wikidata":null},"geometry":{"type":"Point","coordinates":[121.823766,24.857333]}},
{"type":"Feature","properties":{"name":"頭溪巷","label_type":"village","source_level":"hamlet","min_zoom":13,"wikidata":null},"geometry":{"type":"Point","coordinates":[120.874951,23.98537]}},
{"type":"Feature","properties":{"name":"頭櫃","label_type":"village","source_level":"hamlet","min_zoom":13,"wikidata":null},"geometry":{"type":"Point","coordinates":[120.853879,24.117263]}},
{"type":"Feature","properties":{"name":"頭櫃","label_type":"village","source_level":"hamlet","min_zoom":13,"wikidata":null},"geometry":{"type":"Point","coordinates":[120.859222,24.135299]}},
{"type":"Feature","properties":{"name":"鴨母寮","label_type":"village","source_level":"hamlet","min_zoom":13,"wikidata":null},"geometry":{"type":"Point","coordinates":[121.720104,24.747318]}},
{"type":"Feature","properties":{"name":"鴨母寮","label_type":"village","source_level":"hamlet","min_zoom":13,"wikidata":null},"geometry":{"type":"Point","coordinates":[120.268879,22.847783]}},
{"type":"Feature","properties":{"name":"龍吐舌","label_type":"village","source_level":"hamlet","min_zoom":13,"wikidata":null},"geometry":{"type":"Point","coordinates":[120.846777,24.031963]}},
{"type":"Feature","properties":{"name":"龍門","label_type":"village","source_level":"hamlet","min_zoom":13,"wikidata":null},"geometry":{"type":"Point","coordinates":[119.6733,23.563554]}},
{"type":"Feature","properties":{"name":"龍船窩","label_type":"village","source_level":"hamlet","min_zoom":13,"wikidata":null},"geometry":{"type":"Point","coordinates":[120.94192,24.010599]}},
{"type":"Feature","properties":{"name":"龍潭","label_type":"village","source_level":"village","min_zoom":11,"wikidata":"Q30943274"},"geometry":{"type":"Point","coordinates":[121.7433,24.779273]}},
{"type":"Feature","properties":{"name":"龜山","label_type":"village","source_level":"village","min_zoom":11,"wikidata":null},"geometry":{"type":"Point","coordinates":[121.552134,24.902689]}},
{"type":"Feature","properties":{"name":"龜仔廓","label_type":"village","source_level":"hamlet","min_zoom":13,"wikidata":null},"geometry":{"type":"Point","coordinates":[120.238688,22.934326]}},
{"type":"Feature","properties":{"name":"龜窟","label_type":"village","source_level":"hamlet","min_zoom":13,"wikidata":null},"geometry":{"type":"Point","coordinates":[121.680515,24.906387]}},
{"type":"Feature","properties":{"name":"勵志新城","label_type":"village","source_level":"village","min_zoom":11,"wikidata":null},"geometry":{"type":"Point","coordinates":[120.295765,22.788526]}},
{"type":"Feature","properties":{"name":"嶺腳坑","label_type":"village","source_level":"hamlet","min_zoom":13,"wikidata":null},"geometry":{"type":"Point","coordinates":[121.695471,24.934389]}},
{"type":"Feature","properties":{"name":"彌陀港","label_type":"village","source_level":"village","min_zoom":11,"wikidata":null},"geometry":{"type":"Point","coordinates":[120.249374,22.780949]}},
{"type":"Feature","properties":{"name":"澀子坑","label_type":"village","source_level":"hamlet","min_zoom":13,"wikidata":null},"geometry":{"type":"Point","coordinates":[120.83446,23.952528]}},
{"type":"Feature","properties":{"name":"濕水仔","label_type":"village","source_level":"hamlet","min_zoom":13,"wikidata":null},"geometry":{"type":"Point","coordinates":[121.637836,24.943067]}},
{"type":"Feature","properties":{"name":"濛濛谷","label_type":"village","source_level":"hamlet","min_zoom":13,"wikidata":null},"geometry":{"type":"Point","coordinates":[121.535718,24.918881]}},
{"type":"Feature","properties":{"name":"營前","label_type":"village","source_level":"hamlet","min_zoom":13,"wikidata":null},"geometry":{"type":"Point","coordinates":[120.271389,22.881671]}},
{"type":"Feature","properties":{"name":"營後","label_type":"village","source_level":"hamlet","min_zoom":13,"wikidata":null},"geometry":{"type":"Point","coordinates":[120.272827,22.885526]}},
{"type":"Feature","properties":{"name":"營盤","label_type":"village","source_level":"hamlet","min_zoom":13,"wikidata":null},"geometry":{"type":"Point","coordinates":[120.328617,22.859726]}},
{"type":"Feature","properties":{"name":"礁溪","label_type":"village","source_level":"hamlet","min_zoom":13,"wikidata":null},"geometry":{"type":"Point","coordinates":[121.769071,24.818328]}},
{"type":"Feature","properties":{"name":"糞箕湖","label_type":"village","source_level":"hamlet","min_zoom":13,"wikidata":null},"geometry":{"type":"Point","coordinates":[121.713753,24.782605]}},
{"type":"Feature","properties":{"name":"謝厝","label_type":"village","source_level":"hamlet","min_zoom":13,"wikidata":null},"geometry":{"type":"Point","coordinates":[118.297992,24.407431]}},
{"type":"Feature","properties":{"name":"避風城","label_type":"village","source_level":"hamlet","min_zoom":13,"wikidata":null},"geometry":{"type":"Point","coordinates":[121.653521,24.686816]}},
{"type":"Feature","properties":{"name":"擺厘","label_type":"village","source_level":"hamlet","min_zoom":13,"wikidata":null},"geometry":{"type":"Point","coordinates":[121.744738,24.738491]}},
{"type":"Feature","properties":{"name":"歸田","label_type":"village","source_level":"hamlet","min_zoom":13,"wikidata":null},"geometry":{"type":"Point","coordinates":[120.841112,22.253612]}},
{"type":"Feature","properties":{"name":"舊南田","label_type":"village","source_level":"hamlet","min_zoom":13,"wikidata":null},"geometry":{"type":"Point","coordinates":[120.882504,22.263065]}},
{"type":"Feature","properties":{"name":"舊柑子林","label_type":"village","source_level":"hamlet","min_zoom":13,"wikidata":null},"geometry":{"type":"Point","coordinates":[120.845253,24.012834]}},
{"type":"Feature","properties":{"name":"舊港口","label_type":"village","source_level":"village","min_zoom":11,"wikidata":null},"geometry":{"type":"Point","coordinates":[120.229998,22.799446]}},
{"type":"Feature","properties":{"name":"覆鼎金","label_type":"village","source_level":"hamlet","min_zoom":13,"wikidata":null},"geometry":{"type":"Point","coordinates":[120.951576,24.028552]}},
{"type":"Feature","properties":{"name":"豐林口","label_type":"village","source_level":"hamlet","min_zoom":13,"wikidata":null},"geometry":{"type":"Point","coordinates":[121.065559,24.003327]}},
{"type":"Feature","properties":{"name":"鎖港","label_type":"village","source_level":"hamlet","min_zoom":13,"wikidata":null},"geometry":{"type":"Point","coordinates":[119.601352,23.524428]}},
{"type":"Feature","properties":{"name":"鎭平","label_type":"village","source_level":"hamlet","min_zoom":13,"wikidata":null},"geometry":{"type":"Point","coordinates":[121.724868,24.767038]}},
{"type":"Feature","properties":{"name":"鎮平","label_type":"village","source_level":"hamlet","min_zoom":13,"wikidata":null},"geometry":{"type":"Point","coordinates":[121.74345,24.763316]}},
{"type":"Feature","properties":{"name":"雙連埤","label_type":"village","source_level":"hamlet","min_zoom":13,"wikidata":null},"geometry":{"type":"Point","coordinates":[121.638844,24.746929]}},
{"type":"Feature","properties":{"name":"雙連埤","label_type":"village","source_level":"hamlet","min_zoom":13,"wikidata":null},"geometry":{"type":"Point","coordinates":[121.633694,24.753885]}},
{"type":"Feature","properties":{"name":"雙溪口","label_type":"village","source_level":"hamlet","min_zoom":13,"wikidata":null},"geometry":{"type":"Point","coordinates":[121.620154,24.755444]}},
{"type":"Feature","properties":{"name":"雙溪口","label_type":"village","source_level":"hamlet","min_zoom":13,"wikidata":null},"geometry":{"type":"Point","coordinates":[121.551447,24.909812]}},
{"type":"Feature","properties":{"name":"鯉魚堀","label_type":"village","source_level":"hamlet","min_zoom":13,"wikidata":null},"geometry":{"type":"Point","coordinates":[121.000264,23.960137]}},
{"type":"Feature","properties":{"name":"嚨口","label_type":"village","source_level":"hamlet","min_zoom":13,"wikidata":null},"geometry":{"type":"Point","coordinates":[118.352344,24.46344]}},
{"type":"Feature","properties":{"name":"瓊子林","label_type":"village","source_level":"village","min_zoom":11,"wikidata":null},"geometry":{"type":"Point","coordinates":[120.326664,22.798892]}},
{"type":"Feature","properties":{"name":"瓊林","label_type":"village","source_level":"hamlet","min_zoom":13,"wikidata":null},"geometry":{"type":"Point","coordinates":[118.373845,24.454689]}},
{"type":"Feature","properties":{"name":"羅罕","label_type":"village","source_level":"hamlet","min_zoom":13,"wikidata":null},"geometry":{"type":"Point","coordinates":[121.78055,24.769162]}},
{"type":"Feature","properties":{"name":"羅莊","label_type":"village","source_level":"hamlet","min_zoom":13,"wikidata":null},"geometry":{"type":"Point","coordinates":[121.777825,24.67346]}},
{"type":"Feature","properties":{"name":"霧罕","label_type":"village","source_level":"hamlet","min_zoom":13,"wikidata":null},"geometry":{"type":"Point","coordinates":[121.812801,24.71789]}},
{"type":"Feature","properties":{"name":"霧社","label_type":"village","source_level":"village","min_zoom":11,"wikidata":"Q17062660"},"geometry":{"type":"Point","coordinates":[121.131992,24.021517]}},
{"type":"Feature","properties":{"name":"籃城","label_type":"village","source_level":"hamlet","min_zoom":13,"wikidata":null},"geometry":{"type":"Point","coordinates":[120.956941,23.981332]}},
{"type":"Feature","properties":{"name":"鐤橄社","label_type":"village","source_level":"hamlet","min_zoom":13,"wikidata":null},"geometry":{"type":"Point","coordinates":[121.800463,24.675234]}},
{"type":"Feature","properties":{"name":"籐寮坑","label_type":"village","source_level":"hamlet","min_zoom":13,"wikidata":null},"geometry":{"type":"Point","coordinates":[121.737206,24.929603]}},
{"type":"Feature","properties":{"name":"鐵板村","label_type":"village","source_level":"village","min_zoom":11,"wikidata":null},"geometry":{"type":"Point","coordinates":[119.925127,26.142302]}},
{"type":"Feature","properties":{"name":"鐵軌尾","label_type":"village","source_level":"hamlet","min_zoom":13,"wikidata":null},"geometry":{"type":"Point","coordinates":[120.947242,24.041506]}},
{"type":"Feature","properties":{"name":"鐵線","label_type":"village","source_level":"hamlet","min_zoom":13,"wikidata":null},"geometry":{"type":"Point","coordinates":[119.599314,23.53393]}},
{"type":"Feature","properties":{"name":"鶯仔瀨","label_type":"village","source_level":"hamlet","min_zoom":13,"wikidata":null},"geometry":{"type":"Point","coordinates":[121.707573,24.915242]}},
{"type":"Feature","properties":{"name":"𩻸魚堀","label_type":"village","source_level":"hamlet","min_zoom":13,"wikidata":null},"geometry":{"type":"Point","coordinates":[121.705084,24.930751]}},
{"type":"Feature","properties":{"name":"鹽土坑","label_type":"village","source_level":"hamlet","min_zoom":13,"wikidata":null},"geometry":{"type":"Point","coordinates":[120.970523,23.914342]}},
{"type":"Feature","properties":{"name":"鹽田","label_type":"village","source_level":"hamlet","min_zoom":13,"wikidata":null},"geometry":{"type":"Point","coordinates":[120.209162,22.833881]}},
{"type":"Feature","properties":{"name":"鹽埔","label_type":"village","source_level":"hamlet","min_zoom":13,"wikidata":null},"geometry":{"type":"Point","coordinates":[120.281668,22.768327]}},
{"type":"Feature","properties":{"name":"鹽埔","label_type":"village","source_level":"hamlet","min_zoom":13,"wikidata":null},"geometry":{"type":"Point","coordinates":[120.281775,22.777923]}},
{"type":"Feature","properties":{"name":"鹽菜甕","label_type":"village","source_level":"hamlet","min_zoom":13,"wikidata":null},"geometry":{"type":"Point","coordinates":[120.950203,23.926229]}},
{"type":"Feature","properties":{"name":"灣子內","label_type":"village","source_level":"hamlet","min_zoom":13,"wikidata":null},"geometry":{"type":"Point","coordinates":[120.283062,22.813609]}},
{"type":"Feature","properties":{"name":"灣仔","label_type":"village","source_level":"hamlet","min_zoom":13,"wikidata":null},"geometry":{"type":"Point","coordinates":[120.33735,22.914346]}},
{"type":"Feature","properties":{"name":"灣底","label_type":"village","source_level":"hamlet","min_zoom":13,"wikidata":null},"geometry":{"type":"Point","coordinates":[121.681695,24.745798]}},
{"type":"Feature","properties":{"name":"灣裡","label_type":"village","source_level":"village","min_zoom":11,"wikidata":null},"geometry":{"type":"Point","coordinates":[120.181675,22.923694]}},
{"type":"Feature","properties":{"name":"灣潭","label_type":"village","source_level":"hamlet","min_zoom":13,"wikidata":null},"geometry":{"type":"Point","coordinates":[121.810548,24.928941]}},
{"type":"Feature","properties":{"name":"灣潭","label_type":"village","source_level":"hamlet","min_zoom":13,"wikidata":null},"geometry":{"type":"Point","coordinates":[121.675558,24.932424]}}
]}
